document,src,alt,width,height,actual_width,actual_height,bytes,missing,srcset,sizes,css
.next/server/app/blog.html,/logo.png,Popcorn ceiling removal EPF Pro Services,,,200,56,16050,False,,,w-auto h-14 md:h-16 object-contain
.next/server/app/blog.html,/blog/why-garage-drywall-tape-peels-featured.webp,Why Is My Garage Drywall Tape Peeling? (2026 Guide),,,1536,1024,51908,False,,,h-full w-full object-cover transition duration-500 group-hover:scale-[1.015]
.next/server/app/blog.html,/blog/retape-or-replace-garage-drywall-featured.webp,Re-Tape or Replace Garage Drywall? (2026 Repair Guide),,,1536,1024,91910,False,,,h-full w-full object-cover transition duration-500 group-hover:scale-[1.015]
.next/server/app/blog.html,/blog/garage-drywall-seams-cracking-featured.webp,Why Garage Drywall Seams Crack (2026 Repair Guide),,,1536,1024,70326,False,,,h-full w-full object-cover transition duration-500 group-hover:scale-[1.015]
.next/server/app/blog.html,/blog/garage-ceiling-drywall-tape-coming-loose-featured.webp,Garage Ceiling Drywall Tape Coming Loose (2026 Guide),,,1536,1024,40312,False,,,h-full w-full object-cover transition duration-500 group-hover:scale-[1.015]
.next/server/app/blog.html,/blog/garage-drywall-finishing-levels-featured.webp,Garage Drywall Finish Levels: A 2026 Homeowner Guide,,,1536,1024,81020,False,,,h-full w-full object-cover transition duration-500 group-hover:scale-[1.015]
.next/server/app/blog.html,/blog/fix-bad-drywall-finishing-garage-featured.webp,Can Rough Garage Drywall Finishing Be Fixed? (2026),,,1536,1024,78846,False,,,h-full w-full object-cover transition duration-500 group-hover:scale-[1.015]
.next/server/app/blog.html,/blog/drywall-repair-vs-skimming-garage-walls-featured.webp,Repair or Skim Coat Garage Walls? (2026 Guide),,,1536,1024,96466,False,,,h-full w-full object-cover transition duration-500 group-hover:scale-[1.015]
.next/server/app/blog.html,/blog/garage-drywall-repair-cost-factors-featured.webp,Garage Drywall Repair Cost Factors (2026 Guide),,,1536,1024,98870,False,,,h-full w-full object-cover transition duration-500 group-hover:scale-[1.015]
.next/server/app/blog.html,/blog/garage-drywall-repair-before-painting-featured.webp,Repair Garage Drywall Before Painting? (2026 Guide),,,1536,1024,75772,False,,,h-full w-full object-cover transition duration-500 group-hover:scale-[1.015]
.next/server/app/blog.html,/blog/garage-drywall-tape-repair-keeps-failing-featured.webp,Why Garage Drywall Tape Repairs Fail Again (2026),,,1536,1024,98184,False,,,h-full w-full object-cover transition duration-500 group-hover:scale-[1.015]
.next/server/app/blog.html,/blog/basement-drywall-taping-mudding-oakville-featured.webp,Basement Drywall Taping and Mudding in Oakville (2026): Choosing the Right Finish,,,1536,1024,84454,False,,,h-full w-full object-cover transition duration-500 group-hover:scale-[1.015]
.next/server/app/blog.html,/blog/basement-drywall-taping-mudding-burlington-featured.webp,Basement Drywall Taping and Mudding in Burlington (2026): Planning Work in an Occupied Home,,,1536,1024,53508,False,,,h-full w-full object-cover transition duration-500 group-hover:scale-[1.015]
.next/server/app/blog.html,/blog/basement-drywall-taping-mudding-hamilton-featured.webp,Basement Drywall Taping and Mudding in Hamilton (2026): Finishing Board Installed by Another Crew,,,1536,1024,63372,False,,,h-full w-full object-cover transition duration-500 group-hover:scale-[1.015]
.next/server/app/blog.html,/blog/basement-drywall-taping-mudding-grimsby-featured.webp,Basement Drywall Taping and Mudding in Grimsby (2026): Finishing Part of the Basement,,,1536,1024,92864,False,,,h-full w-full object-cover transition duration-500 group-hover:scale-[1.015]
.next/server/app/blog.html,/blog/basement-drywall-taping-mudding-toronto-featured.webp,"Basement Drywall Taping and Mudding in Toronto (2026): Compact Rooms, Bulkheads, and Access",,,1536,1024,73956,False,,,h-full w-full object-cover transition duration-500 group-hover:scale-[1.015]
.next/server/app/blog.html,/blog/basement-drywall-taping-mudding-mississauga-featured.webp,Basement Drywall Taping and Mudding in Mississauga (2026): Cost and Finish Guide,,,1536,1024,104954,False,,,h-full w-full object-cover transition duration-500 group-hover:scale-[1.015]
.next/server/app/blog.html,/blog/water-damaged-popcorn-ceiling-repair-featured.jpg,"Water-Damaged Popcorn Ceiling: Repair, Remove or Replace?",,,1536,1024,511826,False,,,h-full w-full object-cover transition duration-500 group-hover:scale-[1.015]
.next/server/app/blog.html,/blog/ceiling-imperfections-after-popcorn-removal-featured.jpg,Ceiling Imperfections After Popcorn Removal: What They Mean and How They’re Fixed,,,1536,1024,296893,False,,,h-full w-full object-cover transition duration-500 group-hover:scale-[1.015]
.next/server/app/blog.html,/blog/popcorn-ceiling-removal-renovation-sequence-featured.jpg,When Should Popcorn Ceiling Removal Happen During a Renovation?,,,1717,916,363009,False,,,h-full w-full object-cover transition duration-500 group-hover:scale-[1.015]
.next/server/app/blog.html,/blog/whole-house-interior-painting-mississauga-planning-guide-featured.jpg,Whole-House Interior Painting in Mississauga: Planning Guide,,,1536,1024,381202,False,,,h-full w-full object-cover transition duration-500 group-hover:scale-[1.015]
.next/server/app/blog.html,/gallery/popcornceilingremoval_4234.jpeg,Oakville Popcorn Ceiling Removal Before and After: From Texture to Level 5,,,565,640,50271,False,,,h-full w-full object-cover transition duration-500 group-hover:scale-[1.015]
.next/server/app/blog.html,/blog/drywall-repair-quote-checklist-featured.png,What Should a Drywall Repair Quote Include? A Homeowner’s Contractor Checklist,,,1536,1024,1962584,False,,,h-full w-full object-cover transition duration-500 group-hover:scale-[1.015]
.next/server/app/blog.html,/blog/drywall-repair-drying-time-featured.png,"Why Drywall Repairs Need Drying Time: From First Coat to Sanding, Primer and Paint",,,1536,1024,2205129,False,,,h-full w-full object-cover transition duration-500 group-hover:scale-[1.015]
.next/server/app/blog.html,/blog/painted-popcorn-ceiling-options-featured.png,"Painted Popcorn Ceiling: Should It Be Scraped, Skim Coated or Covered With Drywall?",,,1536,1024,2936914,False,,,h-full w-full object-cover transition duration-500 group-hover:scale-[1.015]
.next/server/app/blog.html,/blog/stucco-popcorn-stipple-ceiling-oakville-featured.png,Stucco vs Popcorn vs Stipple Ceiling: What Oakville Homeowners Have,,,1758,895,2569597,False,,,h-full w-full object-cover transition duration-500 group-hover:scale-[1.015]
.next/server/app/blog.html,/blog/dustless-popcorn-ceiling-removal-oakville-featured.png,Dustless Popcorn Ceiling Removal in Oakville: What Dust-Controlled Really Means,,,1745,901,2204641,False,,,h-full w-full object-cover transition duration-500 group-hover:scale-[1.015]
.next/server/app/blog.html,/blog/popcorn-ceiling-removal-before-selling-oakville-home-featured.png,Popcorn Ceiling Removal Before Selling a House in Oakville,,,1754,896,2011155,False,,,h-full w-full object-cover transition duration-500 group-hover:scale-[1.015]
.next/server/app/blog.html,/blog/prepare-home-popcorn-ceiling-removal-oakville-featured.png,How to Prepare Your Oakville Home for Popcorn Ceiling Removal,,,1758,895,2110793,False,,,h-full w-full object-cover transition duration-500 group-hover:scale-[1.015]
.next/server/app/blog.html,/blog/painted-popcorn-ceiling-removal-oakville-featured.png,Painted Popcorn Ceiling Removal in Oakville: Why It Costs More,,,1717,916,2553358,False,,,h-full w-full object-cover transition duration-500 group-hover:scale-[1.015]
.next/server/app/blog.html,/blog/popcorn-ceiling-removal-cost-oakville-featured.png,Popcorn Ceiling Removal Cost in Oakville: What Homeowners Should Expect,,,1672,941,2074175,False,,,h-full w-full object-cover transition duration-500 group-hover:scale-[1.015]
.next/server/app/blog.html,/blog/drywall-repair-cost-burlington-featured.png,"Drywall Repair Cost in Burlington: Small Holes, Ceiling Patches and Water Damage",,,1672,941,1965816,False,,,h-full w-full object-cover transition duration-500 group-hover:scale-[1.015]
.next/server/app/blog.html,/blog/drywall-repair-after-plumbing-burlington-featured.png,Drywall Repair After Plumbing Work in Burlington Homes,,,1672,941,1684457,False,,,h-full w-full object-cover transition duration-500 group-hover:scale-[1.015]
.next/server/app/blog.html,/blog/ceiling-water-damage-drywall-repair-hamilton-featured.png,"Ceiling Water Damage Drywall Repair in Hamilton: Leaks, Stains and Cut-Outs",,,1672,941,1888179,False,,,h-full w-full object-cover transition duration-500 group-hover:scale-[1.015]
.next/server/app/blog.html,/blog/drywall-repair-after-electrical-plumbing-hamilton-featured.png,Drywall Repair After Electrical or Plumbing Work in Hamilton,,,1672,941,1849625,False,,,h-full w-full object-cover transition duration-500 group-hover:scale-[1.015]
.next/server/app/blog.html,/blog/drywall-repair-cost-grimsby-featured.png,Drywall Repair Cost in Grimsby: What Homeowners Should Know Before Booking,,,1672,941,1777371,False,,,h-full w-full object-cover transition duration-500 group-hover:scale-[1.015]
.next/server/app/blog.html,/blog/ceiling-drywall-repair-grimsby-water-damage-featured.png,"Ceiling Drywall Repair in Grimsby After Leaks, Cracks and Water Damage",,,1672,941,1941340,False,,,h-full w-full object-cover transition duration-500 group-hover:scale-[1.015]
.next/server/app/blog.html,/blog/drywall-contractor-hamilton-guide-featured.png,"Drywall Contractor Hamilton: Installation, Repair, Taping & Paint-Ready Finishing",,,1672,941,2079114,False,,,h-full w-full object-cover transition duration-500 group-hover:scale-[1.015]
.next/server/app/blog.html,/blog/basement-drywall-contractor-hamilton-featured.png,"Basement Drywall Contractor Hamilton: Board Hanging, Taping & Smooth Finishing",,,1662,946,1840279,False,,,h-full w-full object-cover transition duration-500 group-hover:scale-[1.015]
.next/server/app/blog.html,/blog/drywall-contractor-burlington-guide-featured.png,"Drywall Contractor Burlington: Repair, Installation, Taping & Finishing",,,1672,941,2125545,False,,,h-full w-full object-cover transition duration-500 group-hover:scale-[1.015]
.next/server/app/blog.html,/blog/drywall-repair-or-installation-burlington-featured.png,Drywall Repair or Installation in Burlington: Which Service Do You Need?,,,1672,941,1893155,False,,,h-full w-full object-cover transition duration-500 group-hover:scale-[1.015]
.next/server/app/blog.html,/blog/drywall-contractor-oakville-guide-featured.png,"Drywall Contractor Oakville: Smooth Finish, Repairs, Installation & Taping",,,1672,941,2200904,False,,,h-full w-full object-cover transition duration-500 group-hover:scale-[1.015]
.next/server/app/blog.html,/blog/level-5-drywall-finishing-oakville-featured.png,Level 5 Drywall Finishing Oakville: When Smooth Walls and Ceilings Need Extra Care,,,1686,933,1782644,False,,,h-full w-full object-cover transition duration-500 group-hover:scale-[1.015]
.next/server/app/blog.html,/blog/drywall-contractor-mississauga-guide-featured.png,"Drywall Contractor Mississauga: Installation, Repair, Taping & Level 5 Finishing",,,1689,931,2035881,False,,,h-full w-full object-cover transition duration-500 group-hover:scale-[1.015]
.next/server/app/blog.html,/blog/drywall-contractor-basement-renovation-mississauga-featured.png,"Basement Drywall Contractor Mississauga: Board Installation, Taping and Finishing",,,1672,941,2011624,False,,,h-full w-full object-cover transition duration-500 group-hover:scale-[1.015]
.next/server/app/blog.html,/services/popcorn-ceiling-removal/1.webp,Popcorn ceiling removal in Oakville: A Practical Homeowner Guide,,,428,571,134273,False,,,h-full w-full object-cover transition duration-500 group-hover:scale-[1.015]
.next/server/app/blog.html,/blog/interior-painting-mississauga-prep-finish-featured.png,"Interior Painting in Mississauga: Prep, Finish, and Quote Guide",,,1774,887,2070184,False,,,h-full w-full object-cover transition duration-500 group-hover:scale-[1.015]
.next/server/app/blog.html,/blog/interior-painting-burlington-walls-trim-ceilings-featured.png,"Interior Painting in Burlington: Walls, Trim, Ceilings, and Prep",,,1693,929,2290613,False,,,h-full w-full object-cover transition duration-500 group-hover:scale-[1.015]
.next/server/app/blog.html,/blog/interior-painting-oakville-premium-prep-featured.png,Interior Painting in Oakville: Premium Finish Starts With Prep,,,1774,887,2124140,False,,,h-full w-full object-cover transition duration-500 group-hover:scale-[1.015]
.next/server/app/blog.html,/blog/interior-painting-ancaster-older-home-prep-featured.png,Interior Painting in Ancaster: Older Home Prep and Clean Finishes,,,1659,948,2125733,False,,,h-full w-full object-cover transition duration-500 group-hover:scale-[1.015]
.next/server/app/blog.html,/blog/popcorn-removal-oakville-cost-finish-guide-featured.png,"Popcorn Removal Oakville Cost: What Affects Price, Dust Control & Smooth Finish Quality",,,1672,941,2536889,False,,,h-full w-full object-cover transition duration-500 group-hover:scale-[1.015]
.next/server/app/blog.html,/blog/choosing-drywall-repair-company-burlington-featured.png,How to Choose a Drywall Repair Company in Burlington,,,1536,1024,2022745,False,,,h-full w-full object-cover transition duration-500 group-hover:scale-[1.015]
.next/server/app/blog.html,/blog/oakville-popcorn-ceiling-removal-contractor-guide-featured.png,How to Choose a Popcorn Ceiling Removal Contractor in Oakville,,,1672,941,2181924,False,,,h-full w-full object-cover transition duration-500 group-hover:scale-[1.015]
.next/server/app/blog.html,/blog/baseboard-installation-mississauga-featured.png,"Baseboard Installation in Mississauga: Cost, Materials, and What to Expect",,,1672,941,2232101,False,,,h-full w-full object-cover transition duration-500 group-hover:scale-[1.015]
.next/server/app/blog.html,/blog/popcorn-ceiling-removal-hamilton-local-guide-featured.png,"Popcorn Ceiling Removal Hamilton: Stoney Creek, Mountain, Dundas, Condos and Basements",,,1536,1024,2591250,False,,,h-full w-full object-cover transition duration-500 group-hover:scale-[1.015]
.next/server/app/blog.html,/blog/popcorn-ceiling-removal-dundas-local-guide-featured.png,"Popcorn Ceiling Removal Dundas: Older Homes, Painted Texture, Dust Control and Smooth Finishes",,,1536,1024,2740297,False,,,h-full w-full object-cover transition duration-500 group-hover:scale-[1.015]
.next/server/app/blog.html,/blog/popcorn-ceiling-removal-burlington-local-guide-featured.png,"Popcorn Ceiling Removal Burlington: Condos, Bright Rooms, Painted Texture and Smooth Ceilings",,,1672,941,1685435,False,,,h-full w-full object-cover transition duration-500 group-hover:scale-[1.015]
.next/server/app/blog.html,/blog/drywall-repair-before-painting-oakville-featured.png,Drywall Repair Before Painting in Oakville: What to Fix Before You Repaint,,,1536,1024,2334254,False,,,h-full w-full object-cover transition duration-500 group-hover:scale-[1.015]
.next/server/app/blog.html,/blog/drywall-repair-before-selling-home-oakville-featured.png,"Drywall Repair Before Selling a Home in Oakville: Walls, Ceilings & Move-Out Damage",,,1550,1014,2141851,False,,,h-full w-full object-cover transition duration-500 group-hover:scale-[1.015]
.next/server/app/blog.html,/blog/drywall-tape-repair-oakville-featured.png,"Drywall Tape Repair in Oakville: Bubbling Tape, Open Seams & Cracked Joints",,,1536,1024,2112550,False,,,h-full w-full object-cover transition duration-500 group-hover:scale-[1.015]
.next/server/app/blog.html,/blog/corner-bead-drywall-repair-oakville-featured.png,"Corner Bead Drywall Repair in Oakville: Dented Corners, Cracked Edges & Clean Re-Finishing",,,1536,1024,2112434,False,,,h-full w-full object-cover transition duration-500 group-hover:scale-[1.015]
.next/server/app/blog.html,/blog/drywall-repair-before-painting-burlington-featured.png,Drywall Repair Before Painting in Burlington: What to Fix Before You Repaint,,,1536,1024,2233597,False,,,h-full w-full object-cover transition duration-500 group-hover:scale-[1.015]
.next/server/app/blog.html,/blog/drywall-repair-before-selling-home-burlington-featured.png,"Drywall Repair Before Selling a Home in Burlington: Walls, Ceilings & Move-Out Damage",,,1536,1024,2168343,False,,,h-full w-full object-cover transition duration-500 group-hover:scale-[1.015]
.next/server/app/blog.html,/blog/drywall-tape-repair-burlington-featured.png,"Drywall Tape Repair in Burlington: Bubbling Tape, Open Seams & Cracked Joints",,,1536,1024,2235866,False,,,h-full w-full object-cover transition duration-500 group-hover:scale-[1.015]
.next/server/app/blog.html,/blog/corner-bead-drywall-repair-burlington-featured.png,"Corner Bead Drywall Repair in Burlington: Dented Corners, Cracked Edges & Clean Re-Finishing",,,1536,1024,2023791,False,,,h-full w-full object-cover transition duration-500 group-hover:scale-[1.015]
.next/server/app/blog.html,/blog/drywall-repair-before-painting-ancaster-featured.png,Drywall Repair Before Painting in Ancaster: What to Fix Before You Repaint,,,1536,1024,2063402,False,,,h-full w-full object-cover transition duration-500 group-hover:scale-[1.015]
.next/server/app/blog.html,/blog/drywall-repair-before-selling-home-ancaster-featured.png,"Drywall Repair Before Selling a Home in Ancaster: Walls, Ceilings & Move-Out Damage",,,1536,1024,2008685,False,,,h-full w-full object-cover transition duration-500 group-hover:scale-[1.015]
.next/server/app/blog.html,/blog/drywall-tape-repair-ancaster-featured.png,"Drywall Tape Repair in Ancaster: Bubbling Tape, Open Seams & Cracked Joints",,,1536,1024,2327062,False,,,h-full w-full object-cover transition duration-500 group-hover:scale-[1.015]
.next/server/app/blog.html,/blog/corner-bead-drywall-repair-ancaster-featured.png,"Corner Bead Drywall Repair in Ancaster: Dented Corners, Cracked Edges & Clean Re-Finishing",,,1536,1024,2269789,False,,,h-full w-full object-cover transition duration-500 group-hover:scale-[1.015]
.next/server/app/blog.html,/blog/drywall-repair-before-painting-grimsby-featured.png,Drywall Repair Before Painting in Grimsby: What to Fix Before You Repaint,,,1536,1024,2248345,False,,,h-full w-full object-cover transition duration-500 group-hover:scale-[1.015]
.next/server/app/blog.html,/blog/drywall-repair-before-selling-home-grimsby-featured.png,"Drywall Repair Before Selling a Home in Grimsby: Walls, Ceilings & Move-Out Damage",,,1536,1024,2014050,False,,,h-full w-full object-cover transition duration-500 group-hover:scale-[1.015]
.next/server/app/blog.html,/blog/drywall-tape-repair-grimsby-featured.png,"Drywall Tape Repair in Grimsby: Bubbling Tape, Open Seams & Cracked Joints",,,1536,1024,2303044,False,,,h-full w-full object-cover transition duration-500 group-hover:scale-[1.015]
.next/server/app/blog.html,/blog/corner-bead-drywall-repair-grimsby-featured.png,"Corner Bead Drywall Repair in Grimsby: Dented Corners, Cracked Edges & Clean Re-Finishing",,,1536,1024,2252014,False,,,h-full w-full object-cover transition duration-500 group-hover:scale-[1.015]
.next/server/app/blog.html,/blog/drywall-repair-burlington-intent.png,"Ceiling Drywall Repair in Burlington: Leaks, Plumbing Cutouts and Cracks",,,1672,941,1779884,False,,,h-full w-full object-cover transition duration-500 group-hover:scale-[1.015]
.next/server/app/blog.html,/blog/drywall-repair-after-electrical-plumbing-mississauga.png,Drywall Repair After Plumbing or Electrical Work,,,1672,941,1805745,False,,,h-full w-full object-cover transition duration-500 group-hover:scale-[1.015]
.next/server/app/blog.html,/gallery/drywall-repair/drywall-repair-service00005.webp,"Basement Drywall Repair in Hamilton: Moisture, Plumbing Holes and Ceiling Patches",,,148,320,25001,False,,,h-full w-full object-cover transition duration-500 group-hover:scale-[1.015]
.next/server/app/blog.html,/blog/drywall-repair-burlington-intent.png,"Basement Drywall Repair in Burlington: Leaks, Cutouts and Ceiling Patches",,,1672,941,1779884,False,,,h-full w-full object-cover transition duration-500 group-hover:scale-[1.015]
.next/server/app/blog.html,/gallery/drywall-repair/drywall-repair-service00005.webp,"Basement Drywall Repair in Milton: New Builds, Leaks and Ceiling Patches",,,148,320,25001,False,,,h-full w-full object-cover transition duration-500 group-hover:scale-[1.015]
.next/server/app/blog.html,/blog/drywall-crack-repair-mississauga.png,Ceiling Crack Repair: Why Drywall Cracks Come Back After Painting,,,1672,941,1850798,False,,,h-full w-full object-cover transition duration-500 group-hover:scale-[1.015]
.next/server/app/blog.html,/services/popcorn-ceiling-removal/3.webp,"Popcorn Ceiling Removal Cost in the GTA: 2026 Price Guide for Toronto, Mississauga, Oakville, Burlington & Hamilton",,,380,507,71046,False,,,h-full w-full object-cover transition duration-500 group-hover:scale-[1.015]
.next/server/app/blog.html,/blog/popcorn-ceiling-removal-mistakes-damaged-ceiling.png,7 Popcorn Ceiling Removal Mistakes That Make the Final Ceiling Look Worse,,,1536,1024,2952106,False,,,h-full w-full object-cover transition duration-500 group-hover:scale-[1.015]
.next/server/app/blog.html,/blog/drywall-repair-mistakes-show-through-paint.png,Drywall Repair Mistakes That Show Through Paint,,,1536,1024,2242304,False,,,h-full w-full object-cover transition duration-500 group-hover:scale-[1.015]
.next/server/app/blog.html,/blog/popcorn-ceiling-removal-rental-tools-prep.png,Before You Rent Popcorn Ceiling Removal Tools: What to Know First,,,1536,1024,2358048,False,,,h-full w-full object-cover transition duration-500 group-hover:scale-[1.015]
.next/server/app/blog.html,/blog/scraping-alone-not-smooth-ceiling.png,Why Scraping Alone Does Not Create a Smooth Ceiling,,,1536,1024,2367001,False,,,h-full w-full object-cover transition duration-500 group-hover:scale-[1.015]
.next/server/app/blog.html,/blog/popcorn-ceiling-removal-timeline-small-bedroom-prep.png,"How Long Does Popcorn Ceiling Removal Take? Real Timeline by Room Size, Paint, Repairs & Finish Level",,,1536,1024,2672212,False,,,h-full w-full object-cover transition duration-500 group-hover:scale-[1.015]
.next/server/app/blog.html,/blog/painted-popcorn-ceiling-before-removal.png,Can Painted Popcorn Ceilings Be Removed? Why It Costs More and What Homeowners Should Expect,,,1536,1024,2943011,False,,,h-full w-full object-cover transition duration-500 group-hover:scale-[1.015]
.next/server/app/blog.html,/blog/grimsby-popcorn-ceiling-painted-featured.png,Painted vs Unpainted Popcorn Ceiling Removal in Grimsby,,,1672,941,2594184,False,,,h-full w-full object-cover transition duration-500 group-hover:scale-[1.015]
.next/server/app/blog.html,/blog/grimsby-popcorn-ceiling-condo-featured.png,Condo Popcorn Ceiling Removal in Grimsby,,,1672,941,2484493,False,,,h-full w-full object-cover transition duration-500 group-hover:scale-[1.015]
.next/server/app/blog.html,/blog/grimsby-popcorn-ceiling-pot-lights-featured.png,Popcorn Ceiling Removal With Pot Lights in Grimsby,,,1672,941,2307691,False,,,h-full w-full object-cover transition duration-500 group-hover:scale-[1.015]
.next/server/app/blog.html,/blog/grimsby-popcorn-ceiling-asbestos-featured.png,Asbestos and Popcorn Ceilings in Grimsby: What to Check Before Removal,,,1672,941,2172764,False,,,h-full w-full object-cover transition duration-500 group-hover:scale-[1.015]
.next/server/app/blog.html,/blog/grimsby-popcorn-ceiling-skim-featured.png,Why Skim Coating Matters After Popcorn Ceiling Removal in Grimsby,,,1672,941,2070911,False,,,h-full w-full object-cover transition duration-500 group-hover:scale-[1.015]
.next/server/app/blog.html,/blog/ancaster-popcorn-ceiling-painted-featured.png,Painted vs Unpainted Popcorn Ceiling Removal in Ancaster,,,1672,941,2395626,False,,,h-full w-full object-cover transition duration-500 group-hover:scale-[1.015]
.next/server/app/blog.html,/blog/ancaster-popcorn-ceiling-condo-featured.png,Condo Popcorn Ceiling Removal in Ancaster,,,1672,941,2443211,False,,,h-full w-full object-cover transition duration-500 group-hover:scale-[1.015]
.next/server/app/blog.html,/blog/ancaster-popcorn-ceiling-pot-lights-featured.png,Popcorn Ceiling Removal With Pot Lights in Ancaster,,,1672,941,2270972,False,,,h-full w-full object-cover transition duration-500 group-hover:scale-[1.015]
.next/server/app/blog.html,/blog/ancaster-popcorn-ceiling-asbestos-featured.png,Asbestos and Popcorn Ceilings in Ancaster: What to Check Before Removal,,,1672,941,2030854,False,,,h-full w-full object-cover transition duration-500 group-hover:scale-[1.015]
.next/server/app/blog.html,/blog/ancaster-popcorn-ceiling-skim-featured.png,Why Skim Coating Matters After Popcorn Ceiling Removal in Ancaster,,,1672,941,1971614,False,,,h-full w-full object-cover transition duration-500 group-hover:scale-[1.015]
.next/server/app/blog.html,/blog/burlington-popcorn-ceiling-painted-featured.png,Painted vs Unpainted Popcorn Ceiling Removal in Burlington,,,1672,941,2397071,False,,,h-full w-full object-cover transition duration-500 group-hover:scale-[1.015]
.next/server/app/blog.html,/blog/burlington-popcorn-ceiling-condo-featured.png,Condo Popcorn Ceiling Removal in Burlington,,,1672,941,2644547,False,,,h-full w-full object-cover transition duration-500 group-hover:scale-[1.015]
.next/server/app/blog.html,/blog/burlington-popcorn-ceiling-pot-lights-featured.png,Popcorn Ceiling Removal With Pot Lights in Burlington,,,1672,941,2128559,False,,,h-full w-full object-cover transition duration-500 group-hover:scale-[1.015]
.next/server/app/blog.html,/blog/burlington-popcorn-ceiling-asbestos-featured.png,Asbestos and Popcorn Ceilings in Burlington: What to Check Before Removal,,,1672,941,2614185,False,,,h-full w-full object-cover transition duration-500 group-hover:scale-[1.015]
.next/server/app/blog.html,/blog/burlington-popcorn-ceiling-skim-featured.png,Why Skim Coating Matters After Popcorn Ceiling Removal in Burlington,,,1672,941,2074857,False,,,h-full w-full object-cover transition duration-500 group-hover:scale-[1.015]
.next/server/app/blog.html,/blog/oakville-popcorn-ceiling-painted-featured.png,Painted vs Unpainted Popcorn Ceiling Removal in Oakville,,,1672,941,2776864,False,,,h-full w-full object-cover transition duration-500 group-hover:scale-[1.015]
.next/server/app/blog.html,/blog/oakville-popcorn-ceiling-condo-featured.png,Condo Popcorn Ceiling Removal in Oakville,,,1672,941,2341124,False,,,h-full w-full object-cover transition duration-500 group-hover:scale-[1.015]
.next/server/app/blog.html,/blog/oakville-popcorn-ceiling-pot-lights-featured.png,Popcorn Ceiling Removal With Pot Lights in Oakville,,,1672,941,2571438,False,,,h-full w-full object-cover transition duration-500 group-hover:scale-[1.015]
.next/server/app/blog.html,/blog/oakville-popcorn-ceiling-asbestos-featured.png,Asbestos and Popcorn Ceilings in Oakville: What to Check Before Removal,,,1672,941,2319643,False,,,h-full w-full object-cover transition duration-500 group-hover:scale-[1.015]
.next/server/app/blog.html,/blog/oakville-popcorn-ceiling-skim-featured.png,Why Skim Coating Matters After Popcorn Ceiling Removal in Oakville,,,1672,941,2211832,False,,,h-full w-full object-cover transition duration-500 group-hover:scale-[1.015]
.next/server/app/blog.html,/blog/painted-vs-unpainted-popcorn-ceiling-removal-mississauga-featured.png,Painted vs Unpainted Popcorn Ceiling Removal in Mississauga,,,1672,941,2812406,False,,,h-full w-full object-cover transition duration-500 group-hover:scale-[1.015]
.next/server/app/blog.html,/blog/condo-popcorn-ceiling-removal-mississauga-featured.png,"Condo Popcorn Ceiling Removal in Mississauga: Square One, City Centre & Port Credit",,,1672,941,2077081,False,,,h-full w-full object-cover transition duration-500 group-hover:scale-[1.015]
.next/server/app/blog.html,/blog/popcorn-ceiling-removal-with-pot-lights-mississauga-featured.png,Popcorn Ceiling Removal With Pot Lights in Mississauga,,,1672,941,1817340,False,,,h-full w-full object-cover transition duration-500 group-hover:scale-[1.015]
.next/server/app/blog.html,/blog/asbestos-popcorn-ceiling-testing-mississauga-featured.png,Asbestos and Popcorn Ceilings in Mississauga: What to Check Before Removal,,,1672,941,2021561,False,,,h-full w-full object-cover transition duration-500 group-hover:scale-[1.015]
.next/server/app/blog.html,/blog/skim-coating-after-popcorn-ceiling-removal-mississauga-featured.png,Why Skim Coating Matters After Popcorn Ceiling Removal in Mississauga,,,1672,941,2529238,False,,,h-full w-full object-cover transition duration-500 group-hover:scale-[1.015]
.next/server/app/blog.html,/blog/why-drywall-patches-show-through-paint-featured.png,Why Drywall Patches Show Through Paint,,,1672,941,1800528,False,,,h-full w-full object-cover transition duration-500 group-hover:scale-[1.015]
.next/server/app/blog.html,/blog/popcorn-ceiling-removal-quote-checklist.png,"Popcorn Ceiling Removal Quote Checklist: Photos, Access, Repairs, and Finish Scope",,,1672,941,2347713,False,,,h-full w-full object-cover transition duration-500 group-hover:scale-[1.015]
.next/server/app/blog.html,/blog/hepa-sanding-containment-smooth-ceiling.png,How HEPA Sanding and Containment Keep Smooth Ceiling Projects Cleaner,,,1672,941,1925997,False,,,h-full w-full object-cover transition duration-500 group-hover:scale-[1.015]
.next/server/app/blog.html,/blog/ceiling-leak-repair-smooth-finish.png,Ceiling Leak Repairs Before Smooth Ceiling Finishing,,,1672,941,2146692,False,,,h-full w-full object-cover transition duration-500 group-hover:scale-[1.015]
.next/server/app/blog.html,/blog/drywall-repair-cost-mississauga.png,Drywall Repair Cost in Mississauga: What Homeowners Should Know,,,1672,941,1912414,False,,,h-full w-full object-cover transition duration-500 group-hover:scale-[1.015]
.next/server/app/blog.html,/blog/ceiling-drywall-repair-mississauga.png,"Ceiling Drywall Repair in Mississauga After Leaks, Stains & Water Damage",,,1672,941,2031319,False,,,h-full w-full object-cover transition duration-500 group-hover:scale-[1.015]
.next/server/app/blog.html,/blog/drywall-patch-repair-mississauga.png,"Drywall Patch Repair in Mississauga: Holes, Dents, Nail Pops & Trade Cut-Outs",,,1672,941,1825011,False,,,h-full w-full object-cover transition duration-500 group-hover:scale-[1.015]
.next/server/app/blog.html,/blog/water-damaged-drywall-repair-mississauga.png,Water Damaged Drywall Repair in Mississauga: What Happens After a Leak,,,1672,941,1818425,False,,,h-full w-full object-cover transition duration-500 group-hover:scale-[1.015]
.next/server/app/blog.html,/blog/condo-drywall-repair-mississauga.png,"Condo Drywall Repair in Mississauga: Square One, Port Credit, Erin Mills & High-Rise Repairs",,,1672,941,2017673,False,,,h-full w-full object-cover transition duration-500 group-hover:scale-[1.015]
.next/server/app/blog.html,/blog/drywall-crack-repair-mississauga.png,Drywall Crack Repair in Mississauga Homes and Condos,,,1672,941,1850798,False,,,h-full w-full object-cover transition duration-500 group-hover:scale-[1.015]
.next/server/app/blog.html,/blog/dustless-drywall-repair-mississauga.png,Dustless Drywall Repair in Mississauga: Clean Wall & Ceiling Repairs With Proper Protection,,,1672,941,1871002,False,,,h-full w-full object-cover transition duration-500 group-hover:scale-[1.015]
.next/server/app/blog.html,/blog/drywall-repair-after-electrical-plumbing-mississauga.png,Drywall Repair After Electrical or Plumbing Work in Mississauga,,,1672,941,1805745,False,,,h-full w-full object-cover transition duration-500 group-hover:scale-[1.015]
.next/server/app/blog.html,/blog/drywall-repair-mississauga-intent.png,"Drywall Repair in Mississauga Homes: Holes, Cracks, Leaks, and Trade Cut-Outs",,,1672,941,1740484,False,,,h-full w-full object-cover transition duration-500 group-hover:scale-[1.015]
.next/server/app/blog.html,/blog/drywall-repair-oakville-intent.png,"Drywall Repair in Oakville Homes: Smooth Walls, Tall Ceilings, and Premium Finishes",,,1672,941,1936960,False,,,h-full w-full object-cover transition duration-500 group-hover:scale-[1.015]
.next/server/app/blog.html,/blog/drywall-repair-burlington-intent.png,"Drywall Repair in Burlington Homes: Ceiling Damage, Basements, Cracks, and Cut-Outs",,,1672,941,1779884,False,,,h-full w-full object-cover transition duration-500 group-hover:scale-[1.015]
.next/server/app/blog.html,/blog/hamilton-popcorn-ceiling-removal.PNG,Painted vs Unpainted Popcorn Ceiling Removal in Hamilton: What Changes?,,,1024,1536,3134113,False,,,h-full w-full object-cover transition duration-500 group-hover:scale-[1.015]
.next/server/app/blog.html,/blog/popcrorn-removal-smooth.png,Why Popcorn Ceiling Removal Needs Skim Coating in Hamilton,,,666,1364,1669369,False,,,h-full w-full object-cover transition duration-500 group-hover:scale-[1.015]
.next/server/app/blog.html,/blog/popcorn-ceiling-removal-time.png,How Long Does Popcorn Ceiling Removal Take in Hamilton?,,,666,1364,1681806,False,,,h-full w-full object-cover transition duration-500 group-hover:scale-[1.015]
.next/server/app/blog.html,/blog/hamilton-popcorn-ceiling-removal.PNG,Popcorn Ceiling Removal in Older Hamilton Homes: What to Check First,,,1024,1536,3134113,False,,,h-full w-full object-cover transition duration-500 group-hover:scale-[1.015]
.next/server/app/blog.html,/blog/drywall-repair-patching-services.png,"Drywall Repair vs Replacement: When to Patch, Cut Out or Refinish",,,400,267,219524,False,,,h-full w-full object-cover transition duration-500 group-hover:scale-[1.015]
.next/server/app/blog.html,/blog/popcorn-ceiling-removal-tools.png,Before You Rent Popcorn Ceiling Removal Tools: What Homeowners Should Know,,,666,1364,1516542,False,,,h-full w-full object-contain p-3 transition duration-500 group-hover:scale-[1.015]
.next/server/app/blog.html,/blog/popcorn-ceiling-removal-time.png,How Long Does Popcorn Ceiling Removal Take? A Real Timeline for Homeowners,,,666,1364,1681806,False,,,h-full w-full object-contain p-3 transition duration-500 group-hover:scale-[1.015]
.next/server/app/blog.html,/blog/popcrorn-removal-smooth.png,"What Happens After Popcorn Ceiling Removal? Repairs, Smoothing, and Paint Prep",,,666,1364,1669369,False,,,h-full w-full object-contain p-3 transition duration-500 group-hover:scale-[1.015]
.next/server/app/blog.html,/gallery/PopcornCeilingRemoval/popcorn-ceiling-removal1.jpg,How to Prepare Your Home for Popcorn Ceiling Removal in Mississauga,,,500,667,116399,False,,,h-full w-full object-cover transition duration-500 group-hover:scale-[1.015]
.next/server/app/blog.html,/blog/POPCORN-CEILINGREMOVAL-OAKVILLE.png,How to Prepare Your Home for Popcorn Ceiling Removal in Oakville,,,1366,908,2223321,False,,,h-full w-full object-cover transition duration-500 group-hover:scale-[1.015]
.next/server/app/blog.html,/blog/POPCORN-CEILING-REMOVAL-BURLINGTON.png,How to Prepare Your Home for Popcorn Ceiling Removal in Burlington,,,1366,908,2130774,False,,,h-full w-full object-cover transition duration-500 group-hover:scale-[1.015]
.next/server/app/blog.html,/blog/popcorn-ceiling-removal-tools.png,How to Prepare Your Home for Popcorn Ceiling Removal in Hamilton,,,666,1364,1516542,False,,,h-full w-full object-cover transition duration-500 group-hover:scale-[1.015]
.next/server/app/blog.html,/blog/image.png,How to Prepare Your Home for Popcorn Ceiling Removal in Dundas,,,1366,908,2097865,False,,,h-full w-full object-cover transition duration-500 group-hover:scale-[1.015]
.next/server/app/blog.html,/blog/POPCORN-CEILING-REMOVAL-PREP.png,How to Prepare Your Home for Popcorn Ceiling Removal in Grimsby,,,1366,908,2111981,False,,,h-full w-full object-cover transition duration-500 group-hover:scale-[1.015]
.next/server/app/blog.html,/blog/POPCORN-CEILING-REMOVAL-PREP.png,How to Prepare Your Home for Popcorn Ceiling Removal,,,1366,908,2111981,False,,,h-full w-full object-cover transition duration-500 group-hover:scale-[1.015]
.next/server/app/blog.html,/blog/drywall-installation00002.PNG,Drywall Installation Mistakes That Cause Uneven Walls Later | Mississauga,,,1536,1024,2388265,False,,,h-full w-full object-cover transition duration-500 group-hover:scale-[1.015]
.next/server/app/blog.html,/blog/drywall-repair00003.PNG,Why Drywall Cracks and Paint Bubbles Through the Year in Mississauga Homes,,,640,427,539755,False,,,h-full w-full object-cover transition duration-500 group-hover:scale-[1.015]
.next/server/app/blog.html,/blog/drywall-repair00002.PNG,Why Walls and Ceilings Start Cracking or Bubbling in Oakville Homes,,,640,427,537886,False,,,h-full w-full object-cover transition duration-500 group-hover:scale-[1.015]
.next/server/app/blog.html,/blog/drywall-repair00004.PNG,Why Drywall Problems Get Worse With the Seasons in Burlington Homes,,,640,427,533042,False,,,h-full w-full object-cover transition duration-500 group-hover:scale-[1.015]
.next/server/app/blog.html,/blog/drywall-repair00001.PNG,Why Drywall Cracks and Moisture Problems Keep Coming Back in Hamilton Homes,,,640,427,536490,False,,,h-full w-full object-cover transition duration-500 group-hover:scale-[1.015]
.next/server/app/blog.html,/blog/remove-popcorn-ceilings.PNG,Why DIY Stucco Ceiling Removal Goes Wrong: 7 Problems Homeowners Run Into,,,427,640,587648,False,,,h-full w-full object-cover transition duration-500 group-hover:scale-[1.015]
.next/server/app/blog.html,/blog/ drywall-repair-mistakes.PNG,7 Drywall Repair Mistakes Homeowners Make Before Calling a Pro,,,640,640,843440,False,,,h-full w-full object-cover transition duration-500 group-hover:scale-[1.015]
.next/server/app/blog.html,/blog/drywall-repar-Mississauga.PNG,Drywall Repair in Mississauga: What Homeowners Should Fix Before Painting,,,1024,1024,2020484,False,,,h-full w-full object-cover transition duration-500 group-hover:scale-[1.015]
.next/server/app/blog.html,/blog/drywall-repiar-wall.PNG,Drywall Repair After Electrical or Plumbing Work: What Homeowners Should Expect,,,320,320,211964,False,,,h-full w-full object-cover transition duration-500 group-hover:scale-[1.015]
.next/server/app/blog.html,/blog/hamilton-popcorn-ceiling-removal.PNG,Cost to Remove Popcorn Ceiling in Hamilton: What Actually Changes the Price,,,1024,1536,3134113,False,,,h-full w-full object-cover transition duration-500 group-hover:scale-[1.015]
.next/server/app/blog.html,/blog/remove-popcorn-ceilings.PNG,"Should You Remove Popcorn Ceilings? Cost, Mess, Safety, and What to Expect",,,427,640,587648,False,,,h-full w-full object-cover transition duration-500 group-hover:scale-[1.015]
.next/server/app/blog.html,/blog/drywall-repair-patching-services.png,What Wall Damage Turns Buyers Off Before You Sell Your Home?,,,400,267,219524,False,,,h-full w-full object-cover transition duration-500 group-hover:scale-[1.015]
.next/server/app/blog.html,/blog/drywall-contractor-near-me.PNG,Drywall Contractors Near Me: What Homeowners Should Check Before Hiring,,,640,427,514916,False,,,h-full w-full object-cover transition duration-500 group-hover:scale-[1.015]
.next/server/app/blog.html,/blog/drywall-repair-mistakes.png,Mistakes to Avoid When Patching Drywall,,,640,427,479993,False,,,h-full w-full object-cover transition duration-500 group-hover:scale-[1.015]
.next/server/app/blog.html,/blog/water-damaged-drywall.PNG,"Repairing Water-Damaged Drywall: Signs, Steps, and When to Replace It",,,427,640,533376,False,,,h-full w-full object-cover transition duration-500 group-hover:scale-[1.015]
.next/server/app/blog.html,/blog/popcorn-ceiling-removal-contractor-mississauga.PNG,How to Choose the Right Popcorn Ceiling Removal Contractor in Mississauga,,,640,427,554584,False,,,h-full w-full object-cover transition duration-500 group-hover:scale-[1.015]
.next/server/app/blog.html,/blog/why-remove-stucco-ceiling-benefits.svg,Benefits of Removing Popcorn Ceilings and Replacing Them With a Smooth Finish,,,1200,720,4430,False,,,h-full w-full object-cover transition duration-500 group-hover:scale-[1.015]
.next/server/app/blog.html,/blog/what-is-popcorn-ceiling.PNG,"What Are Popcorn Ceilings? Pros, Cons, and When to Remove Them",,,640,427,619976,False,,,h-full w-full object-cover transition duration-500 group-hover:scale-[1.015]
.next/server/app/blog.html,/blog/drywall-repair-mistakes.png,How to Patch Drywall: Best Repair Methods for Small and Large Holes,,,640,427,479993,False,,,h-full w-full object-cover transition duration-500 group-hover:scale-[1.015]
.next/server/app/blog.html,/blog/popcorn-ceiling-removal-cost-toronto-canada-factors.svg,"What Affects Popcorn Ceiling Removal Cost in Toronto, Canada?",,,1200,630,4678,False,,,h-full w-full object-cover transition duration-500 group-hover:scale-[1.015]
.next/server/app/blog.html,/blog/remove-popcorn-ceilings.PNG,Why Remove a Stucco Ceiling? 7 Benefits of Smooth Ceilings,,,427,640,587648,False,,,h-full w-full object-cover transition duration-500 group-hover:scale-[1.015]
.next/server/app/blog.html,/gallery/popcorn-ceiling-removal.jpeg,Popcorn Ceiling Removal Cost Mississauga: What You Should Actually Expect in the Quote,,,480,640,75580,False,,,h-full w-full object-cover transition duration-500 group-hover:scale-[1.015]
.next/server/app/blog.html,/gallery/popcorn-ceiling-removal.jpeg,Popcorn Ceiling Removal Cost,,,480,640,75580,False,,,h-full w-full object-cover transition duration-500 group-hover:scale-[1.015]
.next/server/app/blog.html,/gallery/popcorn-ceiling-removal.jpeg,Popcorn Ceiling Removal Cost in Burlington (2026 Price Guide),,,480,640,75580,False,,,h-full w-full object-cover transition duration-500 group-hover:scale-[1.015]
.next/server/app/blog.html,/gallery/drywall-installation/drywall-installation-hero.webp,"Renovation Triggers: Drywall Installation After Drop Ceilings, Open Walls, and New Lighting",,,1529,900,454423,False,,,h-full w-full object-cover transition duration-500 group-hover:scale-[1.015]
.next/server/app/blog.html,/gallery/popcorn-ceiling-removal4.jpeg,"Painted Popcorn, Stains, and Problem Ceilings: What Homeowners Should Expect",,,565,640,143388,False,,,h-full w-full object-cover transition duration-500 group-hover:scale-[1.015]
.next/server/app/blog.html,/gallery/drywall-repair/drywall-repair.webp,Drywall Repair: Complete DIY & Professional Guide for 2026,,,1529,900,454423,False,,,h-full w-full object-cover transition duration-500 group-hover:scale-[1.015]
.next/server/app/blog.html,/blog/POPCORN-CEILING-REMOVAL-PREP.png,The Complete Guide to Popcorn Ceiling Removal in 2026,,,1366,908,2111981,False,,,h-full w-full object-cover transition duration-500 group-hover:scale-[1.015]
.next/server/app/videos.html,/logo.png,Popcorn ceiling removal EPF Pro Services,,,200,56,16050,False,,,w-auto h-14 md:h-16 object-contain
.next/server/app/videos.html,https://i.ytimg.com/vi/g8Zl0XlbxBo/hqdefault.jpg,Ceiling Prep & Containment,,,,,,False,,,w-full h-40 object-cover
.next/server/app/videos.html,https://i.ytimg.com/vi/73P8rMOy9pc/hqdefault.jpg,Skim Coat & Sanding,,,,,,False,,,w-full h-40 object-cover
.next/server/app/videos.html,https://i.ytimg.com/vi/nSnbyGVqbMQ/hqdefault.jpg,Finished Level 5 Ceilings,,,,,,False,,,w-full h-40 object-cover
.next/server/app/index.html,/logo.png,Popcorn ceiling removal EPF Pro Services,,,200,56,16050,False,,,w-auto h-14 md:h-16 object-contain
.next/server/app/index.html,/home/1.webp,Popcorn ceiling removal in a Toronto condo bedroom,,,1024,1024,1894057,False,,,h-full w-full cursor-pointer object-cover transition duration-200 ease-out hover:brightness-110 hover:contrast-110
.next/server/app/index.html,/home/2.webp,Smooth ceiling after removal in Mississauga family room,,,1080,1440,740381,False,,,h-full w-full cursor-pointer object-cover transition duration-200 ease-out hover:brightness-110 hover:contrast-110
.next/server/app/index.html,/gallery/drywall-installation/drywall-installation-hero.webp,Drywall installation crew hanging and finishing new board in Mississauga,,,1529,900,454423,False,,,h-full w-full cursor-pointer object-cover transition duration-200 ease-out hover:brightness-110 hover:contrast-110
.next/server/app/index.html,/home/4.webp,Burlington Popcorn ceiling removal ceiling Level 5 finish,,,800,533,643939,False,,,h-full w-full cursor-pointer object-cover transition duration-200 ease-out hover:brightness-110 hover:contrast-110
.next/server/app/index.html,/gallery/drywall-repair/drywall-repair-service00004.webp,Drywall repair and skim coat finishing in Oakville kitchen renovation,,,240,320,35083,False,,,h-full w-full cursor-pointer object-cover transition duration-200 ease-out hover:brightness-110 hover:contrast-110
.next/server/app/index.html,/home/6.webp,Freshly painted living room after wallpaper removal,,,600,800,155642,False,,,h-full w-full cursor-pointer object-cover transition duration-200 ease-out hover:brightness-110 hover:contrast-110
.next/server/app/index.html,/gallery/drywall-repair/drywall-repair-service00002.webp,Hamilton ceiling water damage drywall repair with seamless finish,,,320,320,32773,False,,,h-full w-full cursor-pointer object-cover transition duration-200 ease-out hover:brightness-110 hover:contrast-110
.next/server/app/index.html,/gallery/drywall-repair/drywall-repair-service00001.webp,Drywall installation and finishing in Burlington addition,,,320,320,40781,False,,,h-full w-full cursor-pointer object-cover transition duration-200 ease-out hover:brightness-110 hover:contrast-110
.next/server/app/our-work.html,/logo.png,Popcorn ceiling removal EPF Pro Services,,,200,56,16050,False,,,w-auto h-14 md:h-16 object-contain
.next/server/app/our-work.html,/gallery/popcorn-ceiling-removal4.jpeg,Popcorn ceiling removal / popcorn removal — Mississauga (Mineola) — Level 5 smooth finish,,,565,640,143388,False,,,h-full w-full cursor-pointer object-cover transition duration-200 ease-out hover:brightness-110 hover:contrast-110
.next/server/app/our-work.html,/gallery/popcorn-ceiling-removal.jpeg,Popcorn removal / ceiling smoothing — Mississauga (Port Credit) — Level 5 finish,,,480,640,75580,False,,,h-full w-full cursor-pointer object-cover transition duration-200 ease-out hover:brightness-110 hover:contrast-110
.next/server/app/our-work.html,/gallery/popcorn-ceiling-removal1.jpeg,Popcorn ceiling removal — Mississauga (Lorne Park) — painted popcorn specialist,,,533,640,151997,False,,,h-full w-full cursor-pointer object-cover transition duration-200 ease-out hover:brightness-110 hover:contrast-110
.next/server/app/our-work.html,/gallery/popcornceilingremoval_4238.jpeg,Popcorn ceiling removal — Oakville (Clearview) — Level 5 skim & paint,,,640,640,46493,False,,,h-full w-full cursor-pointer object-cover transition duration-200 ease-out hover:brightness-110 hover:contrast-110
.next/server/app/our-work.html,/gallery/popcornceilingremoval_4232.jpeg,"Popcorn removal — Oakville (Glen Abbey) — smooth, bright ceiling",,,480,640,68027,False,,,h-full w-full cursor-pointer object-cover transition duration-200 ease-out hover:brightness-110 hover:contrast-110
.next/server/app/our-work.html,/gallery/popcornceilingremoval_4234.jpeg,Popcorn ceiling removal — Oakville (River Oaks) — Level 5 smoothing,,,565,640,50271,False,,,h-full w-full cursor-pointer object-cover transition duration-200 ease-out hover:brightness-110 hover:contrast-110
.next/server/app/our-work.html,/gallery/popcornceilingremoval_4235.jpeg,Popcorn ceiling removal — Burlington (Roseland) — Level 5 finish,,,480,640,55380,False,,,h-full w-full cursor-pointer object-cover transition duration-200 ease-out hover:brightness-110 hover:contrast-110
.next/server/app/our-work.html,/gallery/popcornceilingremova3.jpeg,Popcorn removal — Burlington (Millcroft) — high-ceiling expertise,,,533,640,124623,False,,,h-full w-full cursor-pointer object-cover transition duration-200 ease-out hover:brightness-110 hover:contrast-110
.next/server/app/our-work.html,/gallery/popcornceilingremoval_4236.jpeg,Popcorn ceiling removal — Burlington (Alton Village) — modern smooth ceiling,,,480,640,63482,False,,,h-full w-full cursor-pointer object-cover transition duration-200 ease-out hover:brightness-110 hover:contrast-110
.next/server/app/our-work.html,/gallery/popcornceilingremoval_4231.jpeg,Popcorn ceiling removal — Hamilton (Ancaster) — Level 5 smooth finish,,,512,640,43047,False,,,h-full w-full cursor-pointer object-cover transition duration-200 ease-out hover:brightness-110 hover:contrast-110
.next/server/app/our-work.html,/gallery/popcornceilingremoval_4240.jpeg,Popcorn removal — Hamilton (Stoney Creek) — bright smooth ceiling,,,533,640,83886,False,,,h-full w-full cursor-pointer object-cover transition duration-200 ease-out hover:brightness-110 hover:contrast-110
.next/server/app/our-work.html,/gallery/popcornceilingremoval_4230.jpeg,Popcorn ceiling removal — Hamilton (Dundas) — Level 5 finishing,,,313,640,64877,False,,,h-full w-full cursor-pointer object-cover transition duration-200 ease-out hover:brightness-110 hover:contrast-110
.next/server/app/toronto.html,/logo.png,Popcorn ceiling removal EPF Pro Services,,,200,56,16050,False,,,w-auto h-14 md:h-16 object-contain
.next/server/app/toronto.html,/home/1.webp,Toronto project,,,1024,1024,1894057,False,,,w-full h-56 object-cover rounded-2xl border shadow
.next/server/app/toronto.html,/home/2.webp,Toronto project,,,1080,1440,740381,False,,,w-full h-56 object-cover rounded-2xl border shadow
.next/server/app/toronto.html,/home/3.webp,Toronto project,,,600,800,98736,False,,,w-full h-56 object-cover rounded-2xl border shadow
.next/server/app/toronto.html,/home/4.webp,Toronto project,,,800,533,643939,False,,,w-full h-56 object-cover rounded-2xl border shadow
.next/server/app/toronto.html,/home/5.webp,Toronto project,,,600,800,134657,False,,,w-full h-56 object-cover rounded-2xl border shadow
.next/server/app/toronto.html,/home/6.webp,Toronto project,,,600,800,155642,False,,,w-full h-56 object-cover rounded-2xl border shadow
.next/server/app/about.html,/logo.png,Popcorn ceiling removal EPF Pro Services,,,200,56,16050,False,,,w-auto h-14 md:h-16 object-contain
.next/server/app/about.html,/about/Popcorn_ceiling_removal_team.png,EPF Pro Services crew performing dust-controlled popcorn ceiling removal,,,640,611,783741,False,,,w-full h-full object-cover
.next/server/app/privacy-policy.html,/logo.png,Popcorn ceiling removal EPF Pro Services,,,200,56,16050,False,,,w-auto h-14 md:h-16 object-contain
.next/server/app/contact.html,/logo.png,Popcorn ceiling removal EPF Pro Services,,,200,56,16050,False,,,w-auto h-14 md:h-16 object-contain
.next/server/app/contact.html,/contact/popcorn-ceiling-removal.png,"Popcorn ceiling removal — dust-controlled setup, EPF Pro Services",,,513,754,46891,False,,,object-contain p-4 md:p-6 lg:p-8 drop-shadow-sm
.next/server/app/quote.html,/logo.png,Popcorn ceiling removal EPF Pro Services,,,200,56,16050,False,,,w-auto h-14 md:h-16 object-contain
.next/server/app/_not-found.html,/logo.png,Popcorn ceiling removal EPF Pro Services,,,200,56,16050,False,,,w-auto h-14 md:h-16 object-contain
.next/server/app/popcorn-ceiling-removal.html,/logo.png,Popcorn ceiling removal EPF Pro Services,,,200,56,16050,False,,,w-auto h-14 md:h-16 object-contain
.next/server/app/terms-of-service.html,/logo.png,Popcorn ceiling removal EPF Pro Services,,,200,56,16050,False,,,w-auto h-14 md:h-16 object-contain
.next/server/app/our-process.html,/logo.png,Popcorn ceiling removal EPF Pro Services,,,200,56,16050,False,,,w-auto h-14 md:h-16 object-contain
.next/server/app/services.html,/logo.png,Popcorn ceiling removal EPF Pro Services,,,200,56,16050,False,,,w-auto h-14 md:h-16 object-contain
.next/server/app/services.html,/services/epf-services-hero.png,EPF Pro Services crew — popcorn ceiling removal and Level 5 finishing,,,,,,True,,,w-full h-full object-cover
.next/server/app/services.html,/gallery/drywall-installation/drywall-installation-hero.webp,Drywall installation project in Mississauga ready for Level 5 finishing,,,1529,900,454423,False,,,h-52 w-full object-cover transition duration-500 group-hover:scale-105
.next/server/app/services.html,/gallery/drywall-repair/drywall-repair-service00004.webp,Drywall repair and skim coat project in Oakville,,,240,320,35083,False,,,h-52 w-full object-cover transition duration-500 group-hover:scale-105
.next/server/app/services.html,/gallery/drywall-repair/drywall-repair-service00002.webp,Hamilton ceiling water damage drywall repair,,,320,320,32773,False,,,h-52 w-full object-cover transition duration-500 group-hover:scale-105
.next/server/app/thank-you.html,/logo.png,Popcorn ceiling removal EPF Pro Services,,,200,56,16050,False,,,w-auto h-14 md:h-16 object-contain
.next/server/app/service-areas.html,/logo.png,Popcorn ceiling removal EPF Pro Services,,,200,56,16050,False,,,w-auto h-14 md:h-16 object-contain
.next/server/app/locations.html,/logo.png,Popcorn ceiling removal EPF Pro Services,,,200,56,16050,False,,,w-auto h-14 md:h-16 object-contain
.next/server/app/service-areas/toronto.html,/logo.png,Popcorn ceiling removal EPF Pro Services,,,200,56,16050,False,,,w-auto h-14 md:h-16 object-contain
.next/server/app/service-areas/popcorn.html,/logo.png,Popcorn ceiling removal EPF Pro Services,,,200,56,16050,False,,,w-auto h-14 md:h-16 object-contain
.next/server/app/service-areas/hamilton.html,/logo.png,Popcorn ceiling removal EPF Pro Services,,,200,56,16050,False,,,w-auto h-14 md:h-16 object-contain
.next/server/app/service-areas/milton.html,/logo.png,Popcorn ceiling removal EPF Pro Services,,,200,56,16050,False,,,w-auto h-14 md:h-16 object-contain
.next/server/app/service-areas/oakville.html,/logo.png,Popcorn ceiling removal EPF Pro Services,,,200,56,16050,False,,,w-auto h-14 md:h-16 object-contain
.next/server/app/service-areas/burlington.html,/logo.png,Popcorn ceiling removal EPF Pro Services,,,200,56,16050,False,,,w-auto h-14 md:h-16 object-contain
.next/server/app/service-areas/etobicoke.html,/logo.png,Popcorn ceiling removal EPF Pro Services,,,200,56,16050,False,,,w-auto h-14 md:h-16 object-contain
.next/server/app/service-areas/mississauga.html,/logo.png,Popcorn ceiling removal EPF Pro Services,,,200,56,16050,False,,,w-auto h-14 md:h-16 object-contain
.next/server/app/service-areas/north-york.html,/logo.png,Popcorn ceiling removal EPF Pro Services,,,200,56,16050,False,,,w-auto h-14 md:h-16 object-contain
.next/server/app/service-areas/hamilton/kirkendall.html,/logo.png,Popcorn ceiling removal EPF Pro Services,,,200,56,16050,False,,,w-auto h-14 md:h-16 object-contain
.next/server/app/service-areas/hamilton/hamilton-mountain.html,/logo.png,Popcorn ceiling removal EPF Pro Services,,,200,56,16050,False,,,w-auto h-14 md:h-16 object-contain
.next/server/app/service-areas/hamilton/beasley.html,/logo.png,Popcorn ceiling removal EPF Pro Services,,,200,56,16050,False,,,w-auto h-14 md:h-16 object-contain
.next/server/app/service-areas/hamilton/westdale.html,/logo.png,Popcorn ceiling removal EPF Pro Services,,,200,56,16050,False,,,w-auto h-14 md:h-16 object-contain
.next/server/app/service-areas/hamilton/corktown.html,/logo.png,Popcorn ceiling removal EPF Pro Services,,,200,56,16050,False,,,w-auto h-14 md:h-16 object-contain
.next/server/app/service-areas/hamilton/stoney-creek.html,/logo.png,Popcorn ceiling removal EPF Pro Services,,,200,56,16050,False,,,w-auto h-14 md:h-16 object-contain
.next/server/app/service-areas/hamilton/durand.html,/logo.png,Popcorn ceiling removal EPF Pro Services,,,200,56,16050,False,,,w-auto h-14 md:h-16 object-contain
.next/server/app/service-areas/hamilton/binbrook.html,/logo.png,Popcorn ceiling removal EPF Pro Services,,,200,56,16050,False,,,w-auto h-14 md:h-16 object-contain
.next/server/app/service-areas/hamilton/ancaster.html,/logo.png,Popcorn ceiling removal EPF Pro Services,,,200,56,16050,False,,,w-auto h-14 md:h-16 object-contain
.next/server/app/service-areas/hamilton/rosedale.html,/logo.png,Popcorn ceiling removal EPF Pro Services,,,200,56,16050,False,,,w-auto h-14 md:h-16 object-contain
.next/server/app/service-areas/hamilton/waterdown.html,/logo.png,Popcorn ceiling removal EPF Pro Services,,,200,56,16050,False,,,w-auto h-14 md:h-16 object-contain
.next/server/app/service-areas/hamilton/dundas.html,/logo.png,Popcorn ceiling removal EPF Pro Services,,,200,56,16050,False,,,w-auto h-14 md:h-16 object-contain
.next/server/app/service-areas/popcorn/toronto.html,/logo.png,Popcorn ceiling removal EPF Pro Services,,,200,56,16050,False,,,w-auto h-14 md:h-16 object-contain
.next/server/app/service-areas/popcorn/hamilton.html,/logo.png,Popcorn ceiling removal EPF Pro Services,,,200,56,16050,False,,,w-auto h-14 md:h-16 object-contain
.next/server/app/service-areas/popcorn/milton.html,/logo.png,Popcorn ceiling removal EPF Pro Services,,,200,56,16050,False,,,w-auto h-14 md:h-16 object-contain
.next/server/app/service-areas/popcorn/oakville.html,/logo.png,Popcorn ceiling removal EPF Pro Services,,,200,56,16050,False,,,w-auto h-14 md:h-16 object-contain
.next/server/app/service-areas/popcorn/burlington.html,/logo.png,Popcorn ceiling removal EPF Pro Services,,,200,56,16050,False,,,w-auto h-14 md:h-16 object-contain
.next/server/app/service-areas/popcorn/etobicoke.html,/logo.png,Popcorn ceiling removal EPF Pro Services,,,200,56,16050,False,,,w-auto h-14 md:h-16 object-contain
.next/server/app/service-areas/popcorn/mississauga.html,/logo.png,Popcorn ceiling removal EPF Pro Services,,,200,56,16050,False,,,w-auto h-14 md:h-16 object-contain
.next/server/app/service-areas/popcorn/north-york.html,/logo.png,Popcorn ceiling removal EPF Pro Services,,,200,56,16050,False,,,w-auto h-14 md:h-16 object-contain
.next/server/app/service-areas/popcorn/hamilton/kirkendall.html,/logo.png,Popcorn ceiling removal EPF Pro Services,,,200,56,16050,False,,,w-auto h-14 md:h-16 object-contain
.next/server/app/service-areas/popcorn/hamilton/hamilton-mountain.html,/logo.png,Popcorn ceiling removal EPF Pro Services,,,200,56,16050,False,,,w-auto h-14 md:h-16 object-contain
.next/server/app/service-areas/popcorn/hamilton/beasley.html,/logo.png,Popcorn ceiling removal EPF Pro Services,,,200,56,16050,False,,,w-auto h-14 md:h-16 object-contain
.next/server/app/service-areas/popcorn/hamilton/westdale.html,/logo.png,Popcorn ceiling removal EPF Pro Services,,,200,56,16050,False,,,w-auto h-14 md:h-16 object-contain
.next/server/app/service-areas/popcorn/hamilton/corktown.html,/logo.png,Popcorn ceiling removal EPF Pro Services,,,200,56,16050,False,,,w-auto h-14 md:h-16 object-contain
.next/server/app/service-areas/popcorn/hamilton/stoney-creek.html,/logo.png,Popcorn ceiling removal EPF Pro Services,,,200,56,16050,False,,,w-auto h-14 md:h-16 object-contain
.next/server/app/service-areas/popcorn/hamilton/durand.html,/logo.png,Popcorn ceiling removal EPF Pro Services,,,200,56,16050,False,,,w-auto h-14 md:h-16 object-contain
.next/server/app/service-areas/popcorn/hamilton/binbrook.html,/logo.png,Popcorn ceiling removal EPF Pro Services,,,200,56,16050,False,,,w-auto h-14 md:h-16 object-contain
.next/server/app/service-areas/popcorn/hamilton/ancaster.html,/logo.png,Popcorn ceiling removal EPF Pro Services,,,200,56,16050,False,,,w-auto h-14 md:h-16 object-contain
.next/server/app/service-areas/popcorn/hamilton/rosedale.html,/logo.png,Popcorn ceiling removal EPF Pro Services,,,200,56,16050,False,,,w-auto h-14 md:h-16 object-contain
.next/server/app/service-areas/popcorn/hamilton/waterdown.html,/logo.png,Popcorn ceiling removal EPF Pro Services,,,200,56,16050,False,,,w-auto h-14 md:h-16 object-contain
.next/server/app/service-areas/popcorn/hamilton/dundas.html,/logo.png,Popcorn ceiling removal EPF Pro Services,,,200,56,16050,False,,,w-auto h-14 md:h-16 object-contain
.next/server/app/service-areas/popcorn/etobicoke/princess-rosethorn.html,/logo.png,Popcorn ceiling removal EPF Pro Services,,,200,56,16050,False,,,w-auto h-14 md:h-16 object-contain
.next/server/app/service-areas/popcorn/etobicoke/long-branch.html,/logo.png,Popcorn ceiling removal EPF Pro Services,,,200,56,16050,False,,,w-auto h-14 md:h-16 object-contain
.next/server/app/service-areas/popcorn/etobicoke/rexdale.html,/logo.png,Popcorn ceiling removal EPF Pro Services,,,200,56,16050,False,,,w-auto h-14 md:h-16 object-contain
.next/server/app/service-areas/popcorn/etobicoke/the-kingsway.html,/logo.png,Popcorn ceiling removal EPF Pro Services,,,200,56,16050,False,,,w-auto h-14 md:h-16 object-contain
.next/server/app/service-areas/popcorn/etobicoke/islington-city-centre-west.html,/logo.png,Popcorn ceiling removal EPF Pro Services,,,200,56,16050,False,,,w-auto h-14 md:h-16 object-contain
.next/server/app/service-areas/popcorn/etobicoke/mimico.html,/logo.png,Popcorn ceiling removal EPF Pro Services,,,200,56,16050,False,,,w-auto h-14 md:h-16 object-contain
.next/server/app/service-areas/popcorn/etobicoke/markland-wood.html,/logo.png,Popcorn ceiling removal EPF Pro Services,,,200,56,16050,False,,,w-auto h-14 md:h-16 object-contain
.next/server/app/service-areas/popcorn/etobicoke/richview.html,/logo.png,Popcorn ceiling removal EPF Pro Services,,,200,56,16050,False,,,w-auto h-14 md:h-16 object-contain
.next/server/app/service-areas/popcorn/etobicoke/new-toronto.html,/logo.png,Popcorn ceiling removal EPF Pro Services,,,200,56,16050,False,,,w-auto h-14 md:h-16 object-contain
.next/server/app/service-areas/popcorn/etobicoke/sunnylea.html,/logo.png,Popcorn ceiling removal EPF Pro Services,,,200,56,16050,False,,,w-auto h-14 md:h-16 object-contain
.next/server/app/service-areas/popcorn/etobicoke/humber-bay-shores.html,/logo.png,Popcorn ceiling removal EPF Pro Services,,,200,56,16050,False,,,w-auto h-14 md:h-16 object-contain
.next/server/app/service-areas/popcorn/etobicoke/the-queensway.html,/logo.png,Popcorn ceiling removal EPF Pro Services,,,200,56,16050,False,,,w-auto h-14 md:h-16 object-contain
.next/server/app/service-areas/popcorn/burlington/aldershot.html,/logo.png,Popcorn ceiling removal EPF Pro Services,,,200,56,16050,False,,,w-auto h-14 md:h-16 object-contain
.next/server/app/service-areas/popcorn/burlington/palmer.html,/logo.png,Popcorn ceiling removal EPF Pro Services,,,200,56,16050,False,,,w-auto h-14 md:h-16 object-contain
.next/server/app/service-areas/popcorn/burlington/elizabeth-gardens.html,/logo.png,Popcorn ceiling removal EPF Pro Services,,,200,56,16050,False,,,w-auto h-14 md:h-16 object-contain
.next/server/app/service-areas/popcorn/burlington/alton-village.html,/logo.png,Popcorn ceiling removal EPF Pro Services,,,200,56,16050,False,,,w-auto h-14 md:h-16 object-contain
.next/server/app/service-areas/popcorn/burlington/headon-forest.html,/logo.png,Popcorn ceiling removal EPF Pro Services,,,200,56,16050,False,,,w-auto h-14 md:h-16 object-contain
.next/server/app/service-areas/popcorn/burlington/brant.html,/logo.png,Popcorn ceiling removal EPF Pro Services,,,200,56,16050,False,,,w-auto h-14 md:h-16 object-contain
.next/server/app/service-areas/popcorn/burlington/orchard.html,/logo.png,Popcorn ceiling removal EPF Pro Services,,,200,56,16050,False,,,w-auto h-14 md:h-16 object-contain
.next/server/app/service-areas/popcorn/burlington/tansley.html,/logo.png,Popcorn ceiling removal EPF Pro Services,,,200,56,16050,False,,,w-auto h-14 md:h-16 object-contain
.next/server/app/service-areas/popcorn/burlington/millcroft.html,/logo.png,Popcorn ceiling removal EPF Pro Services,,,200,56,16050,False,,,w-auto h-14 md:h-16 object-contain
.next/server/app/service-areas/popcorn/burlington/mountainside.html,/logo.png,Popcorn ceiling removal EPF Pro Services,,,200,56,16050,False,,,w-auto h-14 md:h-16 object-contain
.next/server/app/service-areas/popcorn/burlington/roseland.html,/logo.png,Popcorn ceiling removal EPF Pro Services,,,200,56,16050,False,,,w-auto h-14 md:h-16 object-contain
.next/server/app/service-areas/popcorn/burlington/tyandaga.html,/logo.png,Popcorn ceiling removal EPF Pro Services,,,200,56,16050,False,,,w-auto h-14 md:h-16 object-contain
.next/server/app/service-areas/popcorn/burlington/shoreacres.html,/logo.png,Popcorn ceiling removal EPF Pro Services,,,200,56,16050,False,,,w-auto h-14 md:h-16 object-contain
.next/server/app/service-areas/popcorn/burlington/brant-hills.html,/logo.png,Popcorn ceiling removal EPF Pro Services,,,200,56,16050,False,,,w-auto h-14 md:h-16 object-contain
.next/server/app/service-areas/popcorn/milton/dempsey.html,/logo.png,Popcorn ceiling removal EPF Pro Services,,,200,56,16050,False,,,w-auto h-14 md:h-16 object-contain
.next/server/app/service-areas/popcorn/milton/scott.html,/logo.png,Popcorn ceiling removal EPF Pro Services,,,200,56,16050,False,,,w-auto h-14 md:h-16 object-contain
.next/server/app/service-areas/popcorn/milton/walker.html,/logo.png,Popcorn ceiling removal EPF Pro Services,,,200,56,16050,False,,,w-auto h-14 md:h-16 object-contain
.next/server/app/service-areas/popcorn/milton/harrison.html,/logo.png,Popcorn ceiling removal EPF Pro Services,,,200,56,16050,False,,,w-auto h-14 md:h-16 object-contain
.next/server/app/service-areas/popcorn/milton/cobban.html,/logo.png,Popcorn ceiling removal EPF Pro Services,,,200,56,16050,False,,,w-auto h-14 md:h-16 object-contain
.next/server/app/service-areas/popcorn/milton/willmott.html,/logo.png,Popcorn ceiling removal EPF Pro Services,,,200,56,16050,False,,,w-auto h-14 md:h-16 object-contain
.next/server/app/service-areas/popcorn/milton/beaty.html,/logo.png,Popcorn ceiling removal EPF Pro Services,,,200,56,16050,False,,,w-auto h-14 md:h-16 object-contain
.next/server/app/service-areas/popcorn/milton/clarke.html,/logo.png,Popcorn ceiling removal EPF Pro Services,,,200,56,16050,False,,,w-auto h-14 md:h-16 object-contain
.next/server/app/service-areas/popcorn/milton/bronte-meadows.html,/logo.png,Popcorn ceiling removal EPF Pro Services,,,200,56,16050,False,,,w-auto h-14 md:h-16 object-contain
.next/server/app/service-areas/popcorn/milton/dorset-park.html,/logo.png,Popcorn ceiling removal EPF Pro Services,,,200,56,16050,False,,,w-auto h-14 md:h-16 object-contain
.next/server/app/service-areas/popcorn/milton/coates.html,/logo.png,Popcorn ceiling removal EPF Pro Services,,,200,56,16050,False,,,w-auto h-14 md:h-16 object-contain
.next/server/app/service-areas/popcorn/milton/old-milton.html,/logo.png,Popcorn ceiling removal EPF Pro Services,,,200,56,16050,False,,,w-auto h-14 md:h-16 object-contain
.next/server/app/service-areas/popcorn/milton/timberlea.html,/logo.png,Popcorn ceiling removal EPF Pro Services,,,200,56,16050,False,,,w-auto h-14 md:h-16 object-contain
.next/server/app/service-areas/popcorn/milton/ford.html,/logo.png,Popcorn ceiling removal EPF Pro Services,,,200,56,16050,False,,,w-auto h-14 md:h-16 object-contain
.next/server/app/service-areas/popcorn/milton/bowes.html,/logo.png,Popcorn ceiling removal EPF Pro Services,,,200,56,16050,False,,,w-auto h-14 md:h-16 object-contain
.next/server/app/service-areas/popcorn/mississauga/churchill-meadows.html,/logo.png,Popcorn ceiling removal EPF Pro Services,,,200,56,16050,False,,,w-auto h-14 md:h-16 object-contain
.next/server/app/service-areas/popcorn/mississauga/streetsville.html,/logo.png,Popcorn ceiling removal EPF Pro Services,,,200,56,16050,False,,,w-auto h-14 md:h-16 object-contain
.next/server/app/service-areas/popcorn/mississauga/malton.html,/logo.png,Popcorn ceiling removal EPF Pro Services,,,200,56,16050,False,,,w-auto h-14 md:h-16 object-contain
.next/server/app/service-areas/popcorn/mississauga/city-centre.html,/logo.png,Popcorn ceiling removal EPF Pro Services,,,200,56,16050,False,,,w-auto h-14 md:h-16 object-contain
.next/server/app/service-areas/popcorn/mississauga/east-credit.html,/logo.png,Popcorn ceiling removal EPF Pro Services,,,200,56,16050,False,,,w-auto h-14 md:h-16 object-contain
.next/server/app/service-areas/popcorn/mississauga/hurontario.html,/logo.png,Popcorn ceiling removal EPF Pro Services,,,200,56,16050,False,,,w-auto h-14 md:h-16 object-contain
.next/server/app/service-areas/popcorn/mississauga/cooksville.html,/logo.png,Popcorn ceiling removal EPF Pro Services,,,200,56,16050,False,,,w-auto h-14 md:h-16 object-contain
.next/server/app/service-areas/popcorn/mississauga/meadowvale-village.html,/logo.png,Popcorn ceiling removal EPF Pro Services,,,200,56,16050,False,,,w-auto h-14 md:h-16 object-contain
.next/server/app/service-areas/popcorn/mississauga/port-credit.html,/logo.png,Popcorn ceiling removal EPF Pro Services,,,200,56,16050,False,,,w-auto h-14 md:h-16 object-contain
.next/server/app/service-areas/popcorn/mississauga/port-credit.html,/services/popcorn-ceiling-removal/1.webp,Popcorn ceiling removal in a Port Credit home — project 1,,,428,571,134273,False,,,w-full h-56 object-cover rounded-2xl border shadow
.next/server/app/service-areas/popcorn/mississauga/port-credit.html,/services/popcorn-ceiling-removal/2.webp,Popcorn ceiling removal in a Port Credit home — project 2,,,380,507,96554,False,,,w-full h-56 object-cover rounded-2xl border shadow
.next/server/app/service-areas/popcorn/mississauga/port-credit.html,/services/popcorn-ceiling-removal/3.webp,Popcorn ceiling removal in a Port Credit home — project 3,,,380,507,71046,False,,,w-full h-56 object-cover rounded-2xl border shadow
.next/server/app/service-areas/popcorn/mississauga/port-credit.html,/services/popcorn-ceiling-removal/4.webp,Popcorn ceiling removal in a Port Credit home — project 4,,,380,380,56525,False,,,w-full h-56 object-cover rounded-2xl border shadow
.next/server/app/service-areas/popcorn/mississauga/port-credit.html,/services/popcorn-ceiling-removal/5.webp,Popcorn ceiling removal in a Port Credit home — project 5,,,380,507,60895,False,,,w-full h-56 object-cover rounded-2xl border shadow
.next/server/app/service-areas/popcorn/mississauga/port-credit.html,/services/popcorn-ceiling-removal/6.webp,Popcorn ceiling removal in a Port Credit home — project 6,,,432,288,205502,False,,,w-full h-56 object-cover rounded-2xl border shadow
.next/server/app/service-areas/popcorn/mississauga/lorne-park.html,/logo.png,Popcorn ceiling removal EPF Pro Services,,,200,56,16050,False,,,w-auto h-14 md:h-16 object-contain
.next/server/app/service-areas/popcorn/mississauga/applewood.html,/logo.png,Popcorn ceiling removal EPF Pro Services,,,200,56,16050,False,,,w-auto h-14 md:h-16 object-contain
.next/server/app/service-areas/popcorn/mississauga/mineola.html,/logo.png,Popcorn ceiling removal EPF Pro Services,,,200,56,16050,False,,,w-auto h-14 md:h-16 object-contain
.next/server/app/service-areas/popcorn/mississauga/clarkson.html,/logo.png,Popcorn ceiling removal EPF Pro Services,,,200,56,16050,False,,,w-auto h-14 md:h-16 object-contain
.next/server/app/service-areas/popcorn/mississauga/lakeview.html,/logo.png,Popcorn ceiling removal EPF Pro Services,,,200,56,16050,False,,,w-auto h-14 md:h-16 object-contain
.next/server/app/service-areas/popcorn/mississauga/dixie.html,/logo.png,Popcorn ceiling removal EPF Pro Services,,,200,56,16050,False,,,w-auto h-14 md:h-16 object-contain
.next/server/app/service-areas/popcorn/mississauga/meadowvale.html,/logo.png,Popcorn ceiling removal EPF Pro Services,,,200,56,16050,False,,,w-auto h-14 md:h-16 object-contain
.next/server/app/service-areas/popcorn/mississauga/sheridan.html,/logo.png,Popcorn ceiling removal EPF Pro Services,,,200,56,16050,False,,,w-auto h-14 md:h-16 object-contain
.next/server/app/service-areas/popcorn/mississauga/erin-mills.html,/logo.png,Popcorn ceiling removal EPF Pro Services,,,200,56,16050,False,,,w-auto h-14 md:h-16 object-contain
.next/server/app/service-areas/popcorn/north-york/lansing-westgate.html,/logo.png,Popcorn ceiling removal EPF Pro Services,,,200,56,16050,False,,,w-auto h-14 md:h-16 object-contain
.next/server/app/service-areas/popcorn/north-york/willowdale.html,/logo.png,Popcorn ceiling removal EPF Pro Services,,,200,56,16050,False,,,w-auto h-14 md:h-16 object-contain
.next/server/app/service-areas/popcorn/north-york/parkwoods.html,/logo.png,Popcorn ceiling removal EPF Pro Services,,,200,56,16050,False,,,w-auto h-14 md:h-16 object-contain
.next/server/app/service-areas/popcorn/north-york/don-mills.html,/logo.png,Popcorn ceiling removal EPF Pro Services,,,200,56,16050,False,,,w-auto h-14 md:h-16 object-contain
.next/server/app/service-areas/popcorn/north-york/york-university-heights.html,/logo.png,Popcorn ceiling removal EPF Pro Services,,,200,56,16050,False,,,w-auto h-14 md:h-16 object-contain
.next/server/app/service-areas/popcorn/north-york/bathurst-manor.html,/logo.png,Popcorn ceiling removal EPF Pro Services,,,200,56,16050,False,,,w-auto h-14 md:h-16 object-contain
.next/server/app/service-areas/popcorn/north-york/flemingdon-park.html,/logo.png,Popcorn ceiling removal EPF Pro Services,,,200,56,16050,False,,,w-auto h-14 md:h-16 object-contain
.next/server/app/service-areas/popcorn/north-york/clanton-park.html,/logo.png,Popcorn ceiling removal EPF Pro Services,,,200,56,16050,False,,,w-auto h-14 md:h-16 object-contain
.next/server/app/service-areas/popcorn/north-york/victoria-village.html,/logo.png,Popcorn ceiling removal EPF Pro Services,,,200,56,16050,False,,,w-auto h-14 md:h-16 object-contain
.next/server/app/service-areas/popcorn/north-york/york-mills.html,/logo.png,Popcorn ceiling removal EPF Pro Services,,,200,56,16050,False,,,w-auto h-14 md:h-16 object-contain
.next/server/app/service-areas/popcorn/north-york/newtonbrook.html,/logo.png,Popcorn ceiling removal EPF Pro Services,,,200,56,16050,False,,,w-auto h-14 md:h-16 object-contain
.next/server/app/service-areas/popcorn/north-york/bayview-village.html,/logo.png,Popcorn ceiling removal EPF Pro Services,,,200,56,16050,False,,,w-auto h-14 md:h-16 object-contain
.next/server/app/service-areas/popcorn/toronto/kensington-market.html,/logo.png,Popcorn ceiling removal EPF Pro Services,,,200,56,16050,False,,,w-auto h-14 md:h-16 object-contain
.next/server/app/service-areas/popcorn/toronto/york.html,/logo.png,Popcorn ceiling removal EPF Pro Services,,,200,56,16050,False,,,w-auto h-14 md:h-16 object-contain
.next/server/app/service-areas/popcorn/toronto/scarborough-bluffs.html,/logo.png,Popcorn ceiling removal EPF Pro Services,,,200,56,16050,False,,,w-auto h-14 md:h-16 object-contain
.next/server/app/service-areas/popcorn/toronto/willowdale.html,/logo.png,Popcorn ceiling removal EPF Pro Services,,,200,56,16050,False,,,w-auto h-14 md:h-16 object-contain
.next/server/app/service-areas/popcorn/toronto/liberty-village.html,/logo.png,Popcorn ceiling removal EPF Pro Services,,,200,56,16050,False,,,w-auto h-14 md:h-16 object-contain
.next/server/app/service-areas/popcorn/toronto/parkdale.html,/logo.png,Popcorn ceiling removal EPF Pro Services,,,200,56,16050,False,,,w-auto h-14 md:h-16 object-contain
.next/server/app/service-areas/popcorn/toronto/long-branch.html,/logo.png,Popcorn ceiling removal EPF Pro Services,,,200,56,16050,False,,,w-auto h-14 md:h-16 object-contain
.next/server/app/service-areas/popcorn/toronto/yorkville.html,/logo.png,Popcorn ceiling removal EPF Pro Services,,,200,56,16050,False,,,w-auto h-14 md:h-16 object-contain
.next/server/app/service-areas/popcorn/toronto/riverside.html,/logo.png,Popcorn ceiling removal EPF Pro Services,,,200,56,16050,False,,,w-auto h-14 md:h-16 object-contain
.next/server/app/service-areas/popcorn/toronto/st-lawrence.html,/logo.png,Popcorn ceiling removal EPF Pro Services,,,200,56,16050,False,,,w-auto h-14 md:h-16 object-contain
.next/server/app/service-areas/popcorn/toronto/trinity-bellwoods.html,/logo.png,Popcorn ceiling removal EPF Pro Services,,,200,56,16050,False,,,w-auto h-14 md:h-16 object-contain
.next/server/app/service-areas/popcorn/toronto/roncesvalles.html,/logo.png,Popcorn ceiling removal EPF Pro Services,,,200,56,16050,False,,,w-auto h-14 md:h-16 object-contain
.next/server/app/service-areas/popcorn/toronto/the-kingsway.html,/logo.png,Popcorn ceiling removal EPF Pro Services,,,200,56,16050,False,,,w-auto h-14 md:h-16 object-contain
.next/server/app/service-areas/popcorn/toronto/forest-hill.html,/logo.png,Popcorn ceiling removal EPF Pro Services,,,200,56,16050,False,,,w-auto h-14 md:h-16 object-contain
.next/server/app/service-areas/popcorn/toronto/islington-city-centre-west.html,/logo.png,Popcorn ceiling removal EPF Pro Services,,,200,56,16050,False,,,w-auto h-14 md:h-16 object-contain
.next/server/app/service-areas/popcorn/toronto/don-mills.html,/logo.png,Popcorn ceiling removal EPF Pro Services,,,200,56,16050,False,,,w-auto h-14 md:h-16 object-contain
.next/server/app/service-areas/popcorn/toronto/east-york.html,/logo.png,Popcorn ceiling removal EPF Pro Services,,,200,56,16050,False,,,w-auto h-14 md:h-16 object-contain
.next/server/app/service-areas/popcorn/toronto/scarborough.html,/logo.png,Popcorn ceiling removal EPF Pro Services,,,200,56,16050,False,,,w-auto h-14 md:h-16 object-contain
.next/server/app/service-areas/popcorn/toronto/distillery-district.html,/logo.png,Popcorn ceiling removal EPF Pro Services,,,200,56,16050,False,,,w-auto h-14 md:h-16 object-contain
.next/server/app/service-areas/popcorn/toronto/cabbagetown.html,/logo.png,Popcorn ceiling removal EPF Pro Services,,,200,56,16050,False,,,w-auto h-14 md:h-16 object-contain
.next/server/app/service-areas/popcorn/toronto/downtown.html,/logo.png,Popcorn ceiling removal EPF Pro Services,,,200,56,16050,False,,,w-auto h-14 md:h-16 object-contain
.next/server/app/service-areas/popcorn/toronto/rosedale.html,/logo.png,Popcorn ceiling removal EPF Pro Services,,,200,56,16050,False,,,w-auto h-14 md:h-16 object-contain
.next/server/app/service-areas/popcorn/toronto/midtown.html,/logo.png,Popcorn ceiling removal EPF Pro Services,,,200,56,16050,False,,,w-auto h-14 md:h-16 object-contain
.next/server/app/service-areas/popcorn/toronto/the-junction.html,/logo.png,Popcorn ceiling removal EPF Pro Services,,,200,56,16050,False,,,w-auto h-14 md:h-16 object-contain
.next/server/app/service-areas/popcorn/toronto/mimico.html,/logo.png,Popcorn ceiling removal EPF Pro Services,,,200,56,16050,False,,,w-auto h-14 md:h-16 object-contain
.next/server/app/service-areas/popcorn/toronto/little-italy.html,/logo.png,Popcorn ceiling removal EPF Pro Services,,,200,56,16050,False,,,w-auto h-14 md:h-16 object-contain
.next/server/app/service-areas/popcorn/toronto/high-park.html,/logo.png,Popcorn ceiling removal EPF Pro Services,,,200,56,16050,False,,,w-auto h-14 md:h-16 object-contain
.next/server/app/service-areas/popcorn/toronto/leslieville.html,/logo.png,Popcorn ceiling removal EPF Pro Services,,,200,56,16050,False,,,w-auto h-14 md:h-16 object-contain
.next/server/app/service-areas/popcorn/toronto/regent-park.html,/logo.png,Popcorn ceiling removal EPF Pro Services,,,200,56,16050,False,,,w-auto h-14 md:h-16 object-contain
.next/server/app/service-areas/popcorn/toronto/leaside.html,/logo.png,Popcorn ceiling removal EPF Pro Services,,,200,56,16050,False,,,w-auto h-14 md:h-16 object-contain
.next/server/app/service-areas/popcorn/toronto/birch-cliff.html,/logo.png,Popcorn ceiling removal EPF Pro Services,,,200,56,16050,False,,,w-auto h-14 md:h-16 object-contain
.next/server/app/service-areas/popcorn/toronto/swansea.html,/logo.png,Popcorn ceiling removal EPF Pro Services,,,200,56,16050,False,,,w-auto h-14 md:h-16 object-contain
.next/server/app/service-areas/popcorn/toronto/old-toronto.html,/logo.png,Popcorn ceiling removal EPF Pro Services,,,200,56,16050,False,,,w-auto h-14 md:h-16 object-contain
.next/server/app/service-areas/popcorn/toronto/annex.html,/logo.png,Popcorn ceiling removal EPF Pro Services,,,200,56,16050,False,,,w-auto h-14 md:h-16 object-contain
.next/server/app/service-areas/popcorn/toronto/the-beaches.html,/logo.png,Popcorn ceiling removal EPF Pro Services,,,200,56,16050,False,,,w-auto h-14 md:h-16 object-contain
.next/server/app/service-areas/popcorn/toronto/danforth.html,/logo.png,Popcorn ceiling removal EPF Pro Services,,,200,56,16050,False,,,w-auto h-14 md:h-16 object-contain
.next/server/app/service-areas/popcorn/toronto/little-portugal.html,/logo.png,Popcorn ceiling removal EPF Pro Services,,,200,56,16050,False,,,w-auto h-14 md:h-16 object-contain
.next/server/app/service-areas/popcorn/toronto/etobicoke.html,/logo.png,Popcorn ceiling removal EPF Pro Services,,,200,56,16050,False,,,w-auto h-14 md:h-16 object-contain
.next/server/app/service-areas/popcorn/toronto/new-toronto.html,/logo.png,Popcorn ceiling removal EPF Pro Services,,,200,56,16050,False,,,w-auto h-14 md:h-16 object-contain
.next/server/app/service-areas/popcorn/toronto/north-york.html,/logo.png,Popcorn ceiling removal EPF Pro Services,,,200,56,16050,False,,,w-auto h-14 md:h-16 object-contain
.next/server/app/service-areas/popcorn/toronto/humber-bay-shores.html,/logo.png,Popcorn ceiling removal EPF Pro Services,,,200,56,16050,False,,,w-auto h-14 md:h-16 object-contain
.next/server/app/service-areas/popcorn/toronto/guildwood.html,/logo.png,Popcorn ceiling removal EPF Pro Services,,,200,56,16050,False,,,w-auto h-14 md:h-16 object-contain
.next/server/app/service-areas/popcorn/toronto/bayview-village.html,/logo.png,Popcorn ceiling removal EPF Pro Services,,,200,56,16050,False,,,w-auto h-14 md:h-16 object-contain
.next/server/app/service-areas/popcorn/oakville/old-oakville.html,/logo.png,Popcorn ceiling removal EPF Pro Services,,,200,56,16050,False,,,w-auto h-14 md:h-16 object-contain
.next/server/app/service-areas/popcorn/oakville/downtown-oakville.html,/logo.png,Popcorn ceiling removal EPF Pro Services,,,200,56,16050,False,,,w-auto h-14 md:h-16 object-contain
.next/server/app/service-areas/popcorn/oakville/iroquois-ridge-north.html,/logo.png,Popcorn ceiling removal EPF Pro Services,,,200,56,16050,False,,,w-auto h-14 md:h-16 object-contain
.next/server/app/service-areas/popcorn/oakville/uptown-core.html,/logo.png,Popcorn ceiling removal EPF Pro Services,,,200,56,16050,False,,,w-auto h-14 md:h-16 object-contain
.next/server/app/service-areas/popcorn/oakville/kerr-village.html,/logo.png,Popcorn ceiling removal EPF Pro Services,,,200,56,16050,False,,,w-auto h-14 md:h-16 object-contain
.next/server/app/service-areas/popcorn/oakville/iroquois-ridge-south.html,/logo.png,Popcorn ceiling removal EPF Pro Services,,,200,56,16050,False,,,w-auto h-14 md:h-16 object-contain
.next/server/app/service-areas/popcorn/oakville/palermo-west.html,/logo.png,Popcorn ceiling removal EPF Pro Services,,,200,56,16050,False,,,w-auto h-14 md:h-16 object-contain
.next/server/app/service-areas/popcorn/oakville/bronte-creek.html,/logo.png,Popcorn ceiling removal EPF Pro Services,,,200,56,16050,False,,,w-auto h-14 md:h-16 object-contain
.next/server/app/service-areas/popcorn/oakville/river-oaks.html,/logo.png,Popcorn ceiling removal EPF Pro Services,,,200,56,16050,False,,,w-auto h-14 md:h-16 object-contain
.next/server/app/service-areas/popcorn/oakville/west-oak-trails.html,/logo.png,Popcorn ceiling removal EPF Pro Services,,,200,56,16050,False,,,w-auto h-14 md:h-16 object-contain
.next/server/app/service-areas/popcorn/oakville/clearview.html,/logo.png,Popcorn ceiling removal EPF Pro Services,,,200,56,16050,False,,,w-auto h-14 md:h-16 object-contain
.next/server/app/service-areas/popcorn/oakville/falgarwood.html,/logo.png,Popcorn ceiling removal EPF Pro Services,,,200,56,16050,False,,,w-auto h-14 md:h-16 object-contain
.next/server/app/service-areas/popcorn/oakville/bronte.html,/logo.png,Popcorn ceiling removal EPF Pro Services,,,200,56,16050,False,,,w-auto h-14 md:h-16 object-contain
.next/server/app/service-areas/popcorn/oakville/glen-abbey.html,/logo.png,Popcorn ceiling removal EPF Pro Services,,,200,56,16050,False,,,w-auto h-14 md:h-16 object-contain
.next/server/app/service-areas/popcorn/oakville/college-park.html,/logo.png,Popcorn ceiling removal EPF Pro Services,,,200,56,16050,False,,,w-auto h-14 md:h-16 object-contain
.next/server/app/service-areas/etobicoke/princess-rosethorn.html,/logo.png,Popcorn ceiling removal EPF Pro Services,,,200,56,16050,False,,,w-auto h-14 md:h-16 object-contain
.next/server/app/service-areas/etobicoke/long-branch.html,/logo.png,Popcorn ceiling removal EPF Pro Services,,,200,56,16050,False,,,w-auto h-14 md:h-16 object-contain
.next/server/app/service-areas/etobicoke/rexdale.html,/logo.png,Popcorn ceiling removal EPF Pro Services,,,200,56,16050,False,,,w-auto h-14 md:h-16 object-contain
.next/server/app/service-areas/etobicoke/the-kingsway.html,/logo.png,Popcorn ceiling removal EPF Pro Services,,,200,56,16050,False,,,w-auto h-14 md:h-16 object-contain
.next/server/app/service-areas/etobicoke/islington-city-centre-west.html,/logo.png,Popcorn ceiling removal EPF Pro Services,,,200,56,16050,False,,,w-auto h-14 md:h-16 object-contain
.next/server/app/service-areas/etobicoke/mimico.html,/logo.png,Popcorn ceiling removal EPF Pro Services,,,200,56,16050,False,,,w-auto h-14 md:h-16 object-contain
.next/server/app/service-areas/etobicoke/markland-wood.html,/logo.png,Popcorn ceiling removal EPF Pro Services,,,200,56,16050,False,,,w-auto h-14 md:h-16 object-contain
.next/server/app/service-areas/etobicoke/richview.html,/logo.png,Popcorn ceiling removal EPF Pro Services,,,200,56,16050,False,,,w-auto h-14 md:h-16 object-contain
.next/server/app/service-areas/etobicoke/new-toronto.html,/logo.png,Popcorn ceiling removal EPF Pro Services,,,200,56,16050,False,,,w-auto h-14 md:h-16 object-contain
.next/server/app/service-areas/etobicoke/sunnylea.html,/logo.png,Popcorn ceiling removal EPF Pro Services,,,200,56,16050,False,,,w-auto h-14 md:h-16 object-contain
.next/server/app/service-areas/etobicoke/humber-bay-shores.html,/logo.png,Popcorn ceiling removal EPF Pro Services,,,200,56,16050,False,,,w-auto h-14 md:h-16 object-contain
.next/server/app/service-areas/etobicoke/the-queensway.html,/logo.png,Popcorn ceiling removal EPF Pro Services,,,200,56,16050,False,,,w-auto h-14 md:h-16 object-contain
.next/server/app/service-areas/burlington/aldershot.html,/logo.png,Popcorn ceiling removal EPF Pro Services,,,200,56,16050,False,,,w-auto h-14 md:h-16 object-contain
.next/server/app/service-areas/burlington/palmer.html,/logo.png,Popcorn ceiling removal EPF Pro Services,,,200,56,16050,False,,,w-auto h-14 md:h-16 object-contain
.next/server/app/service-areas/burlington/elizabeth-gardens.html,/logo.png,Popcorn ceiling removal EPF Pro Services,,,200,56,16050,False,,,w-auto h-14 md:h-16 object-contain
.next/server/app/service-areas/burlington/alton-village.html,/logo.png,Popcorn ceiling removal EPF Pro Services,,,200,56,16050,False,,,w-auto h-14 md:h-16 object-contain
.next/server/app/service-areas/burlington/headon-forest.html,/logo.png,Popcorn ceiling removal EPF Pro Services,,,200,56,16050,False,,,w-auto h-14 md:h-16 object-contain
.next/server/app/service-areas/burlington/brant.html,/logo.png,Popcorn ceiling removal EPF Pro Services,,,200,56,16050,False,,,w-auto h-14 md:h-16 object-contain
.next/server/app/service-areas/burlington/orchard.html,/logo.png,Popcorn ceiling removal EPF Pro Services,,,200,56,16050,False,,,w-auto h-14 md:h-16 object-contain
.next/server/app/service-areas/burlington/tansley.html,/logo.png,Popcorn ceiling removal EPF Pro Services,,,200,56,16050,False,,,w-auto h-14 md:h-16 object-contain
.next/server/app/service-areas/burlington/millcroft.html,/logo.png,Popcorn ceiling removal EPF Pro Services,,,200,56,16050,False,,,w-auto h-14 md:h-16 object-contain
.next/server/app/service-areas/burlington/mountainside.html,/logo.png,Popcorn ceiling removal EPF Pro Services,,,200,56,16050,False,,,w-auto h-14 md:h-16 object-contain
.next/server/app/service-areas/burlington/roseland.html,/logo.png,Popcorn ceiling removal EPF Pro Services,,,200,56,16050,False,,,w-auto h-14 md:h-16 object-contain
.next/server/app/service-areas/burlington/tyandaga.html,/logo.png,Popcorn ceiling removal EPF Pro Services,,,200,56,16050,False,,,w-auto h-14 md:h-16 object-contain
.next/server/app/service-areas/burlington/shoreacres.html,/logo.png,Popcorn ceiling removal EPF Pro Services,,,200,56,16050,False,,,w-auto h-14 md:h-16 object-contain
.next/server/app/service-areas/burlington/brant-hills.html,/logo.png,Popcorn ceiling removal EPF Pro Services,,,200,56,16050,False,,,w-auto h-14 md:h-16 object-contain
.next/server/app/service-areas/milton/dempsey.html,/logo.png,Popcorn ceiling removal EPF Pro Services,,,200,56,16050,False,,,w-auto h-14 md:h-16 object-contain
.next/server/app/service-areas/milton/scott.html,/logo.png,Popcorn ceiling removal EPF Pro Services,,,200,56,16050,False,,,w-auto h-14 md:h-16 object-contain
.next/server/app/service-areas/milton/walker.html,/logo.png,Popcorn ceiling removal EPF Pro Services,,,200,56,16050,False,,,w-auto h-14 md:h-16 object-contain
.next/server/app/service-areas/milton/harrison.html,/logo.png,Popcorn ceiling removal EPF Pro Services,,,200,56,16050,False,,,w-auto h-14 md:h-16 object-contain
.next/server/app/service-areas/milton/cobban.html,/logo.png,Popcorn ceiling removal EPF Pro Services,,,200,56,16050,False,,,w-auto h-14 md:h-16 object-contain
.next/server/app/service-areas/milton/willmott.html,/logo.png,Popcorn ceiling removal EPF Pro Services,,,200,56,16050,False,,,w-auto h-14 md:h-16 object-contain
.next/server/app/service-areas/milton/beaty.html,/logo.png,Popcorn ceiling removal EPF Pro Services,,,200,56,16050,False,,,w-auto h-14 md:h-16 object-contain
.next/server/app/service-areas/milton/clarke.html,/logo.png,Popcorn ceiling removal EPF Pro Services,,,200,56,16050,False,,,w-auto h-14 md:h-16 object-contain
.next/server/app/service-areas/milton/bronte-meadows.html,/logo.png,Popcorn ceiling removal EPF Pro Services,,,200,56,16050,False,,,w-auto h-14 md:h-16 object-contain
.next/server/app/service-areas/milton/dorset-park.html,/logo.png,Popcorn ceiling removal EPF Pro Services,,,200,56,16050,False,,,w-auto h-14 md:h-16 object-contain
.next/server/app/service-areas/milton/coates.html,/logo.png,Popcorn ceiling removal EPF Pro Services,,,200,56,16050,False,,,w-auto h-14 md:h-16 object-contain
.next/server/app/service-areas/milton/old-milton.html,/logo.png,Popcorn ceiling removal EPF Pro Services,,,200,56,16050,False,,,w-auto h-14 md:h-16 object-contain
.next/server/app/service-areas/milton/timberlea.html,/logo.png,Popcorn ceiling removal EPF Pro Services,,,200,56,16050,False,,,w-auto h-14 md:h-16 object-contain
.next/server/app/service-areas/milton/ford.html,/logo.png,Popcorn ceiling removal EPF Pro Services,,,200,56,16050,False,,,w-auto h-14 md:h-16 object-contain
.next/server/app/service-areas/milton/bowes.html,/logo.png,Popcorn ceiling removal EPF Pro Services,,,200,56,16050,False,,,w-auto h-14 md:h-16 object-contain
.next/server/app/service-areas/mississauga/churchill-meadows.html,/logo.png,Popcorn ceiling removal EPF Pro Services,,,200,56,16050,False,,,w-auto h-14 md:h-16 object-contain
.next/server/app/service-areas/mississauga/streetsville.html,/logo.png,Popcorn ceiling removal EPF Pro Services,,,200,56,16050,False,,,w-auto h-14 md:h-16 object-contain
.next/server/app/service-areas/mississauga/malton.html,/logo.png,Popcorn ceiling removal EPF Pro Services,,,200,56,16050,False,,,w-auto h-14 md:h-16 object-contain
.next/server/app/service-areas/mississauga/city-centre.html,/logo.png,Popcorn ceiling removal EPF Pro Services,,,200,56,16050,False,,,w-auto h-14 md:h-16 object-contain
.next/server/app/service-areas/mississauga/east-credit.html,/logo.png,Popcorn ceiling removal EPF Pro Services,,,200,56,16050,False,,,w-auto h-14 md:h-16 object-contain
.next/server/app/service-areas/mississauga/hurontario.html,/logo.png,Popcorn ceiling removal EPF Pro Services,,,200,56,16050,False,,,w-auto h-14 md:h-16 object-contain
.next/server/app/service-areas/mississauga/cooksville.html,/logo.png,Popcorn ceiling removal EPF Pro Services,,,200,56,16050,False,,,w-auto h-14 md:h-16 object-contain
.next/server/app/service-areas/mississauga/meadowvale-village.html,/logo.png,Popcorn ceiling removal EPF Pro Services,,,200,56,16050,False,,,w-auto h-14 md:h-16 object-contain
.next/server/app/service-areas/mississauga/port-credit.html,/logo.png,Popcorn ceiling removal EPF Pro Services,,,200,56,16050,False,,,w-auto h-14 md:h-16 object-contain
.next/server/app/service-areas/mississauga/lorne-park.html,/logo.png,Popcorn ceiling removal EPF Pro Services,,,200,56,16050,False,,,w-auto h-14 md:h-16 object-contain
.next/server/app/service-areas/mississauga/applewood.html,/logo.png,Popcorn ceiling removal EPF Pro Services,,,200,56,16050,False,,,w-auto h-14 md:h-16 object-contain
.next/server/app/service-areas/mississauga/mineola.html,/logo.png,Popcorn ceiling removal EPF Pro Services,,,200,56,16050,False,,,w-auto h-14 md:h-16 object-contain
.next/server/app/service-areas/mississauga/clarkson.html,/logo.png,Popcorn ceiling removal EPF Pro Services,,,200,56,16050,False,,,w-auto h-14 md:h-16 object-contain
.next/server/app/service-areas/mississauga/lakeview.html,/logo.png,Popcorn ceiling removal EPF Pro Services,,,200,56,16050,False,,,w-auto h-14 md:h-16 object-contain
.next/server/app/service-areas/mississauga/dixie.html,/logo.png,Popcorn ceiling removal EPF Pro Services,,,200,56,16050,False,,,w-auto h-14 md:h-16 object-contain
.next/server/app/service-areas/mississauga/meadowvale.html,/logo.png,Popcorn ceiling removal EPF Pro Services,,,200,56,16050,False,,,w-auto h-14 md:h-16 object-contain
.next/server/app/service-areas/mississauga/sheridan.html,/logo.png,Popcorn ceiling removal EPF Pro Services,,,200,56,16050,False,,,w-auto h-14 md:h-16 object-contain
.next/server/app/service-areas/mississauga/erin-mills.html,/logo.png,Popcorn ceiling removal EPF Pro Services,,,200,56,16050,False,,,w-auto h-14 md:h-16 object-contain
.next/server/app/service-areas/north-york/lansing-westgate.html,/logo.png,Popcorn ceiling removal EPF Pro Services,,,200,56,16050,False,,,w-auto h-14 md:h-16 object-contain
.next/server/app/service-areas/north-york/willowdale.html,/logo.png,Popcorn ceiling removal EPF Pro Services,,,200,56,16050,False,,,w-auto h-14 md:h-16 object-contain
.next/server/app/service-areas/north-york/parkwoods.html,/logo.png,Popcorn ceiling removal EPF Pro Services,,,200,56,16050,False,,,w-auto h-14 md:h-16 object-contain
.next/server/app/service-areas/north-york/don-mills.html,/logo.png,Popcorn ceiling removal EPF Pro Services,,,200,56,16050,False,,,w-auto h-14 md:h-16 object-contain
.next/server/app/service-areas/north-york/york-university-heights.html,/logo.png,Popcorn ceiling removal EPF Pro Services,,,200,56,16050,False,,,w-auto h-14 md:h-16 object-contain
.next/server/app/service-areas/north-york/bathurst-manor.html,/logo.png,Popcorn ceiling removal EPF Pro Services,,,200,56,16050,False,,,w-auto h-14 md:h-16 object-contain
.next/server/app/service-areas/north-york/flemingdon-park.html,/logo.png,Popcorn ceiling removal EPF Pro Services,,,200,56,16050,False,,,w-auto h-14 md:h-16 object-contain
.next/server/app/service-areas/north-york/clanton-park.html,/logo.png,Popcorn ceiling removal EPF Pro Services,,,200,56,16050,False,,,w-auto h-14 md:h-16 object-contain
.next/server/app/service-areas/north-york/victoria-village.html,/logo.png,Popcorn ceiling removal EPF Pro Services,,,200,56,16050,False,,,w-auto h-14 md:h-16 object-contain
.next/server/app/service-areas/north-york/york-mills.html,/logo.png,Popcorn ceiling removal EPF Pro Services,,,200,56,16050,False,,,w-auto h-14 md:h-16 object-contain
.next/server/app/service-areas/north-york/newtonbrook.html,/logo.png,Popcorn ceiling removal EPF Pro Services,,,200,56,16050,False,,,w-auto h-14 md:h-16 object-contain
.next/server/app/service-areas/north-york/bayview-village.html,/logo.png,Popcorn ceiling removal EPF Pro Services,,,200,56,16050,False,,,w-auto h-14 md:h-16 object-contain
.next/server/app/service-areas/toronto/kensington-market.html,/logo.png,Popcorn ceiling removal EPF Pro Services,,,200,56,16050,False,,,w-auto h-14 md:h-16 object-contain
.next/server/app/service-areas/toronto/york.html,/logo.png,Popcorn ceiling removal EPF Pro Services,,,200,56,16050,False,,,w-auto h-14 md:h-16 object-contain
.next/server/app/service-areas/toronto/scarborough-bluffs.html,/logo.png,Popcorn ceiling removal EPF Pro Services,,,200,56,16050,False,,,w-auto h-14 md:h-16 object-contain
.next/server/app/service-areas/toronto/willowdale.html,/logo.png,Popcorn ceiling removal EPF Pro Services,,,200,56,16050,False,,,w-auto h-14 md:h-16 object-contain
.next/server/app/service-areas/toronto/liberty-village.html,/logo.png,Popcorn ceiling removal EPF Pro Services,,,200,56,16050,False,,,w-auto h-14 md:h-16 object-contain
.next/server/app/service-areas/toronto/parkdale.html,/logo.png,Popcorn ceiling removal EPF Pro Services,,,200,56,16050,False,,,w-auto h-14 md:h-16 object-contain
.next/server/app/service-areas/toronto/long-branch.html,/logo.png,Popcorn ceiling removal EPF Pro Services,,,200,56,16050,False,,,w-auto h-14 md:h-16 object-contain
.next/server/app/service-areas/toronto/yorkville.html,/logo.png,Popcorn ceiling removal EPF Pro Services,,,200,56,16050,False,,,w-auto h-14 md:h-16 object-contain
.next/server/app/service-areas/toronto/riverside.html,/logo.png,Popcorn ceiling removal EPF Pro Services,,,200,56,16050,False,,,w-auto h-14 md:h-16 object-contain
.next/server/app/service-areas/toronto/st-lawrence.html,/logo.png,Popcorn ceiling removal EPF Pro Services,,,200,56,16050,False,,,w-auto h-14 md:h-16 object-contain
.next/server/app/service-areas/toronto/trinity-bellwoods.html,/logo.png,Popcorn ceiling removal EPF Pro Services,,,200,56,16050,False,,,w-auto h-14 md:h-16 object-contain
.next/server/app/service-areas/toronto/roncesvalles.html,/logo.png,Popcorn ceiling removal EPF Pro Services,,,200,56,16050,False,,,w-auto h-14 md:h-16 object-contain
.next/server/app/service-areas/toronto/the-kingsway.html,/logo.png,Popcorn ceiling removal EPF Pro Services,,,200,56,16050,False,,,w-auto h-14 md:h-16 object-contain
.next/server/app/service-areas/toronto/forest-hill.html,/logo.png,Popcorn ceiling removal EPF Pro Services,,,200,56,16050,False,,,w-auto h-14 md:h-16 object-contain
.next/server/app/service-areas/toronto/islington-city-centre-west.html,/logo.png,Popcorn ceiling removal EPF Pro Services,,,200,56,16050,False,,,w-auto h-14 md:h-16 object-contain
.next/server/app/service-areas/toronto/don-mills.html,/logo.png,Popcorn ceiling removal EPF Pro Services,,,200,56,16050,False,,,w-auto h-14 md:h-16 object-contain
.next/server/app/service-areas/toronto/east-york.html,/logo.png,Popcorn ceiling removal EPF Pro Services,,,200,56,16050,False,,,w-auto h-14 md:h-16 object-contain
.next/server/app/service-areas/toronto/scarborough.html,/logo.png,Popcorn ceiling removal EPF Pro Services,,,200,56,16050,False,,,w-auto h-14 md:h-16 object-contain
.next/server/app/service-areas/toronto/distillery-district.html,/logo.png,Popcorn ceiling removal EPF Pro Services,,,200,56,16050,False,,,w-auto h-14 md:h-16 object-contain
.next/server/app/service-areas/toronto/cabbagetown.html,/logo.png,Popcorn ceiling removal EPF Pro Services,,,200,56,16050,False,,,w-auto h-14 md:h-16 object-contain
.next/server/app/service-areas/toronto/downtown.html,/logo.png,Popcorn ceiling removal EPF Pro Services,,,200,56,16050,False,,,w-auto h-14 md:h-16 object-contain
.next/server/app/service-areas/toronto/rosedale.html,/logo.png,Popcorn ceiling removal EPF Pro Services,,,200,56,16050,False,,,w-auto h-14 md:h-16 object-contain
.next/server/app/service-areas/toronto/midtown.html,/logo.png,Popcorn ceiling removal EPF Pro Services,,,200,56,16050,False,,,w-auto h-14 md:h-16 object-contain
.next/server/app/service-areas/toronto/the-junction.html,/logo.png,Popcorn ceiling removal EPF Pro Services,,,200,56,16050,False,,,w-auto h-14 md:h-16 object-contain
.next/server/app/service-areas/toronto/mimico.html,/logo.png,Popcorn ceiling removal EPF Pro Services,,,200,56,16050,False,,,w-auto h-14 md:h-16 object-contain
.next/server/app/service-areas/toronto/little-italy.html,/logo.png,Popcorn ceiling removal EPF Pro Services,,,200,56,16050,False,,,w-auto h-14 md:h-16 object-contain
.next/server/app/service-areas/toronto/high-park.html,/logo.png,Popcorn ceiling removal EPF Pro Services,,,200,56,16050,False,,,w-auto h-14 md:h-16 object-contain
.next/server/app/service-areas/toronto/leslieville.html,/logo.png,Popcorn ceiling removal EPF Pro Services,,,200,56,16050,False,,,w-auto h-14 md:h-16 object-contain
.next/server/app/service-areas/toronto/regent-park.html,/logo.png,Popcorn ceiling removal EPF Pro Services,,,200,56,16050,False,,,w-auto h-14 md:h-16 object-contain
.next/server/app/service-areas/toronto/leaside.html,/logo.png,Popcorn ceiling removal EPF Pro Services,,,200,56,16050,False,,,w-auto h-14 md:h-16 object-contain
.next/server/app/service-areas/toronto/birch-cliff.html,/logo.png,Popcorn ceiling removal EPF Pro Services,,,200,56,16050,False,,,w-auto h-14 md:h-16 object-contain
.next/server/app/service-areas/toronto/swansea.html,/logo.png,Popcorn ceiling removal EPF Pro Services,,,200,56,16050,False,,,w-auto h-14 md:h-16 object-contain
.next/server/app/service-areas/toronto/old-toronto.html,/logo.png,Popcorn ceiling removal EPF Pro Services,,,200,56,16050,False,,,w-auto h-14 md:h-16 object-contain
.next/server/app/service-areas/toronto/annex.html,/logo.png,Popcorn ceiling removal EPF Pro Services,,,200,56,16050,False,,,w-auto h-14 md:h-16 object-contain
.next/server/app/service-areas/toronto/the-beaches.html,/logo.png,Popcorn ceiling removal EPF Pro Services,,,200,56,16050,False,,,w-auto h-14 md:h-16 object-contain
.next/server/app/service-areas/toronto/danforth.html,/logo.png,Popcorn ceiling removal EPF Pro Services,,,200,56,16050,False,,,w-auto h-14 md:h-16 object-contain
.next/server/app/service-areas/toronto/little-portugal.html,/logo.png,Popcorn ceiling removal EPF Pro Services,,,200,56,16050,False,,,w-auto h-14 md:h-16 object-contain
.next/server/app/service-areas/toronto/etobicoke.html,/logo.png,Popcorn ceiling removal EPF Pro Services,,,200,56,16050,False,,,w-auto h-14 md:h-16 object-contain
.next/server/app/service-areas/toronto/new-toronto.html,/logo.png,Popcorn ceiling removal EPF Pro Services,,,200,56,16050,False,,,w-auto h-14 md:h-16 object-contain
.next/server/app/service-areas/toronto/north-york.html,/logo.png,Popcorn ceiling removal EPF Pro Services,,,200,56,16050,False,,,w-auto h-14 md:h-16 object-contain
.next/server/app/service-areas/toronto/humber-bay-shores.html,/logo.png,Popcorn ceiling removal EPF Pro Services,,,200,56,16050,False,,,w-auto h-14 md:h-16 object-contain
.next/server/app/service-areas/toronto/guildwood.html,/logo.png,Popcorn ceiling removal EPF Pro Services,,,200,56,16050,False,,,w-auto h-14 md:h-16 object-contain
.next/server/app/service-areas/toronto/bayview-village.html,/logo.png,Popcorn ceiling removal EPF Pro Services,,,200,56,16050,False,,,w-auto h-14 md:h-16 object-contain
.next/server/app/service-areas/oakville/old-oakville.html,/logo.png,Popcorn ceiling removal EPF Pro Services,,,200,56,16050,False,,,w-auto h-14 md:h-16 object-contain
.next/server/app/service-areas/oakville/downtown-oakville.html,/logo.png,Popcorn ceiling removal EPF Pro Services,,,200,56,16050,False,,,w-auto h-14 md:h-16 object-contain
.next/server/app/service-areas/oakville/iroquois-ridge-north.html,/logo.png,Popcorn ceiling removal EPF Pro Services,,,200,56,16050,False,,,w-auto h-14 md:h-16 object-contain
.next/server/app/service-areas/oakville/uptown-core.html,/logo.png,Popcorn ceiling removal EPF Pro Services,,,200,56,16050,False,,,w-auto h-14 md:h-16 object-contain
.next/server/app/service-areas/oakville/kerr-village.html,/logo.png,Popcorn ceiling removal EPF Pro Services,,,200,56,16050,False,,,w-auto h-14 md:h-16 object-contain
.next/server/app/service-areas/oakville/iroquois-ridge-south.html,/logo.png,Popcorn ceiling removal EPF Pro Services,,,200,56,16050,False,,,w-auto h-14 md:h-16 object-contain
.next/server/app/service-areas/oakville/palermo-west.html,/logo.png,Popcorn ceiling removal EPF Pro Services,,,200,56,16050,False,,,w-auto h-14 md:h-16 object-contain
.next/server/app/service-areas/oakville/bronte-creek.html,/logo.png,Popcorn ceiling removal EPF Pro Services,,,200,56,16050,False,,,w-auto h-14 md:h-16 object-contain
.next/server/app/service-areas/oakville/river-oaks.html,/logo.png,Popcorn ceiling removal EPF Pro Services,,,200,56,16050,False,,,w-auto h-14 md:h-16 object-contain
.next/server/app/service-areas/oakville/west-oak-trails.html,/logo.png,Popcorn ceiling removal EPF Pro Services,,,200,56,16050,False,,,w-auto h-14 md:h-16 object-contain
.next/server/app/service-areas/oakville/clearview.html,/logo.png,Popcorn ceiling removal EPF Pro Services,,,200,56,16050,False,,,w-auto h-14 md:h-16 object-contain
.next/server/app/service-areas/oakville/falgarwood.html,/logo.png,Popcorn ceiling removal EPF Pro Services,,,200,56,16050,False,,,w-auto h-14 md:h-16 object-contain
.next/server/app/service-areas/oakville/bronte.html,/logo.png,Popcorn ceiling removal EPF Pro Services,,,200,56,16050,False,,,w-auto h-14 md:h-16 object-contain
.next/server/app/service-areas/oakville/glen-abbey.html,/logo.png,Popcorn ceiling removal EPF Pro Services,,,200,56,16050,False,,,w-auto h-14 md:h-16 object-contain
.next/server/app/service-areas/oakville/college-park.html,/logo.png,Popcorn ceiling removal EPF Pro Services,,,200,56,16050,False,,,w-auto h-14 md:h-16 object-contain
.next/server/app/skylight-drywall-repair/hamilton.html,/logo.png,Popcorn ceiling removal EPF Pro Services,,,200,56,16050,False,,,w-auto h-14 md:h-16 object-contain
.next/server/app/skylight-drywall-repair/hamilton.html,/services/skylight-drywall-repair/skylight-drywall-repair-hamilton-clean-v2.jpg,,,,1672,941,223545,False,,,object-cover
.next/server/app/skylight-drywall-repair/hamilton.html,/services/skylight-drywall-repair/skylight-drywall-repair-hamilton-clean-v2.jpg,"Hamilton skylight and cathedral ceiling repair with protected hallway, smooth skim coat, primer, and light well ceiling finishing",,,1672,941,223545,False,,,object-cover
.next/server/app/skylight-drywall-repair/hamilton.html,/services/skylight-drywall-repair/skylight-drywall-repair-burlington-clean-v2.jpg,Popcorn ceiling removal and skim coating around a skylight opening,,,1672,941,388868,False,,,object-cover
.next/server/app/skylight-drywall-repair/hamilton.html,/services/skylight-drywall-repair/skylight-drywall-repair-hamilton-clean-v2.jpg,Skylight shaft drywall repair in a protected hallway,,,1672,941,223545,False,,,object-cover
.next/server/app/skylight-drywall-repair/hamilton.html,/services/skylight-drywall-repair/skylight-drywall-repair-oakville-clean-v2.jpg,Smooth ceiling preparation around a large skylight shaft,,,1672,941,228573,False,,,object-cover
.next/server/app/skylight-drywall-repair/oakville.html,/logo.png,Popcorn ceiling removal EPF Pro Services,,,200,56,16050,False,,,w-auto h-14 md:h-16 object-contain
.next/server/app/skylight-drywall-repair/oakville.html,/services/skylight-drywall-repair/skylight-drywall-repair-oakville-clean-v2.jpg,,,,1672,941,228573,False,,,object-cover
.next/server/app/skylight-drywall-repair/oakville.html,/services/skylight-drywall-repair/skylight-drywall-repair-oakville-clean-v2.jpg,Oakville skylight shaft and cathedral ceiling repair with smooth ceiling refinishing and clean protected room preparation,,,1672,941,228573,False,,,object-cover
.next/server/app/skylight-drywall-repair/oakville.html,/services/skylight-drywall-repair/skylight-drywall-repair-burlington-clean-v2.jpg,Popcorn ceiling removal and skim coating around a skylight opening,,,1672,941,388868,False,,,object-cover
.next/server/app/skylight-drywall-repair/oakville.html,/services/skylight-drywall-repair/skylight-drywall-repair-hamilton-clean-v2.jpg,Skylight shaft drywall repair in a protected hallway,,,1672,941,223545,False,,,object-cover
.next/server/app/skylight-drywall-repair/oakville.html,/services/skylight-drywall-repair/skylight-drywall-repair-oakville-clean-v2.jpg,Smooth ceiling preparation around a large skylight shaft,,,1672,941,228573,False,,,object-cover
.next/server/app/skylight-drywall-repair/burlington.html,/logo.png,Popcorn ceiling removal EPF Pro Services,,,200,56,16050,False,,,w-auto h-14 md:h-16 object-contain
.next/server/app/skylight-drywall-repair/burlington.html,/services/skylight-drywall-repair/skylight-drywall-repair-burlington-clean-v2.jpg,,,,1672,941,388868,False,,,object-cover
.next/server/app/skylight-drywall-repair/burlington.html,/services/skylight-drywall-repair/skylight-drywall-repair-burlington-clean-v2.jpg,Burlington popcorn ceiling removal and cathedral ceiling repair around a bright skylight opening with protected floors,,,1672,941,388868,False,,,object-cover
.next/server/app/skylight-drywall-repair/burlington.html,/services/skylight-drywall-repair/skylight-drywall-repair-burlington-clean-v2.jpg,Popcorn ceiling removal and skim coating around a skylight opening,,,1672,941,388868,False,,,object-cover
.next/server/app/skylight-drywall-repair/burlington.html,/services/skylight-drywall-repair/skylight-drywall-repair-hamilton-clean-v2.jpg,Skylight shaft drywall repair in a protected hallway,,,1672,941,223545,False,,,object-cover
.next/server/app/skylight-drywall-repair/burlington.html,/services/skylight-drywall-repair/skylight-drywall-repair-oakville-clean-v2.jpg,Smooth ceiling preparation around a large skylight shaft,,,1672,941,228573,False,,,object-cover
.next/server/app/skylight-drywall-repair/mississauga.html,/logo.png,Popcorn ceiling removal EPF Pro Services,,,200,56,16050,False,,,w-auto h-14 md:h-16 object-contain
.next/server/app/skylight-drywall-repair/mississauga.html,/services/skylight-drywall-repair/skylight-drywall-repair-mississauga-clean-v2.jpg,,,,1672,941,263800,False,,,object-cover
.next/server/app/skylight-drywall-repair/mississauga.html,/services/skylight-drywall-repair/skylight-drywall-repair-mississauga-clean-v2.jpg,"Mississauga skylight and cathedral ceiling repair with smooth ceiling prep, protected room, and daylight from a clean skylight",,,1672,941,263800,False,,,object-cover
.next/server/app/skylight-drywall-repair/mississauga.html,/services/skylight-drywall-repair/skylight-drywall-repair-burlington-clean-v2.jpg,Popcorn ceiling removal and skim coating around a skylight opening,,,1672,941,388868,False,,,object-cover
.next/server/app/skylight-drywall-repair/mississauga.html,/services/skylight-drywall-repair/skylight-drywall-repair-hamilton-clean-v2.jpg,Skylight shaft drywall repair in a protected hallway,,,1672,941,223545,False,,,object-cover
.next/server/app/skylight-drywall-repair/mississauga.html,/services/skylight-drywall-repair/skylight-drywall-repair-oakville-clean-v2.jpg,Smooth ceiling preparation around a large skylight shaft,,,1672,941,228573,False,,,object-cover
.next/server/app/popcorn-removal/hamilton.html,/logo.png,Popcorn ceiling removal EPF Pro Services,,,200,56,16050,False,,,w-auto h-14 md:h-16 object-contain
.next/server/app/popcorn-removal/hamilton.html,/home/1.webp,Hamilton project,,,1024,1024,1894057,False,,,w-full h-56 object-cover rounded-2xl border shadow
.next/server/app/popcorn-removal/hamilton.html,/home/2.webp,Hamilton project,,,1080,1440,740381,False,,,w-full h-56 object-cover rounded-2xl border shadow
.next/server/app/popcorn-removal/hamilton.html,/home/3.webp,Hamilton project,,,600,800,98736,False,,,w-full h-56 object-cover rounded-2xl border shadow
.next/server/app/popcorn-removal/hamilton.html,/home/4.webp,Hamilton project,,,800,533,643939,False,,,w-full h-56 object-cover rounded-2xl border shadow
.next/server/app/popcorn-removal/hamilton.html,/home/5.webp,Hamilton project,,,600,800,134657,False,,,w-full h-56 object-cover rounded-2xl border shadow
.next/server/app/popcorn-removal/hamilton.html,/home/6.webp,Hamilton project,,,600,800,155642,False,,,w-full h-56 object-cover rounded-2xl border shadow
.next/server/app/popcorn-removal/milton.html,/logo.png,Popcorn ceiling removal EPF Pro Services,,,200,56,16050,False,,,w-auto h-14 md:h-16 object-contain
.next/server/app/popcorn-removal/milton.html,/home/1.webp,Milton project,,,1024,1024,1894057,False,,,w-full h-56 object-cover rounded-2xl border shadow
.next/server/app/popcorn-removal/milton.html,/home/2.webp,Milton project,,,1080,1440,740381,False,,,w-full h-56 object-cover rounded-2xl border shadow
.next/server/app/popcorn-removal/milton.html,/home/3.webp,Milton project,,,600,800,98736,False,,,w-full h-56 object-cover rounded-2xl border shadow
.next/server/app/popcorn-removal/milton.html,/home/4.webp,Milton project,,,800,533,643939,False,,,w-full h-56 object-cover rounded-2xl border shadow
.next/server/app/popcorn-removal/milton.html,/home/5.webp,Milton project,,,600,800,134657,False,,,w-full h-56 object-cover rounded-2xl border shadow
.next/server/app/popcorn-removal/milton.html,/home/6.webp,Milton project,,,600,800,155642,False,,,w-full h-56 object-cover rounded-2xl border shadow
.next/server/app/popcorn-removal/oakville.html,/logo.png,Popcorn ceiling removal EPF Pro Services,,,200,56,16050,False,,,w-auto h-14 md:h-16 object-contain
.next/server/app/popcorn-removal/oakville.html,/home/1.webp,Oakville project,,,1024,1024,1894057,False,,,w-full h-56 object-cover rounded-2xl border shadow
.next/server/app/popcorn-removal/oakville.html,/home/2.webp,Oakville project,,,1080,1440,740381,False,,,w-full h-56 object-cover rounded-2xl border shadow
.next/server/app/popcorn-removal/oakville.html,/home/3.webp,Oakville project,,,600,800,98736,False,,,w-full h-56 object-cover rounded-2xl border shadow
.next/server/app/popcorn-removal/oakville.html,/home/4.webp,Oakville project,,,800,533,643939,False,,,w-full h-56 object-cover rounded-2xl border shadow
.next/server/app/popcorn-removal/oakville.html,/home/5.webp,Oakville project,,,600,800,134657,False,,,w-full h-56 object-cover rounded-2xl border shadow
.next/server/app/popcorn-removal/oakville.html,/home/6.webp,Oakville project,,,600,800,155642,False,,,w-full h-56 object-cover rounded-2xl border shadow
.next/server/app/popcorn-removal/burlington.html,/logo.png,Popcorn ceiling removal EPF Pro Services,,,200,56,16050,False,,,w-auto h-14 md:h-16 object-contain
.next/server/app/popcorn-removal/burlington.html,/home/1.webp,Burlington project,,,1024,1024,1894057,False,,,w-full h-56 object-cover rounded-2xl border shadow
.next/server/app/popcorn-removal/burlington.html,/home/2.webp,Burlington project,,,1080,1440,740381,False,,,w-full h-56 object-cover rounded-2xl border shadow
.next/server/app/popcorn-removal/burlington.html,/home/3.webp,Burlington project,,,600,800,98736,False,,,w-full h-56 object-cover rounded-2xl border shadow
.next/server/app/popcorn-removal/burlington.html,/home/4.webp,Burlington project,,,800,533,643939,False,,,w-full h-56 object-cover rounded-2xl border shadow
.next/server/app/popcorn-removal/burlington.html,/home/5.webp,Burlington project,,,600,800,134657,False,,,w-full h-56 object-cover rounded-2xl border shadow
.next/server/app/popcorn-removal/burlington.html,/home/6.webp,Burlington project,,,600,800,155642,False,,,w-full h-56 object-cover rounded-2xl border shadow
.next/server/app/popcorn-removal/etobicoke.html,/logo.png,Popcorn ceiling removal EPF Pro Services,,,200,56,16050,False,,,w-auto h-14 md:h-16 object-contain
.next/server/app/popcorn-removal/etobicoke.html,/home/1.webp,Etobicoke project,,,1024,1024,1894057,False,,,w-full h-56 object-cover rounded-2xl border shadow
.next/server/app/popcorn-removal/etobicoke.html,/home/2.webp,Etobicoke project,,,1080,1440,740381,False,,,w-full h-56 object-cover rounded-2xl border shadow
.next/server/app/popcorn-removal/etobicoke.html,/home/3.webp,Etobicoke project,,,600,800,98736,False,,,w-full h-56 object-cover rounded-2xl border shadow
.next/server/app/popcorn-removal/etobicoke.html,/home/4.webp,Etobicoke project,,,800,533,643939,False,,,w-full h-56 object-cover rounded-2xl border shadow
.next/server/app/popcorn-removal/etobicoke.html,/home/5.webp,Etobicoke project,,,600,800,134657,False,,,w-full h-56 object-cover rounded-2xl border shadow
.next/server/app/popcorn-removal/etobicoke.html,/home/6.webp,Etobicoke project,,,600,800,155642,False,,,w-full h-56 object-cover rounded-2xl border shadow
.next/server/app/popcorn-removal/mississauga.html,/logo.png,Popcorn ceiling removal EPF Pro Services,,,200,56,16050,False,,,w-auto h-14 md:h-16 object-contain
.next/server/app/popcorn-removal/mississauga.html,/home/1.webp,Wallpaper removal — dining room (before),1200,800,1024,1024,1894057,False,,,w-full h-56 object-cover
.next/server/app/popcorn-removal/mississauga.html,/home/2.webp,Popcorn ceiling removal — Port Credit living room (removal),1200,800,1080,1440,740381,False,,,w-full h-56 object-cover
.next/server/app/popcorn-removal/mississauga.html,/home/3.webp,Wallpaper removal — Erin Mills,1200,800,600,800,98736,False,,,w-full h-56 object-cover
.next/server/app/popcorn-removal/mississauga.html,/home/4.webp,Drywall repair — Cooksville ceiling,1200,800,800,533,643939,False,,,w-full h-56 object-cover
.next/server/app/popcorn-removal/mississauga.html,/home/5.webp,Interior painting — Meadowvale ceiling painting,1200,800,600,800,134657,False,,,w-full h-56 object-cover
.next/server/app/popcorn-removal/mississauga.html,/home/6.webp,Smooth ceiling — Lorne Park hallway (during),1200,800,600,800,155642,False,,,w-full h-56 object-cover
.next/server/app/popcorn-removal/north-york.html,/logo.png,Popcorn ceiling removal EPF Pro Services,,,200,56,16050,False,,,w-auto h-14 md:h-16 object-contain
.next/server/app/popcorn-removal/north-york.html,/home/1.webp,North York project,,,1024,1024,1894057,False,,,w-full h-56 object-cover rounded-2xl border shadow
.next/server/app/popcorn-removal/north-york.html,/home/2.webp,North York project,,,1080,1440,740381,False,,,w-full h-56 object-cover rounded-2xl border shadow
.next/server/app/popcorn-removal/north-york.html,/home/3.webp,North York project,,,600,800,98736,False,,,w-full h-56 object-cover rounded-2xl border shadow
.next/server/app/popcorn-removal/north-york.html,/home/4.webp,North York project,,,800,533,643939,False,,,w-full h-56 object-cover rounded-2xl border shadow
.next/server/app/popcorn-removal/north-york.html,/home/5.webp,North York project,,,600,800,134657,False,,,w-full h-56 object-cover rounded-2xl border shadow
.next/server/app/popcorn-removal/north-york.html,/home/6.webp,North York project,,,600,800,155642,False,,,w-full h-56 object-cover rounded-2xl border shadow
.next/server/app/blog/oakville-popcorn-ceiling-removal-before-after.html,/logo.png,Popcorn ceiling removal EPF Pro Services,,,200,56,16050,False,,,w-auto h-14 md:h-16 object-contain
.next/server/app/blog/oakville-popcorn-ceiling-removal-before-after.html,/gallery/popcornceilingremoval_4234.jpeg,EPF project example showing a smooth finished ceiling in an empty living area,565,640,565,640,50271,False,,,h-auto w-full object-cover
.next/server/app/blog/oakville-popcorn-ceiling-removal-before-after.html,/gallery/popcornceilingremoval_4240.jpeg,Popcorn ceiling texture above a room protected with wall sheeting,533,640,533,640,83886,False,,,h-auto w-full object-cover
.next/server/app/blog/oakville-popcorn-ceiling-removal-before-after.html,/gallery/popcorn-ceiling-removal4.jpeg,Vacuum-connected ceiling sander working across textured ceiling,565,640,565,640,143388,False,,,h-auto w-full object-cover
.next/server/app/blog/oakville-popcorn-ceiling-removal-before-after.html,/gallery/popcornceilingremoval_4232.jpeg,Contractor using a vacuum system beneath a finished hallway ceiling,480,640,480,640,68027,False,,,h-auto w-full object-cover
.next/server/app/blog/oakville-popcorn-ceiling-removal-before-after.html,/gallery/popcorn-ceiling-removal.jpeg,Contractor checking a skim-coated ceiling beside a staircase,480,640,480,640,75580,False,,,h-auto w-full object-cover
.next/server/app/blog/oakville-popcorn-ceiling-removal-before-after.html,/gallery/popcornceilingremoval_4241.jpeg,Smooth white ceiling finished around recessed lights,533,640,533,640,22963,False,,,h-auto w-full object-cover
.next/server/app/blog/oakville-popcorn-ceiling-removal-before-after.html,/gallery/popcornceilingremoval_4238.jpeg,Finished smooth ceiling with recessed lights and daylight from windows,640,640,640,640,46493,False,,,h-auto w-full object-cover
.next/server/app/videos/skim-coat-sanding.html,/logo.png,Popcorn ceiling removal EPF Pro Services,,,200,56,16050,False,,,w-auto h-14 md:h-16 object-contain
.next/server/app/videos/skim-coat-sanding.html,https://i.ytimg.com/vi/g8Zl0XlbxBo/hqdefault.jpg,Ceiling Prep & Containment,,,,,,False,,,h-16 w-full rounded-lg object-cover border
.next/server/app/videos/skim-coat-sanding.html,https://i.ytimg.com/vi/nSnbyGVqbMQ/hqdefault.jpg,Finished Level 5 Ceilings,,,,,,False,,,h-16 w-full rounded-lg object-cover border
.next/server/app/videos/ceiling-prep-containment.html,/logo.png,Popcorn ceiling removal EPF Pro Services,,,200,56,16050,False,,,w-auto h-14 md:h-16 object-contain
.next/server/app/videos/ceiling-prep-containment.html,https://i.ytimg.com/vi/73P8rMOy9pc/hqdefault.jpg,Skim Coat & Sanding,,,,,,False,,,h-16 w-full rounded-lg object-cover border
.next/server/app/videos/ceiling-prep-containment.html,https://i.ytimg.com/vi/nSnbyGVqbMQ/hqdefault.jpg,Finished Level 5 Ceilings,,,,,,False,,,h-16 w-full rounded-lg object-cover border
.next/server/app/videos/finished-level-5-ceilings.html,/logo.png,Popcorn ceiling removal EPF Pro Services,,,200,56,16050,False,,,w-auto h-14 md:h-16 object-contain
.next/server/app/videos/finished-level-5-ceilings.html,https://i.ytimg.com/vi/g8Zl0XlbxBo/hqdefault.jpg,Ceiling Prep & Containment,,,,,,False,,,h-16 w-full rounded-lg object-cover border
.next/server/app/videos/finished-level-5-ceilings.html,https://i.ytimg.com/vi/73P8rMOy9pc/hqdefault.jpg,Skim Coat & Sanding,,,,,,False,,,h-16 w-full rounded-lg object-cover border
.next/server/app/popcorn-ceiling-removal/st-catharines.html,/logo.png,Popcorn ceiling removal EPF Pro Services,,,200,56,16050,False,,,w-auto h-14 md:h-16 object-contain
.next/server/app/popcorn-ceiling-removal/st-catharines.html,/gallery/Popcorn-ceiling-removal-stcatharines/popcorn-ceiling-removal00001.jpg,St. Catharines popcorn ceiling removal,,,899,1200,157291,False,,,object-cover
.next/server/app/popcorn-ceiling-removal/st-catharines.html,/gallery/Popcorn-ceiling-removal-stcatharines/popcorn-ceiling-removal00001.jpg,St. Catharines popcorn ceiling removal project 1,,,899,1200,157291,False,,,object-cover transition-transform duration-500 group-hover:scale-110
.next/server/app/popcorn-ceiling-removal/st-catharines.html,/gallery/Popcorn-ceiling-removal-stcatharines/popcorn-ceiling-removal00002.jpg,St. Catharines popcorn ceiling removal project 2,,,900,1200,191273,False,,,object-cover transition-transform duration-500 group-hover:scale-110
.next/server/app/popcorn-ceiling-removal/st-catharines.html,/gallery/Popcorn-ceiling-removal-stcatharines/popcorn-ceiling-removal00003.jpg,St. Catharines popcorn ceiling removal project 3,,,900,1200,180081,False,,,object-cover transition-transform duration-500 group-hover:scale-110
.next/server/app/popcorn-ceiling-removal/st-catharines.html,/gallery/Popcorn-ceiling-removal-stcatharines/popcorn-ceiling-removal00004.jpg,St. Catharines popcorn ceiling removal project 4,,,900,1200,176018,False,,,object-cover transition-transform duration-500 group-hover:scale-110
.next/server/app/popcorn-ceiling-removal/st-catharines.html,/gallery/Popcorn-ceiling-removal-stcatharines/popcorn-ceiling-removal00005.jpg,St. Catharines popcorn ceiling removal project 5,,,900,1200,153146,False,,,object-cover transition-transform duration-500 group-hover:scale-110
.next/server/app/popcorn-ceiling-removal/st-catharines.html,/gallery/Popcorn-ceiling-removal-stcatharines/popcorn-ceiling-removal00006.jpg,St. Catharines popcorn ceiling removal project 6,,,900,1200,147560,False,,,object-cover transition-transform duration-500 group-hover:scale-110
.next/server/app/popcorn-ceiling-removal/st-catharines.html,/gallery/Popcorn-ceiling-removal-stcatharines/popcorn-ceiling-removal00007.jpg,St. Catharines popcorn ceiling removal project 7,,,900,1200,167660,False,,,object-cover transition-transform duration-500 group-hover:scale-110
.next/server/app/popcorn-ceiling-removal/st-catharines.html,/gallery/Popcorn-ceiling-removal-stcatharines/popcorn-ceiling-removal00008.jpg,St. Catharines popcorn ceiling removal project 8,,,900,1200,112068,False,,,object-cover transition-transform duration-500 group-hover:scale-110
.next/server/app/popcorn-ceiling-removal/st-catharines.html,/gallery/Popcorn-ceiling-removal-stcatharines/popcorn-ceiling-removal00009.jpg,St. Catharines popcorn ceiling removal project 9,,,900,1200,166601,False,,,object-cover transition-transform duration-500 group-hover:scale-110
.next/server/app/popcorn-ceiling-removal/toronto.html,/logo.png,Popcorn ceiling removal EPF Pro Services,,,200,56,16050,False,,,w-auto h-14 md:h-16 object-contain
.next/server/app/popcorn-ceiling-removal/toronto.html,/services/popcorn-ceiling-removal/1.webp,Popcorn ceiling removal in a Toronto home — project 1,,,428,571,134273,False,,,w-full h-56 object-cover rounded-2xl border shadow
.next/server/app/popcorn-ceiling-removal/toronto.html,/services/popcorn-ceiling-removal/2.webp,Popcorn ceiling removal in a Toronto home — project 2,,,380,507,96554,False,,,w-full h-56 object-cover rounded-2xl border shadow
.next/server/app/popcorn-ceiling-removal/toronto.html,/services/popcorn-ceiling-removal/3.webp,Popcorn ceiling removal in a Toronto home — project 3,,,380,507,71046,False,,,w-full h-56 object-cover rounded-2xl border shadow
.next/server/app/popcorn-ceiling-removal/toronto.html,/services/popcorn-ceiling-removal/4.webp,Popcorn ceiling removal in a Toronto home — project 4,,,380,380,56525,False,,,w-full h-56 object-cover rounded-2xl border shadow
.next/server/app/popcorn-ceiling-removal/toronto.html,/services/popcorn-ceiling-removal/5.webp,Popcorn ceiling removal in a Toronto home — project 5,,,380,507,60895,False,,,w-full h-56 object-cover rounded-2xl border shadow
.next/server/app/popcorn-ceiling-removal/toronto.html,/services/popcorn-ceiling-removal/6.webp,Popcorn ceiling removal in a Toronto home — project 6,,,432,288,205502,False,,,w-full h-56 object-cover rounded-2xl border shadow
.next/server/app/popcorn-ceiling-removal/hamilton.html,/logo.png,Popcorn ceiling removal EPF Pro Services,,,200,56,16050,False,,,w-auto h-14 md:h-16 object-contain
.next/server/app/popcorn-ceiling-removal/hamilton.html,/services/popcorn-ceiling-removal/1.webp,Popcorn ceiling removal Hamilton background,,,428,571,134273,False,,,object-cover
.next/server/app/popcorn-ceiling-removal/hamilton.html,/services/popcorn-ceiling-removal/1.webp,Popcorn ceiling removal Hamilton project 1,,,428,571,134273,False,,,object-cover transition-transform duration-500 group-hover:scale-110
.next/server/app/popcorn-ceiling-removal/hamilton.html,/services/popcorn-ceiling-removal/2.webp,Popcorn ceiling removal Hamilton project 2,,,380,507,96554,False,,,object-cover transition-transform duration-500 group-hover:scale-110
.next/server/app/popcorn-ceiling-removal/hamilton.html,/services/popcorn-ceiling-removal/3.webp,Popcorn ceiling removal Hamilton project 3,,,380,507,71046,False,,,object-cover transition-transform duration-500 group-hover:scale-110
.next/server/app/popcorn-ceiling-removal/hamilton.html,/services/popcorn-ceiling-removal/4.webp,Popcorn ceiling removal Hamilton project 4,,,380,380,56525,False,,,object-cover transition-transform duration-500 group-hover:scale-110
.next/server/app/popcorn-ceiling-removal/hamilton.html,/services/popcorn-ceiling-removal/5.webp,Popcorn ceiling removal Hamilton project 5,,,380,507,60895,False,,,object-cover transition-transform duration-500 group-hover:scale-110
.next/server/app/popcorn-ceiling-removal/hamilton.html,/services/popcorn-ceiling-removal/6.webp,Popcorn ceiling removal Hamilton project 6,,,432,288,205502,False,,,object-cover transition-transform duration-500 group-hover:scale-110
.next/server/app/popcorn-ceiling-removal/milton.html,/logo.png,Popcorn ceiling removal EPF Pro Services,,,200,56,16050,False,,,w-auto h-14 md:h-16 object-contain
.next/server/app/popcorn-ceiling-removal/milton.html,/services/popcorn-ceiling-removal/1.webp,Milton popcorn ceiling removal,,,428,571,134273,False,,,w-full h-full object-cover
.next/server/app/popcorn-ceiling-removal/milton.html,/services/popcorn-ceiling-removal/1.webp,Milton popcorn ceiling removal project 1,,,428,571,134273,False,,,w-full h-72 object-cover group-hover:scale-110 transition-transform duration-500
.next/server/app/popcorn-ceiling-removal/milton.html,/services/popcorn-ceiling-removal/2.webp,Milton popcorn ceiling removal project 2,,,380,507,96554,False,,,w-full h-72 object-cover group-hover:scale-110 transition-transform duration-500
.next/server/app/popcorn-ceiling-removal/milton.html,/services/popcorn-ceiling-removal/3.webp,Milton popcorn ceiling removal project 3,,,380,507,71046,False,,,w-full h-72 object-cover group-hover:scale-110 transition-transform duration-500
.next/server/app/popcorn-ceiling-removal/milton.html,/services/popcorn-ceiling-removal/4.webp,Milton popcorn ceiling removal project 4,,,380,380,56525,False,,,w-full h-72 object-cover group-hover:scale-110 transition-transform duration-500
.next/server/app/popcorn-ceiling-removal/milton.html,/services/popcorn-ceiling-removal/5.webp,Milton popcorn ceiling removal project 5,,,380,507,60895,False,,,w-full h-72 object-cover group-hover:scale-110 transition-transform duration-500
.next/server/app/popcorn-ceiling-removal/milton.html,/services/popcorn-ceiling-removal/6.webp,Milton popcorn ceiling removal project 6,,,432,288,205502,False,,,w-full h-72 object-cover group-hover:scale-110 transition-transform duration-500
.next/server/app/popcorn-ceiling-removal/oakville.html,/logo.png,Popcorn ceiling removal EPF Pro Services,,,200,56,16050,False,,,w-auto h-14 md:h-16 object-contain
.next/server/app/popcorn-ceiling-removal/oakville.html,/services/popcorn-ceiling-removal/1.webp,Oakville popcorn ceiling removal project,,,428,571,134273,False,,,w-full h-full object-cover
.next/server/app/popcorn-ceiling-removal/oakville.html,/services/popcorn-ceiling-removal/1.webp,Oakville popcorn ceiling removal project 1,,,428,571,134273,False,,,w-full h-72 object-cover group-hover:scale-110 transition-transform duration-500
.next/server/app/popcorn-ceiling-removal/oakville.html,/services/popcorn-ceiling-removal/2.webp,Oakville popcorn ceiling removal project 2,,,380,507,96554,False,,,w-full h-72 object-cover group-hover:scale-110 transition-transform duration-500
.next/server/app/popcorn-ceiling-removal/oakville.html,/services/popcorn-ceiling-removal/3.webp,Oakville popcorn ceiling removal project 3,,,380,507,71046,False,,,w-full h-72 object-cover group-hover:scale-110 transition-transform duration-500
.next/server/app/popcorn-ceiling-removal/oakville.html,/services/popcorn-ceiling-removal/4.webp,Oakville popcorn ceiling removal project 4,,,380,380,56525,False,,,w-full h-72 object-cover group-hover:scale-110 transition-transform duration-500
.next/server/app/popcorn-ceiling-removal/oakville.html,/services/popcorn-ceiling-removal/5.webp,Oakville popcorn ceiling removal project 5,,,380,507,60895,False,,,w-full h-72 object-cover group-hover:scale-110 transition-transform duration-500
.next/server/app/popcorn-ceiling-removal/oakville.html,/services/popcorn-ceiling-removal/6.webp,Oakville popcorn ceiling removal project 6,,,432,288,205502,False,,,w-full h-72 object-cover group-hover:scale-110 transition-transform duration-500
.next/server/app/popcorn-ceiling-removal/burlington.html,/logo.png,Popcorn ceiling removal EPF Pro Services,,,200,56,16050,False,,,w-auto h-14 md:h-16 object-contain
.next/server/app/popcorn-ceiling-removal/burlington.html,/services/popcorn-ceiling-removal/1.webp,Burlington popcorn ceiling removal,,,428,571,134273,False,,,w-full h-full object-cover
.next/server/app/popcorn-ceiling-removal/burlington.html,/services/popcorn-ceiling-removal/1.webp,Burlington popcorn ceiling removal project 1,,,428,571,134273,False,,,w-full h-72 object-cover group-hover:scale-110 transition-transform duration-500
.next/server/app/popcorn-ceiling-removal/burlington.html,/services/popcorn-ceiling-removal/2.webp,Burlington popcorn ceiling removal project 2,,,380,507,96554,False,,,w-full h-72 object-cover group-hover:scale-110 transition-transform duration-500
.next/server/app/popcorn-ceiling-removal/burlington.html,/services/popcorn-ceiling-removal/3.webp,Burlington popcorn ceiling removal project 3,,,380,507,71046,False,,,w-full h-72 object-cover group-hover:scale-110 transition-transform duration-500
.next/server/app/popcorn-ceiling-removal/burlington.html,/services/popcorn-ceiling-removal/4.webp,Burlington popcorn ceiling removal project 4,,,380,380,56525,False,,,w-full h-72 object-cover group-hover:scale-110 transition-transform duration-500
.next/server/app/popcorn-ceiling-removal/burlington.html,/services/popcorn-ceiling-removal/5.webp,Burlington popcorn ceiling removal project 5,,,380,507,60895,False,,,w-full h-72 object-cover group-hover:scale-110 transition-transform duration-500
.next/server/app/popcorn-ceiling-removal/burlington.html,/services/popcorn-ceiling-removal/6.webp,Burlington popcorn ceiling removal project 6,,,432,288,205502,False,,,w-full h-72 object-cover group-hover:scale-110 transition-transform duration-500
.next/server/app/popcorn-ceiling-removal/etobicoke.html,/logo.png,Popcorn ceiling removal EPF Pro Services,,,200,56,16050,False,,,w-auto h-14 md:h-16 object-contain
.next/server/app/popcorn-ceiling-removal/etobicoke.html,/services/popcorn-ceiling-removal/1.webp,Popcorn ceiling removal in an Etobicoke home — project 1,,,428,571,134273,False,,,w-full h-56 object-cover rounded-2xl border shadow
.next/server/app/popcorn-ceiling-removal/etobicoke.html,/services/popcorn-ceiling-removal/2.webp,Popcorn ceiling removal in an Etobicoke home — project 2,,,380,507,96554,False,,,w-full h-56 object-cover rounded-2xl border shadow
.next/server/app/popcorn-ceiling-removal/etobicoke.html,/services/popcorn-ceiling-removal/3.webp,Popcorn ceiling removal in an Etobicoke home — project 3,,,380,507,71046,False,,,w-full h-56 object-cover rounded-2xl border shadow
.next/server/app/popcorn-ceiling-removal/etobicoke.html,/services/popcorn-ceiling-removal/4.webp,Popcorn ceiling removal in an Etobicoke home — project 4,,,380,380,56525,False,,,w-full h-56 object-cover rounded-2xl border shadow
.next/server/app/popcorn-ceiling-removal/etobicoke.html,/services/popcorn-ceiling-removal/5.webp,Popcorn ceiling removal in an Etobicoke home — project 5,,,380,507,60895,False,,,w-full h-56 object-cover rounded-2xl border shadow
.next/server/app/popcorn-ceiling-removal/etobicoke.html,/services/popcorn-ceiling-removal/6.webp,Popcorn ceiling removal in an Etobicoke home — project 6,,,432,288,205502,False,,,w-full h-56 object-cover rounded-2xl border shadow
.next/server/app/popcorn-ceiling-removal/mississauga.html,/logo.png,Popcorn ceiling removal EPF Pro Services,,,200,56,16050,False,,,w-auto h-14 md:h-16 object-contain
.next/server/app/popcorn-ceiling-removal/mississauga.html,/gallery/popcorn-ceiling-removal4.jpeg,Stucco ceiling being sanded before removal in Mississauga,,,565,640,143388,False,,,h-56 w-full object-cover md:h-72
.next/server/app/popcorn-ceiling-removal/mississauga.html,/gallery/popcorn-ceiling-removal.jpeg,Mississauga popcorn ceiling after removal,,,480,640,75580,False,,,h-56 w-full object-cover md:h-72
.next/server/app/popcorn-ceiling-removal/mississauga.html,/services/popcorn-ceiling-removal/1.webp,Mississauga popcorn ceiling removal before and after 1,,,428,571,134273,False,,,h-44 w-full object-cover transition duration-500 hover:scale-105
.next/server/app/popcorn-ceiling-removal/mississauga.html,/services/popcorn-ceiling-removal/2.webp,Mississauga stipple ceiling removal before and after 2,,,380,507,96554,False,,,h-44 w-full object-cover transition duration-500 hover:scale-105
.next/server/app/popcorn-ceiling-removal/mississauga.html,/services/popcorn-ceiling-removal/3.webp,Mississauga stucco ceiling removal before and after 3,,,380,507,71046,False,,,h-44 w-full object-cover transition duration-500 hover:scale-105
.next/server/app/popcorn-ceiling-removal/mississauga.html,/services/popcorn-ceiling-removal/4.webp,Mississauga popcorn ceiling removal before and after 4,,,380,380,56525,False,,,h-44 w-full object-cover transition duration-500 hover:scale-105
.next/server/app/popcorn-ceiling-removal/mississauga.html,/services/popcorn-ceiling-removal/5.webp,Mississauga stipple ceiling removal before and after 5,,,380,507,60895,False,,,h-44 w-full object-cover transition duration-500 hover:scale-105
.next/server/app/popcorn-ceiling-removal/mississauga.html,/services/popcorn-ceiling-removal/6.webp,Mississauga stucco ceiling removal before and after 6,,,432,288,205502,False,,,h-44 w-full object-cover transition duration-500 hover:scale-105
.next/server/app/popcorn-ceiling-removal/north-york.html,/logo.png,Popcorn ceiling removal EPF Pro Services,,,200,56,16050,False,,,w-auto h-14 md:h-16 object-contain
.next/server/app/popcorn-ceiling-removal/north-york.html,/services/popcorn-ceiling-removal/1.webp,Popcorn ceiling removal in a North York home — project 1,,,428,571,134273,False,,,w-full h-56 object-cover rounded-2xl border shadow
.next/server/app/popcorn-ceiling-removal/north-york.html,/services/popcorn-ceiling-removal/2.webp,Popcorn ceiling removal in a North York home — project 2,,,380,507,96554,False,,,w-full h-56 object-cover rounded-2xl border shadow
.next/server/app/popcorn-ceiling-removal/north-york.html,/services/popcorn-ceiling-removal/3.webp,Popcorn ceiling removal in a North York home — project 3,,,380,507,71046,False,,,w-full h-56 object-cover rounded-2xl border shadow
.next/server/app/popcorn-ceiling-removal/north-york.html,/services/popcorn-ceiling-removal/4.webp,Popcorn ceiling removal in a North York home — project 4,,,380,380,56525,False,,,w-full h-56 object-cover rounded-2xl border shadow
.next/server/app/popcorn-ceiling-removal/north-york.html,/services/popcorn-ceiling-removal/5.webp,Popcorn ceiling removal in a North York home — project 5,,,380,507,60895,False,,,w-full h-56 object-cover rounded-2xl border shadow
.next/server/app/popcorn-ceiling-removal/north-york.html,/services/popcorn-ceiling-removal/6.webp,Popcorn ceiling removal in a North York home — project 6,,,432,288,205502,False,,,w-full h-56 object-cover rounded-2xl border shadow
.next/server/app/popcorn-ceiling-removal/grimsby.html,/logo.png,Popcorn ceiling removal EPF Pro Services,,,200,56,16050,False,,,w-auto h-14 md:h-16 object-contain
.next/server/app/popcorn-ceiling-removal/grimsby.html,/gallery/PopcornCeilingRemoval/popcorn-ceiling-removal1.jpg,Grimsby popcorn ceiling removal,,,500,667,116399,False,,,w-full h-full object-cover
.next/server/app/popcorn-ceiling-removal/grimsby.html,/gallery/PopcornCeilingRemoval/popcorn-ceiling-removal1.jpg,Grimsby popcorn ceiling removal project 1,,,500,667,116399,False,,,w-full h-72 object-cover group-hover:scale-110 transition-transform duration-500
.next/server/app/popcorn-ceiling-removal/grimsby.html,/gallery/PopcornCeilingRemoval/popcorn-ceiling-removal2.jpg,Grimsby popcorn ceiling removal project 2,,,500,667,97528,False,,,w-full h-72 object-cover group-hover:scale-110 transition-transform duration-500
.next/server/app/popcorn-ceiling-removal/grimsby.html,/gallery/PopcornCeilingRemoval/popcorn-ceiling-removal3.jpg,Grimsby popcorn ceiling removal project 3,,,500,667,90251,False,,,w-full h-72 object-cover group-hover:scale-110 transition-transform duration-500
.next/server/app/popcorn-ceiling-removal/grimsby.html,/gallery/PopcornCeilingRemoval/popcorn-ceiling-removal4.jpg,Grimsby popcorn ceiling removal project 4,,,500,667,101163,False,,,w-full h-72 object-cover group-hover:scale-110 transition-transform duration-500
.next/server/app/popcorn-ceiling-removal/grimsby.html,/gallery/PopcornCeilingRemoval/popcorn-ceiling-removal5.jpg,Grimsby popcorn ceiling removal project 5,,,500,667,228007,False,,,w-full h-72 object-cover group-hover:scale-110 transition-transform duration-500
.next/server/app/popcorn-ceiling-removal/grimsby.html,/gallery/PopcornCeilingRemoval/popcorn-ceiling-removal6.jpg,Grimsby popcorn ceiling removal project 6,,,500,667,164456,False,,,w-full h-72 object-cover group-hover:scale-110 transition-transform duration-500
.next/server/app/popcorn-ceiling-removal/hamilton/kirkendall.html,/logo.png,Popcorn ceiling removal EPF Pro Services,,,200,56,16050,False,,,w-auto h-14 md:h-16 object-contain
.next/server/app/popcorn-ceiling-removal/hamilton/hamilton-mountain.html,/logo.png,Popcorn ceiling removal EPF Pro Services,,,200,56,16050,False,,,w-auto h-14 md:h-16 object-contain
.next/server/app/popcorn-ceiling-removal/hamilton/beasley.html,/logo.png,Popcorn ceiling removal EPF Pro Services,,,200,56,16050,False,,,w-auto h-14 md:h-16 object-contain
.next/server/app/popcorn-ceiling-removal/hamilton/westdale.html,/logo.png,Popcorn ceiling removal EPF Pro Services,,,200,56,16050,False,,,w-auto h-14 md:h-16 object-contain
.next/server/app/popcorn-ceiling-removal/hamilton/corktown.html,/logo.png,Popcorn ceiling removal EPF Pro Services,,,200,56,16050,False,,,w-auto h-14 md:h-16 object-contain
.next/server/app/popcorn-ceiling-removal/hamilton/stoney-creek.html,/logo.png,Popcorn ceiling removal EPF Pro Services,,,200,56,16050,False,,,w-auto h-14 md:h-16 object-contain
.next/server/app/popcorn-ceiling-removal/hamilton/stoney-creek.html,/services/popcorn-ceiling-removal/1.webp,Stoney Creek popcorn ceiling removal,,,428,571,134273,False,,,w-full h-full object-cover
.next/server/app/popcorn-ceiling-removal/hamilton/stoney-creek.html,/services/popcorn-ceiling-removal/1.webp,Stoney Creek popcorn ceiling removal project 1,,,428,571,134273,False,,,w-full h-72 object-cover group-hover:scale-110 transition-transform duration-500
.next/server/app/popcorn-ceiling-removal/hamilton/stoney-creek.html,/services/popcorn-ceiling-removal/2.webp,Stoney Creek popcorn ceiling removal project 2,,,380,507,96554,False,,,w-full h-72 object-cover group-hover:scale-110 transition-transform duration-500
.next/server/app/popcorn-ceiling-removal/hamilton/stoney-creek.html,/services/popcorn-ceiling-removal/3.webp,Stoney Creek popcorn ceiling removal project 3,,,380,507,71046,False,,,w-full h-72 object-cover group-hover:scale-110 transition-transform duration-500
.next/server/app/popcorn-ceiling-removal/hamilton/stoney-creek.html,/services/popcorn-ceiling-removal/4.webp,Stoney Creek popcorn ceiling removal project 4,,,380,380,56525,False,,,w-full h-72 object-cover group-hover:scale-110 transition-transform duration-500
.next/server/app/popcorn-ceiling-removal/hamilton/stoney-creek.html,/services/popcorn-ceiling-removal/5.webp,Stoney Creek popcorn ceiling removal project 5,,,380,507,60895,False,,,w-full h-72 object-cover group-hover:scale-110 transition-transform duration-500
.next/server/app/popcorn-ceiling-removal/hamilton/stoney-creek.html,/services/popcorn-ceiling-removal/6.webp,Stoney Creek popcorn ceiling removal project 6,,,432,288,205502,False,,,w-full h-72 object-cover group-hover:scale-110 transition-transform duration-500
.next/server/app/popcorn-ceiling-removal/hamilton/durand.html,/logo.png,Popcorn ceiling removal EPF Pro Services,,,200,56,16050,False,,,w-auto h-14 md:h-16 object-contain
.next/server/app/popcorn-ceiling-removal/hamilton/binbrook.html,/logo.png,Popcorn ceiling removal EPF Pro Services,,,200,56,16050,False,,,w-auto h-14 md:h-16 object-contain
.next/server/app/popcorn-ceiling-removal/hamilton/ancaster.html,/logo.png,Popcorn ceiling removal EPF Pro Services,,,200,56,16050,False,,,w-auto h-14 md:h-16 object-contain
.next/server/app/popcorn-ceiling-removal/hamilton/ancaster.html,/services/popcorn-ceiling-removal/1.webp,Popcorn ceiling removal in an Ancaster home — project 1,,,428,571,134273,False,,,w-full h-56 object-cover rounded-2xl border shadow
.next/server/app/popcorn-ceiling-removal/hamilton/ancaster.html,/services/popcorn-ceiling-removal/2.webp,Popcorn ceiling removal in an Ancaster home — project 2,,,380,507,96554,False,,,w-full h-56 object-cover rounded-2xl border shadow
.next/server/app/popcorn-ceiling-removal/hamilton/ancaster.html,/services/popcorn-ceiling-removal/3.webp,Popcorn ceiling removal in an Ancaster home — project 3,,,380,507,71046,False,,,w-full h-56 object-cover rounded-2xl border shadow
.next/server/app/popcorn-ceiling-removal/hamilton/ancaster.html,/services/popcorn-ceiling-removal/4.webp,Popcorn ceiling removal in an Ancaster home — project 4,,,380,380,56525,False,,,w-full h-56 object-cover rounded-2xl border shadow
.next/server/app/popcorn-ceiling-removal/hamilton/ancaster.html,/services/popcorn-ceiling-removal/5.webp,Popcorn ceiling removal in an Ancaster home — project 5,,,380,507,60895,False,,,w-full h-56 object-cover rounded-2xl border shadow
.next/server/app/popcorn-ceiling-removal/hamilton/ancaster.html,/services/popcorn-ceiling-removal/6.webp,Popcorn ceiling removal in an Ancaster home — project 6,,,432,288,205502,False,,,w-full h-56 object-cover rounded-2xl border shadow
.next/server/app/popcorn-ceiling-removal/hamilton/rosedale.html,/logo.png,Popcorn ceiling removal EPF Pro Services,,,200,56,16050,False,,,w-auto h-14 md:h-16 object-contain
.next/server/app/popcorn-ceiling-removal/hamilton/waterdown.html,/logo.png,Popcorn ceiling removal EPF Pro Services,,,200,56,16050,False,,,w-auto h-14 md:h-16 object-contain
.next/server/app/popcorn-ceiling-removal/hamilton/dundas.html,/logo.png,Popcorn ceiling removal EPF Pro Services,,,200,56,16050,False,,,w-auto h-14 md:h-16 object-contain
.next/server/app/popcorn-ceiling-removal/hamilton/dundas.html,/services/popcorn-ceiling-removal/1.webp,Popcorn ceiling removal Dundas Hamilton - Level 5 smooth finish,,,428,571,134273,False,,,w-full h-[500px] object-cover
.next/server/app/popcorn-ceiling-removal/hamilton/dundas.html,/services/popcorn-ceiling-removal/1.webp,Popcorn ceiling removal in a Dundas home — project 1,,,428,571,134273,False,,,w-full h-56 object-cover rounded-2xl border shadow
.next/server/app/popcorn-ceiling-removal/hamilton/dundas.html,/services/popcorn-ceiling-removal/2.webp,Popcorn ceiling removal in a Dundas home — project 2,,,380,507,96554,False,,,w-full h-56 object-cover rounded-2xl border shadow
.next/server/app/popcorn-ceiling-removal/hamilton/dundas.html,/services/popcorn-ceiling-removal/3.webp,Popcorn ceiling removal in a Dundas home — project 3,,,380,507,71046,False,,,w-full h-56 object-cover rounded-2xl border shadow
.next/server/app/popcorn-ceiling-removal/hamilton/dundas.html,/services/popcorn-ceiling-removal/4.webp,Popcorn ceiling removal in a Dundas home — project 4,,,380,380,56525,False,,,w-full h-56 object-cover rounded-2xl border shadow
.next/server/app/popcorn-ceiling-removal/hamilton/dundas.html,/services/popcorn-ceiling-removal/5.webp,Popcorn ceiling removal in a Dundas home — project 5,,,380,507,60895,False,,,w-full h-56 object-cover rounded-2xl border shadow
.next/server/app/popcorn-ceiling-removal/hamilton/dundas.html,/services/popcorn-ceiling-removal/6.webp,Popcorn ceiling removal in a Dundas home — project 6,,,432,288,205502,False,,,w-full h-56 object-cover rounded-2xl border shadow
.next/server/app/popcorn-ceiling-removal/etobicoke/princess-rosethorn.html,/logo.png,Popcorn ceiling removal EPF Pro Services,,,200,56,16050,False,,,w-auto h-14 md:h-16 object-contain
.next/server/app/popcorn-ceiling-removal/etobicoke/long-branch.html,/logo.png,Popcorn ceiling removal EPF Pro Services,,,200,56,16050,False,,,w-auto h-14 md:h-16 object-contain
.next/server/app/popcorn-ceiling-removal/etobicoke/rexdale.html,/logo.png,Popcorn ceiling removal EPF Pro Services,,,200,56,16050,False,,,w-auto h-14 md:h-16 object-contain
.next/server/app/popcorn-ceiling-removal/etobicoke/the-kingsway.html,/logo.png,Popcorn ceiling removal EPF Pro Services,,,200,56,16050,False,,,w-auto h-14 md:h-16 object-contain
.next/server/app/popcorn-ceiling-removal/etobicoke/islington-city-centre-west.html,/logo.png,Popcorn ceiling removal EPF Pro Services,,,200,56,16050,False,,,w-auto h-14 md:h-16 object-contain
.next/server/app/popcorn-ceiling-removal/etobicoke/mimico.html,/logo.png,Popcorn ceiling removal EPF Pro Services,,,200,56,16050,False,,,w-auto h-14 md:h-16 object-contain
.next/server/app/popcorn-ceiling-removal/etobicoke/markland-wood.html,/logo.png,Popcorn ceiling removal EPF Pro Services,,,200,56,16050,False,,,w-auto h-14 md:h-16 object-contain
.next/server/app/popcorn-ceiling-removal/etobicoke/richview.html,/logo.png,Popcorn ceiling removal EPF Pro Services,,,200,56,16050,False,,,w-auto h-14 md:h-16 object-contain
.next/server/app/popcorn-ceiling-removal/etobicoke/new-toronto.html,/logo.png,Popcorn ceiling removal EPF Pro Services,,,200,56,16050,False,,,w-auto h-14 md:h-16 object-contain
.next/server/app/popcorn-ceiling-removal/etobicoke/sunnylea.html,/logo.png,Popcorn ceiling removal EPF Pro Services,,,200,56,16050,False,,,w-auto h-14 md:h-16 object-contain
.next/server/app/popcorn-ceiling-removal/etobicoke/humber-bay-shores.html,/logo.png,Popcorn ceiling removal EPF Pro Services,,,200,56,16050,False,,,w-auto h-14 md:h-16 object-contain
.next/server/app/popcorn-ceiling-removal/etobicoke/the-queensway.html,/logo.png,Popcorn ceiling removal EPF Pro Services,,,200,56,16050,False,,,w-auto h-14 md:h-16 object-contain
.next/server/app/popcorn-ceiling-removal/burlington/aldershot.html,/logo.png,Popcorn ceiling removal EPF Pro Services,,,200,56,16050,False,,,w-auto h-14 md:h-16 object-contain
.next/server/app/popcorn-ceiling-removal/burlington/aldershot.html,/services/popcorn-ceiling-removal/3.webp,Aldershot Burlington popcorn ceiling removal Level 5 smooth finish,,,380,507,71046,False,,,w-full h-auto object-cover aspect-[4/5]
.next/server/app/popcorn-ceiling-removal/burlington/aldershot.html,/services/popcorn-ceiling-removal/1.webp,Aldershot Burlington popcorn ceiling removal — project 1,,,428,571,134273,False,,,w-full h-56 object-cover rounded-2xl border shadow
.next/server/app/popcorn-ceiling-removal/burlington/aldershot.html,/services/popcorn-ceiling-removal/2.webp,Aldershot Burlington popcorn ceiling removal — project 2,,,380,507,96554,False,,,w-full h-56 object-cover rounded-2xl border shadow
.next/server/app/popcorn-ceiling-removal/burlington/aldershot.html,/services/popcorn-ceiling-removal/3.webp,Aldershot Burlington popcorn ceiling removal — project 3,,,380,507,71046,False,,,w-full h-56 object-cover rounded-2xl border shadow
.next/server/app/popcorn-ceiling-removal/burlington/aldershot.html,/services/popcorn-ceiling-removal/4.webp,Aldershot Burlington popcorn ceiling removal — project 4,,,380,380,56525,False,,,w-full h-56 object-cover rounded-2xl border shadow
.next/server/app/popcorn-ceiling-removal/burlington/aldershot.html,/services/popcorn-ceiling-removal/5.webp,Aldershot Burlington popcorn ceiling removal — project 5,,,380,507,60895,False,,,w-full h-56 object-cover rounded-2xl border shadow
.next/server/app/popcorn-ceiling-removal/burlington/aldershot.html,/services/popcorn-ceiling-removal/6.webp,Aldershot Burlington popcorn ceiling removal — project 6,,,432,288,205502,False,,,w-full h-56 object-cover rounded-2xl border shadow
.next/server/app/popcorn-ceiling-removal/burlington/palmer.html,/logo.png,Popcorn ceiling removal EPF Pro Services,,,200,56,16050,False,,,w-auto h-14 md:h-16 object-contain
.next/server/app/popcorn-ceiling-removal/burlington/palmer.html,/services/popcorn-ceiling-removal/1.webp,Palmer Burlington popcorn ceiling removal — project 1,,,428,571,134273,False,,,w-full h-56 object-cover rounded-2xl border shadow
.next/server/app/popcorn-ceiling-removal/burlington/palmer.html,/services/popcorn-ceiling-removal/2.webp,Palmer Burlington popcorn ceiling removal — project 2,,,380,507,96554,False,,,w-full h-56 object-cover rounded-2xl border shadow
.next/server/app/popcorn-ceiling-removal/burlington/palmer.html,/services/popcorn-ceiling-removal/3.webp,Palmer Burlington popcorn ceiling removal — project 3,,,380,507,71046,False,,,w-full h-56 object-cover rounded-2xl border shadow
.next/server/app/popcorn-ceiling-removal/burlington/palmer.html,/services/popcorn-ceiling-removal/4.webp,Palmer Burlington popcorn ceiling removal — project 4,,,380,380,56525,False,,,w-full h-56 object-cover rounded-2xl border shadow
.next/server/app/popcorn-ceiling-removal/burlington/palmer.html,/services/popcorn-ceiling-removal/5.webp,Palmer Burlington popcorn ceiling removal — project 5,,,380,507,60895,False,,,w-full h-56 object-cover rounded-2xl border shadow
.next/server/app/popcorn-ceiling-removal/burlington/palmer.html,/services/popcorn-ceiling-removal/6.webp,Palmer Burlington popcorn ceiling removal — project 6,,,432,288,205502,False,,,w-full h-56 object-cover rounded-2xl border shadow
.next/server/app/popcorn-ceiling-removal/burlington/elizabeth-gardens.html,/logo.png,Popcorn ceiling removal EPF Pro Services,,,200,56,16050,False,,,w-auto h-14 md:h-16 object-contain
.next/server/app/popcorn-ceiling-removal/burlington/elizabeth-gardens.html,/services/popcorn-ceiling-removal/1.webp,Elizabeth Gardens Burlington popcorn ceiling removal — project 1,,,428,571,134273,False,,,w-full h-56 object-cover rounded-2xl border shadow
.next/server/app/popcorn-ceiling-removal/burlington/elizabeth-gardens.html,/services/popcorn-ceiling-removal/2.webp,Elizabeth Gardens Burlington popcorn ceiling removal — project 2,,,380,507,96554,False,,,w-full h-56 object-cover rounded-2xl border shadow
.next/server/app/popcorn-ceiling-removal/burlington/elizabeth-gardens.html,/services/popcorn-ceiling-removal/3.webp,Elizabeth Gardens Burlington popcorn ceiling removal — project 3,,,380,507,71046,False,,,w-full h-56 object-cover rounded-2xl border shadow
.next/server/app/popcorn-ceiling-removal/burlington/elizabeth-gardens.html,/services/popcorn-ceiling-removal/4.webp,Elizabeth Gardens Burlington popcorn ceiling removal — project 4,,,380,380,56525,False,,,w-full h-56 object-cover rounded-2xl border shadow
.next/server/app/popcorn-ceiling-removal/burlington/elizabeth-gardens.html,/services/popcorn-ceiling-removal/5.webp,Elizabeth Gardens Burlington popcorn ceiling removal — project 5,,,380,507,60895,False,,,w-full h-56 object-cover rounded-2xl border shadow
.next/server/app/popcorn-ceiling-removal/burlington/elizabeth-gardens.html,/services/popcorn-ceiling-removal/6.webp,Elizabeth Gardens Burlington popcorn ceiling removal — project 6,,,432,288,205502,False,,,w-full h-56 object-cover rounded-2xl border shadow
.next/server/app/popcorn-ceiling-removal/burlington/alton-village.html,/logo.png,Popcorn ceiling removal EPF Pro Services,,,200,56,16050,False,,,w-auto h-14 md:h-16 object-contain
.next/server/app/popcorn-ceiling-removal/burlington/alton-village.html,/services/popcorn-ceiling-removal/1.webp,Alton Village popcorn ceiling project 1,,,428,571,134273,False,,,h-56 w-full object-cover
.next/server/app/popcorn-ceiling-removal/burlington/alton-village.html,/services/popcorn-ceiling-removal/2.webp,Alton Village popcorn ceiling project 2,,,380,507,96554,False,,,h-56 w-full object-cover
.next/server/app/popcorn-ceiling-removal/burlington/alton-village.html,/services/popcorn-ceiling-removal/3.webp,Alton Village popcorn ceiling project 3,,,380,507,71046,False,,,h-56 w-full object-cover
.next/server/app/popcorn-ceiling-removal/burlington/alton-village.html,/services/popcorn-ceiling-removal/4.webp,Alton Village popcorn ceiling project 4,,,380,380,56525,False,,,h-56 w-full object-cover
.next/server/app/popcorn-ceiling-removal/burlington/alton-village.html,/services/popcorn-ceiling-removal/5.webp,Alton Village popcorn ceiling project 5,,,380,507,60895,False,,,h-56 w-full object-cover
.next/server/app/popcorn-ceiling-removal/burlington/alton-village.html,/services/popcorn-ceiling-removal/6.webp,Alton Village popcorn ceiling project 6,,,432,288,205502,False,,,h-56 w-full object-cover
.next/server/app/popcorn-ceiling-removal/burlington/headon-forest.html,/logo.png,Popcorn ceiling removal EPF Pro Services,,,200,56,16050,False,,,w-auto h-14 md:h-16 object-contain
.next/server/app/popcorn-ceiling-removal/burlington/headon-forest.html,/services/popcorn-ceiling-removal/1.webp,Headon Forest Burlington popcorn ceiling removal — project 1,,,428,571,134273,False,,,w-full h-56 object-cover rounded-2xl border shadow
.next/server/app/popcorn-ceiling-removal/burlington/headon-forest.html,/services/popcorn-ceiling-removal/2.webp,Headon Forest Burlington popcorn ceiling removal — project 2,,,380,507,96554,False,,,w-full h-56 object-cover rounded-2xl border shadow
.next/server/app/popcorn-ceiling-removal/burlington/headon-forest.html,/services/popcorn-ceiling-removal/3.webp,Headon Forest Burlington popcorn ceiling removal — project 3,,,380,507,71046,False,,,w-full h-56 object-cover rounded-2xl border shadow
.next/server/app/popcorn-ceiling-removal/burlington/headon-forest.html,/services/popcorn-ceiling-removal/4.webp,Headon Forest Burlington popcorn ceiling removal — project 4,,,380,380,56525,False,,,w-full h-56 object-cover rounded-2xl border shadow
.next/server/app/popcorn-ceiling-removal/burlington/headon-forest.html,/services/popcorn-ceiling-removal/5.webp,Headon Forest Burlington popcorn ceiling removal — project 5,,,380,507,60895,False,,,w-full h-56 object-cover rounded-2xl border shadow
.next/server/app/popcorn-ceiling-removal/burlington/headon-forest.html,/services/popcorn-ceiling-removal/6.webp,Headon Forest Burlington popcorn ceiling removal — project 6,,,432,288,205502,False,,,w-full h-56 object-cover rounded-2xl border shadow
.next/server/app/popcorn-ceiling-removal/burlington/brant.html,/logo.png,Popcorn ceiling removal EPF Pro Services,,,200,56,16050,False,,,w-auto h-14 md:h-16 object-contain
.next/server/app/popcorn-ceiling-removal/burlington/brant.html,/services/popcorn-ceiling-removal/1.webp,Brant popcorn ceiling project 1,,,428,571,134273,False,,,h-56 w-full object-cover
.next/server/app/popcorn-ceiling-removal/burlington/brant.html,/services/popcorn-ceiling-removal/2.webp,Brant popcorn ceiling project 2,,,380,507,96554,False,,,h-56 w-full object-cover
.next/server/app/popcorn-ceiling-removal/burlington/brant.html,/services/popcorn-ceiling-removal/3.webp,Brant popcorn ceiling project 3,,,380,507,71046,False,,,h-56 w-full object-cover
.next/server/app/popcorn-ceiling-removal/burlington/brant.html,/services/popcorn-ceiling-removal/4.webp,Brant popcorn ceiling project 4,,,380,380,56525,False,,,h-56 w-full object-cover
.next/server/app/popcorn-ceiling-removal/burlington/brant.html,/services/popcorn-ceiling-removal/5.webp,Brant popcorn ceiling project 5,,,380,507,60895,False,,,h-56 w-full object-cover
.next/server/app/popcorn-ceiling-removal/burlington/brant.html,/services/popcorn-ceiling-removal/6.webp,Brant popcorn ceiling project 6,,,432,288,205502,False,,,h-56 w-full object-cover
.next/server/app/popcorn-ceiling-removal/burlington/orchard.html,/logo.png,Popcorn ceiling removal EPF Pro Services,,,200,56,16050,False,,,w-auto h-14 md:h-16 object-contain
.next/server/app/popcorn-ceiling-removal/burlington/orchard.html,/services/popcorn-ceiling-removal/1.webp,Orchard Burlington popcorn ceiling removal — project 1,,,428,571,134273,False,,,w-full h-56 object-cover rounded-2xl border shadow
.next/server/app/popcorn-ceiling-removal/burlington/orchard.html,/services/popcorn-ceiling-removal/2.webp,Orchard Burlington popcorn ceiling removal — project 2,,,380,507,96554,False,,,w-full h-56 object-cover rounded-2xl border shadow
.next/server/app/popcorn-ceiling-removal/burlington/orchard.html,/services/popcorn-ceiling-removal/3.webp,Orchard Burlington popcorn ceiling removal — project 3,,,380,507,71046,False,,,w-full h-56 object-cover rounded-2xl border shadow
.next/server/app/popcorn-ceiling-removal/burlington/orchard.html,/services/popcorn-ceiling-removal/4.webp,Orchard Burlington popcorn ceiling removal — project 4,,,380,380,56525,False,,,w-full h-56 object-cover rounded-2xl border shadow
.next/server/app/popcorn-ceiling-removal/burlington/orchard.html,/services/popcorn-ceiling-removal/5.webp,Orchard Burlington popcorn ceiling removal — project 5,,,380,507,60895,False,,,w-full h-56 object-cover rounded-2xl border shadow
.next/server/app/popcorn-ceiling-removal/burlington/orchard.html,/services/popcorn-ceiling-removal/6.webp,Orchard Burlington popcorn ceiling removal — project 6,,,432,288,205502,False,,,w-full h-56 object-cover rounded-2xl border shadow
.next/server/app/popcorn-ceiling-removal/burlington/tansley.html,/logo.png,Popcorn ceiling removal EPF Pro Services,,,200,56,16050,False,,,w-auto h-14 md:h-16 object-contain
.next/server/app/popcorn-ceiling-removal/burlington/tansley.html,/services/popcorn-ceiling-removal/1.webp,Tansley Burlington popcorn ceiling removal — project 1,,,428,571,134273,False,,,w-full h-56 object-cover rounded-2xl border shadow
.next/server/app/popcorn-ceiling-removal/burlington/tansley.html,/services/popcorn-ceiling-removal/2.webp,Tansley Burlington popcorn ceiling removal — project 2,,,380,507,96554,False,,,w-full h-56 object-cover rounded-2xl border shadow
.next/server/app/popcorn-ceiling-removal/burlington/tansley.html,/services/popcorn-ceiling-removal/3.webp,Tansley Burlington popcorn ceiling removal — project 3,,,380,507,71046,False,,,w-full h-56 object-cover rounded-2xl border shadow
.next/server/app/popcorn-ceiling-removal/burlington/tansley.html,/services/popcorn-ceiling-removal/4.webp,Tansley Burlington popcorn ceiling removal — project 4,,,380,380,56525,False,,,w-full h-56 object-cover rounded-2xl border shadow
.next/server/app/popcorn-ceiling-removal/burlington/tansley.html,/services/popcorn-ceiling-removal/5.webp,Tansley Burlington popcorn ceiling removal — project 5,,,380,507,60895,False,,,w-full h-56 object-cover rounded-2xl border shadow
.next/server/app/popcorn-ceiling-removal/burlington/tansley.html,/services/popcorn-ceiling-removal/6.webp,Tansley Burlington popcorn ceiling removal — project 6,,,432,288,205502,False,,,w-full h-56 object-cover rounded-2xl border shadow
.next/server/app/popcorn-ceiling-removal/burlington/millcroft.html,/logo.png,Popcorn ceiling removal EPF Pro Services,,,200,56,16050,False,,,w-auto h-14 md:h-16 object-contain
.next/server/app/popcorn-ceiling-removal/burlington/millcroft.html,/services/popcorn-ceiling-removal/1.webp,Millcroft Burlington popcorn ceiling removal — project 1,,,428,571,134273,False,,,w-full h-56 object-cover rounded-2xl border shadow
.next/server/app/popcorn-ceiling-removal/burlington/millcroft.html,/services/popcorn-ceiling-removal/2.webp,Millcroft Burlington popcorn ceiling removal — project 2,,,380,507,96554,False,,,w-full h-56 object-cover rounded-2xl border shadow
.next/server/app/popcorn-ceiling-removal/burlington/millcroft.html,/services/popcorn-ceiling-removal/3.webp,Millcroft Burlington popcorn ceiling removal — project 3,,,380,507,71046,False,,,w-full h-56 object-cover rounded-2xl border shadow
.next/server/app/popcorn-ceiling-removal/burlington/millcroft.html,/services/popcorn-ceiling-removal/4.webp,Millcroft Burlington popcorn ceiling removal — project 4,,,380,380,56525,False,,,w-full h-56 object-cover rounded-2xl border shadow
.next/server/app/popcorn-ceiling-removal/burlington/millcroft.html,/services/popcorn-ceiling-removal/5.webp,Millcroft Burlington popcorn ceiling removal — project 5,,,380,507,60895,False,,,w-full h-56 object-cover rounded-2xl border shadow
.next/server/app/popcorn-ceiling-removal/burlington/millcroft.html,/services/popcorn-ceiling-removal/6.webp,Millcroft Burlington popcorn ceiling removal — project 6,,,432,288,205502,False,,,w-full h-56 object-cover rounded-2xl border shadow
.next/server/app/popcorn-ceiling-removal/burlington/mountainside.html,/logo.png,Popcorn ceiling removal EPF Pro Services,,,200,56,16050,False,,,w-auto h-14 md:h-16 object-contain
.next/server/app/popcorn-ceiling-removal/burlington/mountainside.html,/services/popcorn-ceiling-removal/1.webp,Mountainside Burlington popcorn ceiling removal — project 1,,,428,571,134273,False,,,w-full h-56 object-cover rounded-2xl border shadow
.next/server/app/popcorn-ceiling-removal/burlington/mountainside.html,/services/popcorn-ceiling-removal/2.webp,Mountainside Burlington popcorn ceiling removal — project 2,,,380,507,96554,False,,,w-full h-56 object-cover rounded-2xl border shadow
.next/server/app/popcorn-ceiling-removal/burlington/mountainside.html,/services/popcorn-ceiling-removal/3.webp,Mountainside Burlington popcorn ceiling removal — project 3,,,380,507,71046,False,,,w-full h-56 object-cover rounded-2xl border shadow
.next/server/app/popcorn-ceiling-removal/burlington/mountainside.html,/services/popcorn-ceiling-removal/4.webp,Mountainside Burlington popcorn ceiling removal — project 4,,,380,380,56525,False,,,w-full h-56 object-cover rounded-2xl border shadow
.next/server/app/popcorn-ceiling-removal/burlington/mountainside.html,/services/popcorn-ceiling-removal/5.webp,Mountainside Burlington popcorn ceiling removal — project 5,,,380,507,60895,False,,,w-full h-56 object-cover rounded-2xl border shadow
.next/server/app/popcorn-ceiling-removal/burlington/mountainside.html,/services/popcorn-ceiling-removal/6.webp,Mountainside Burlington popcorn ceiling removal — project 6,,,432,288,205502,False,,,w-full h-56 object-cover rounded-2xl border shadow
.next/server/app/popcorn-ceiling-removal/burlington/roseland.html,/logo.png,Popcorn ceiling removal EPF Pro Services,,,200,56,16050,False,,,w-auto h-14 md:h-16 object-contain
.next/server/app/popcorn-ceiling-removal/burlington/roseland.html,/services/popcorn-ceiling-removal/1.webp,Roseland Burlington popcorn ceiling removal — project 1,,,428,571,134273,False,,,w-full h-56 object-cover rounded-2xl border shadow
.next/server/app/popcorn-ceiling-removal/burlington/roseland.html,/services/popcorn-ceiling-removal/2.webp,Roseland Burlington popcorn ceiling removal — project 2,,,380,507,96554,False,,,w-full h-56 object-cover rounded-2xl border shadow
.next/server/app/popcorn-ceiling-removal/burlington/roseland.html,/services/popcorn-ceiling-removal/3.webp,Roseland Burlington popcorn ceiling removal — project 3,,,380,507,71046,False,,,w-full h-56 object-cover rounded-2xl border shadow
.next/server/app/popcorn-ceiling-removal/burlington/roseland.html,/services/popcorn-ceiling-removal/4.webp,Roseland Burlington popcorn ceiling removal — project 4,,,380,380,56525,False,,,w-full h-56 object-cover rounded-2xl border shadow
.next/server/app/popcorn-ceiling-removal/burlington/roseland.html,/services/popcorn-ceiling-removal/5.webp,Roseland Burlington popcorn ceiling removal — project 5,,,380,507,60895,False,,,w-full h-56 object-cover rounded-2xl border shadow
.next/server/app/popcorn-ceiling-removal/burlington/roseland.html,/services/popcorn-ceiling-removal/6.webp,Roseland Burlington popcorn ceiling removal — project 6,,,432,288,205502,False,,,w-full h-56 object-cover rounded-2xl border shadow
.next/server/app/popcorn-ceiling-removal/burlington/tyandaga.html,/logo.png,Popcorn ceiling removal EPF Pro Services,,,200,56,16050,False,,,w-auto h-14 md:h-16 object-contain
.next/server/app/popcorn-ceiling-removal/burlington/tyandaga.html,/services/popcorn-ceiling-removal/1.webp,Tyandaga Burlington popcorn ceiling removal — project 1,,,428,571,134273,False,,,w-full h-56 object-cover rounded-2xl border shadow
.next/server/app/popcorn-ceiling-removal/burlington/tyandaga.html,/services/popcorn-ceiling-removal/2.webp,Tyandaga Burlington popcorn ceiling removal — project 2,,,380,507,96554,False,,,w-full h-56 object-cover rounded-2xl border shadow
.next/server/app/popcorn-ceiling-removal/burlington/tyandaga.html,/services/popcorn-ceiling-removal/3.webp,Tyandaga Burlington popcorn ceiling removal — project 3,,,380,507,71046,False,,,w-full h-56 object-cover rounded-2xl border shadow
.next/server/app/popcorn-ceiling-removal/burlington/tyandaga.html,/services/popcorn-ceiling-removal/4.webp,Tyandaga Burlington popcorn ceiling removal — project 4,,,380,380,56525,False,,,w-full h-56 object-cover rounded-2xl border shadow
.next/server/app/popcorn-ceiling-removal/burlington/tyandaga.html,/services/popcorn-ceiling-removal/5.webp,Tyandaga Burlington popcorn ceiling removal — project 5,,,380,507,60895,False,,,w-full h-56 object-cover rounded-2xl border shadow
.next/server/app/popcorn-ceiling-removal/burlington/tyandaga.html,/services/popcorn-ceiling-removal/6.webp,Tyandaga Burlington popcorn ceiling removal — project 6,,,432,288,205502,False,,,w-full h-56 object-cover rounded-2xl border shadow
.next/server/app/popcorn-ceiling-removal/burlington/shoreacres.html,/logo.png,Popcorn ceiling removal EPF Pro Services,,,200,56,16050,False,,,w-auto h-14 md:h-16 object-contain
.next/server/app/popcorn-ceiling-removal/burlington/shoreacres.html,/services/popcorn-ceiling-removal/1.webp,Shoreacres Burlington popcorn ceiling removal — project 1,,,428,571,134273,False,,,w-full h-56 object-cover rounded-2xl border shadow
.next/server/app/popcorn-ceiling-removal/burlington/shoreacres.html,/services/popcorn-ceiling-removal/2.webp,Shoreacres Burlington popcorn ceiling removal — project 2,,,380,507,96554,False,,,w-full h-56 object-cover rounded-2xl border shadow
.next/server/app/popcorn-ceiling-removal/burlington/shoreacres.html,/services/popcorn-ceiling-removal/3.webp,Shoreacres Burlington popcorn ceiling removal — project 3,,,380,507,71046,False,,,w-full h-56 object-cover rounded-2xl border shadow
.next/server/app/popcorn-ceiling-removal/burlington/shoreacres.html,/services/popcorn-ceiling-removal/4.webp,Shoreacres Burlington popcorn ceiling removal — project 4,,,380,380,56525,False,,,w-full h-56 object-cover rounded-2xl border shadow
.next/server/app/popcorn-ceiling-removal/burlington/shoreacres.html,/services/popcorn-ceiling-removal/5.webp,Shoreacres Burlington popcorn ceiling removal — project 5,,,380,507,60895,False,,,w-full h-56 object-cover rounded-2xl border shadow
.next/server/app/popcorn-ceiling-removal/burlington/shoreacres.html,/services/popcorn-ceiling-removal/6.webp,Shoreacres Burlington popcorn ceiling removal — project 6,,,432,288,205502,False,,,w-full h-56 object-cover rounded-2xl border shadow
.next/server/app/popcorn-ceiling-removal/burlington/brant-hills.html,/logo.png,Popcorn ceiling removal EPF Pro Services,,,200,56,16050,False,,,w-auto h-14 md:h-16 object-contain
.next/server/app/popcorn-ceiling-removal/burlington/brant-hills.html,/services/popcorn-ceiling-removal/3.webp,Brant Hills Burlington popcorn ceiling removal Level 5 smooth finish,,,380,507,71046,False,,,w-full h-auto object-cover aspect-[4/5]
.next/server/app/popcorn-ceiling-removal/burlington/brant-hills.html,/services/popcorn-ceiling-removal/1.webp,Brant Hills Burlington popcorn ceiling removal — project 1,,,428,571,134273,False,,,w-full h-56 object-cover rounded-2xl border shadow
.next/server/app/popcorn-ceiling-removal/burlington/brant-hills.html,/services/popcorn-ceiling-removal/2.webp,Brant Hills Burlington popcorn ceiling removal — project 2,,,380,507,96554,False,,,w-full h-56 object-cover rounded-2xl border shadow
.next/server/app/popcorn-ceiling-removal/burlington/brant-hills.html,/services/popcorn-ceiling-removal/3.webp,Brant Hills Burlington popcorn ceiling removal — project 3,,,380,507,71046,False,,,w-full h-56 object-cover rounded-2xl border shadow
.next/server/app/popcorn-ceiling-removal/burlington/brant-hills.html,/services/popcorn-ceiling-removal/4.webp,Brant Hills Burlington popcorn ceiling removal — project 4,,,380,380,56525,False,,,w-full h-56 object-cover rounded-2xl border shadow
.next/server/app/popcorn-ceiling-removal/burlington/brant-hills.html,/services/popcorn-ceiling-removal/5.webp,Brant Hills Burlington popcorn ceiling removal — project 5,,,380,507,60895,False,,,w-full h-56 object-cover rounded-2xl border shadow
.next/server/app/popcorn-ceiling-removal/burlington/brant-hills.html,/services/popcorn-ceiling-removal/6.webp,Brant Hills Burlington popcorn ceiling removal — project 6,,,432,288,205502,False,,,w-full h-56 object-cover rounded-2xl border shadow
.next/server/app/popcorn-ceiling-removal/milton/dempsey.html,/logo.png,Popcorn ceiling removal EPF Pro Services,,,200,56,16050,False,,,w-auto h-14 md:h-16 object-contain
.next/server/app/popcorn-ceiling-removal/milton/scott.html,/logo.png,Popcorn ceiling removal EPF Pro Services,,,200,56,16050,False,,,w-auto h-14 md:h-16 object-contain
.next/server/app/popcorn-ceiling-removal/milton/walker.html,/logo.png,Popcorn ceiling removal EPF Pro Services,,,200,56,16050,False,,,w-auto h-14 md:h-16 object-contain
.next/server/app/popcorn-ceiling-removal/milton/harrison.html,/logo.png,Popcorn ceiling removal EPF Pro Services,,,200,56,16050,False,,,w-auto h-14 md:h-16 object-contain
.next/server/app/popcorn-ceiling-removal/milton/cobban.html,/logo.png,Popcorn ceiling removal EPF Pro Services,,,200,56,16050,False,,,w-auto h-14 md:h-16 object-contain
.next/server/app/popcorn-ceiling-removal/milton/willmott.html,/logo.png,Popcorn ceiling removal EPF Pro Services,,,200,56,16050,False,,,w-auto h-14 md:h-16 object-contain
.next/server/app/popcorn-ceiling-removal/milton/beaty.html,/logo.png,Popcorn ceiling removal EPF Pro Services,,,200,56,16050,False,,,w-auto h-14 md:h-16 object-contain
.next/server/app/popcorn-ceiling-removal/milton/clarke.html,/logo.png,Popcorn ceiling removal EPF Pro Services,,,200,56,16050,False,,,w-auto h-14 md:h-16 object-contain
.next/server/app/popcorn-ceiling-removal/milton/bronte-meadows.html,/logo.png,Popcorn ceiling removal EPF Pro Services,,,200,56,16050,False,,,w-auto h-14 md:h-16 object-contain
.next/server/app/popcorn-ceiling-removal/milton/dorset-park.html,/logo.png,Popcorn ceiling removal EPF Pro Services,,,200,56,16050,False,,,w-auto h-14 md:h-16 object-contain
.next/server/app/popcorn-ceiling-removal/milton/coates.html,/logo.png,Popcorn ceiling removal EPF Pro Services,,,200,56,16050,False,,,w-auto h-14 md:h-16 object-contain
.next/server/app/popcorn-ceiling-removal/milton/old-milton.html,/logo.png,Popcorn ceiling removal EPF Pro Services,,,200,56,16050,False,,,w-auto h-14 md:h-16 object-contain
.next/server/app/popcorn-ceiling-removal/milton/timberlea.html,/logo.png,Popcorn ceiling removal EPF Pro Services,,,200,56,16050,False,,,w-auto h-14 md:h-16 object-contain
.next/server/app/popcorn-ceiling-removal/milton/ford.html,/logo.png,Popcorn ceiling removal EPF Pro Services,,,200,56,16050,False,,,w-auto h-14 md:h-16 object-contain
.next/server/app/popcorn-ceiling-removal/milton/bowes.html,/logo.png,Popcorn ceiling removal EPF Pro Services,,,200,56,16050,False,,,w-auto h-14 md:h-16 object-contain
.next/server/app/popcorn-ceiling-removal/mississauga/churchill-meadows.html,/logo.png,Popcorn ceiling removal EPF Pro Services,,,200,56,16050,False,,,w-auto h-14 md:h-16 object-contain
.next/server/app/popcorn-ceiling-removal/mississauga/churchill-meadows.html,/services/popcorn-ceiling-removal/1.webp,Professional popcorn ceiling removal Churchill Meadows Mississauga,,,428,571,134273,False,,,w-full h-full object-cover
.next/server/app/popcorn-ceiling-removal/mississauga/churchill-meadows.html,/services/popcorn-ceiling-removal/1.webp,Professional popcorn ceiling removal Churchill Meadows - Level 5 smooth finish near Thomas St,,,428,571,134273,False,,,w-full h-full object-cover transition-transform duration-700 group-hover:scale-110
.next/server/app/popcorn-ceiling-removal/mississauga/churchill-meadows.html,/services/popcorn-ceiling-removal/2.webp,Ceiling texture removal Churchill Meadows - smooth transformation Erin Centre Blvd,,,380,507,96554,False,,,w-full h-full object-cover transition-transform duration-700 group-hover:scale-110
.next/server/app/popcorn-ceiling-removal/mississauga/churchill-meadows.html,/services/popcorn-ceiling-removal/3.webp,Ceiling resurfacing Churchill Meadows Mississauga - modern open concept finish,,,380,507,71046,False,,,w-full h-full object-cover transition-transform duration-700 group-hover:scale-110
.next/server/app/popcorn-ceiling-removal/mississauga/churchill-meadows.html,/services/popcorn-ceiling-removal/4.webp,Smooth ceiling contractor Churchill Meadows - painted popcorn ceiling removal,,,380,380,56525,False,,,w-full h-full object-cover transition-transform duration-700 group-hover:scale-110
.next/server/app/popcorn-ceiling-removal/mississauga/churchill-meadows.html,/services/popcorn-ceiling-removal/5.webp,Stipple ceiling removal Churchill Meadows - stairwell and hallway Tenth Line West,,,380,507,60895,False,,,w-full h-full object-cover transition-transform duration-700 group-hover:scale-110
.next/server/app/popcorn-ceiling-removal/mississauga/churchill-meadows.html,/services/popcorn-ceiling-removal/6.webp,Level 5 ceiling finish south Mississauga - paint-ready surface,,,432,288,205502,False,,,w-full h-full object-cover transition-transform duration-700 group-hover:scale-110
.next/server/app/popcorn-ceiling-removal/mississauga/streetsville.html,/logo.png,Popcorn ceiling removal EPF Pro Services,,,200,56,16050,False,,,w-auto h-14 md:h-16 object-contain
.next/server/app/popcorn-ceiling-removal/mississauga/streetsville.html,/services/popcorn-ceiling-removal/1.webp,Streetsville popcorn ceiling removal Level 5 smooth finish,,,428,571,134273,False,,,w-full h-auto object-cover aspect-[4/5]
.next/server/app/popcorn-ceiling-removal/mississauga/streetsville.html,/services/popcorn-ceiling-removal/1.webp,Popcorn ceiling removal in a Streetsville home — project 1,,,428,571,134273,False,,,w-full h-56 object-cover rounded-2xl border shadow
.next/server/app/popcorn-ceiling-removal/mississauga/streetsville.html,/services/popcorn-ceiling-removal/2.webp,Popcorn ceiling removal in a Streetsville home — project 2,,,380,507,96554,False,,,w-full h-56 object-cover rounded-2xl border shadow
.next/server/app/popcorn-ceiling-removal/mississauga/streetsville.html,/services/popcorn-ceiling-removal/3.webp,Popcorn ceiling removal in a Streetsville home — project 3,,,380,507,71046,False,,,w-full h-56 object-cover rounded-2xl border shadow
.next/server/app/popcorn-ceiling-removal/mississauga/streetsville.html,/services/popcorn-ceiling-removal/4.webp,Popcorn ceiling removal in a Streetsville home — project 4,,,380,380,56525,False,,,w-full h-56 object-cover rounded-2xl border shadow
.next/server/app/popcorn-ceiling-removal/mississauga/streetsville.html,/services/popcorn-ceiling-removal/5.webp,Popcorn ceiling removal in a Streetsville home — project 5,,,380,507,60895,False,,,w-full h-56 object-cover rounded-2xl border shadow
.next/server/app/popcorn-ceiling-removal/mississauga/streetsville.html,/services/popcorn-ceiling-removal/6.webp,Popcorn ceiling removal in a Streetsville home — project 6,,,432,288,205502,False,,,w-full h-56 object-cover rounded-2xl border shadow
.next/server/app/popcorn-ceiling-removal/mississauga/malton.html,/logo.png,Popcorn ceiling removal EPF Pro Services,,,200,56,16050,False,,,w-auto h-14 md:h-16 object-contain
.next/server/app/popcorn-ceiling-removal/mississauga/malton.html,/services/popcorn-ceiling-removal/1.webp,Malton popcorn ceiling removal — project 1,,,428,571,134273,False,,,w-full h-56 object-cover rounded-2xl border shadow
.next/server/app/popcorn-ceiling-removal/mississauga/malton.html,/services/popcorn-ceiling-removal/2.webp,Malton popcorn ceiling removal — project 2,,,380,507,96554,False,,,w-full h-56 object-cover rounded-2xl border shadow
.next/server/app/popcorn-ceiling-removal/mississauga/malton.html,/services/popcorn-ceiling-removal/3.webp,Malton popcorn ceiling removal — project 3,,,380,507,71046,False,,,w-full h-56 object-cover rounded-2xl border shadow
.next/server/app/popcorn-ceiling-removal/mississauga/malton.html,/services/popcorn-ceiling-removal/4.webp,Malton popcorn ceiling removal — project 4,,,380,380,56525,False,,,w-full h-56 object-cover rounded-2xl border shadow
.next/server/app/popcorn-ceiling-removal/mississauga/malton.html,/services/popcorn-ceiling-removal/5.webp,Malton popcorn ceiling removal — project 5,,,380,507,60895,False,,,w-full h-56 object-cover rounded-2xl border shadow
.next/server/app/popcorn-ceiling-removal/mississauga/malton.html,/services/popcorn-ceiling-removal/6.webp,Malton popcorn ceiling removal — project 6,,,432,288,205502,False,,,w-full h-56 object-cover rounded-2xl border shadow
.next/server/app/popcorn-ceiling-removal/mississauga/city-centre.html,/logo.png,Popcorn ceiling removal EPF Pro Services,,,200,56,16050,False,,,w-auto h-14 md:h-16 object-contain
.next/server/app/popcorn-ceiling-removal/mississauga/city-centre.html,/services/popcorn-ceiling-removal/1.webp,City Centre popcorn ceiling removal — project 1,,,428,571,134273,False,,,w-full h-56 object-cover rounded-2xl border shadow
.next/server/app/popcorn-ceiling-removal/mississauga/city-centre.html,/services/popcorn-ceiling-removal/2.webp,City Centre popcorn ceiling removal — project 2,,,380,507,96554,False,,,w-full h-56 object-cover rounded-2xl border shadow
.next/server/app/popcorn-ceiling-removal/mississauga/city-centre.html,/services/popcorn-ceiling-removal/3.webp,City Centre popcorn ceiling removal — project 3,,,380,507,71046,False,,,w-full h-56 object-cover rounded-2xl border shadow
.next/server/app/popcorn-ceiling-removal/mississauga/city-centre.html,/services/popcorn-ceiling-removal/4.webp,City Centre popcorn ceiling removal — project 4,,,380,380,56525,False,,,w-full h-56 object-cover rounded-2xl border shadow
.next/server/app/popcorn-ceiling-removal/mississauga/city-centre.html,/services/popcorn-ceiling-removal/5.webp,City Centre popcorn ceiling removal — project 5,,,380,507,60895,False,,,w-full h-56 object-cover rounded-2xl border shadow
.next/server/app/popcorn-ceiling-removal/mississauga/city-centre.html,/services/popcorn-ceiling-removal/6.webp,City Centre popcorn ceiling removal — project 6,,,432,288,205502,False,,,w-full h-56 object-cover rounded-2xl border shadow
.next/server/app/popcorn-ceiling-removal/mississauga/east-credit.html,/logo.png,Popcorn ceiling removal EPF Pro Services,,,200,56,16050,False,,,w-auto h-14 md:h-16 object-contain
.next/server/app/popcorn-ceiling-removal/mississauga/east-credit.html,/services/popcorn-ceiling-removal/1.webp,East Credit popcorn ceiling removal Level 5 before and after,,,428,571,134273,False,,,w-full h-auto object-cover aspect-[4/5]
.next/server/app/popcorn-ceiling-removal/mississauga/east-credit.html,/services/popcorn-ceiling-removal/1.webp,East Credit popcorn ceiling removal — project 1,,,428,571,134273,False,,,w-full h-full object-cover transition-transform duration-700 group-hover:scale-110
.next/server/app/popcorn-ceiling-removal/mississauga/east-credit.html,/services/popcorn-ceiling-removal/2.webp,East Credit popcorn ceiling removal — project 2,,,380,507,96554,False,,,w-full h-full object-cover transition-transform duration-700 group-hover:scale-110
.next/server/app/popcorn-ceiling-removal/mississauga/east-credit.html,/services/popcorn-ceiling-removal/3.webp,East Credit popcorn ceiling removal — project 3,,,380,507,71046,False,,,w-full h-full object-cover transition-transform duration-700 group-hover:scale-110
.next/server/app/popcorn-ceiling-removal/mississauga/east-credit.html,/services/popcorn-ceiling-removal/4.webp,East Credit popcorn ceiling removal — project 4,,,380,380,56525,False,,,w-full h-full object-cover transition-transform duration-700 group-hover:scale-110
.next/server/app/popcorn-ceiling-removal/mississauga/east-credit.html,/services/popcorn-ceiling-removal/5.webp,East Credit popcorn ceiling removal — project 5,,,380,507,60895,False,,,w-full h-full object-cover transition-transform duration-700 group-hover:scale-110
.next/server/app/popcorn-ceiling-removal/mississauga/east-credit.html,/services/popcorn-ceiling-removal/6.webp,East Credit popcorn ceiling removal — project 6,,,432,288,205502,False,,,w-full h-full object-cover transition-transform duration-700 group-hover:scale-110
.next/server/app/popcorn-ceiling-removal/mississauga/hurontario.html,/logo.png,Popcorn ceiling removal EPF Pro Services,,,200,56,16050,False,,,w-auto h-14 md:h-16 object-contain
.next/server/app/popcorn-ceiling-removal/mississauga/hurontario.html,/services/popcorn-ceiling-removal/5.webp,Crew sanding a popcorn ceiling in Hurontario,,,380,507,60895,False,,,h-full w-full object-cover
.next/server/app/popcorn-ceiling-removal/mississauga/hurontario.html,/services/popcorn-ceiling-removal/1.webp,Hurontario popcorn ceiling removal project 1,,,428,571,134273,False,,,h-56 w-full object-cover
.next/server/app/popcorn-ceiling-removal/mississauga/hurontario.html,/services/popcorn-ceiling-removal/2.webp,Hurontario popcorn ceiling removal project 2,,,380,507,96554,False,,,h-56 w-full object-cover
.next/server/app/popcorn-ceiling-removal/mississauga/hurontario.html,/services/popcorn-ceiling-removal/3.webp,Hurontario popcorn ceiling removal project 3,,,380,507,71046,False,,,h-56 w-full object-cover
.next/server/app/popcorn-ceiling-removal/mississauga/hurontario.html,/services/popcorn-ceiling-removal/4.webp,Hurontario popcorn ceiling removal project 4,,,380,380,56525,False,,,h-56 w-full object-cover
.next/server/app/popcorn-ceiling-removal/mississauga/hurontario.html,/services/popcorn-ceiling-removal/5.webp,Hurontario popcorn ceiling removal project 5,,,380,507,60895,False,,,h-56 w-full object-cover
.next/server/app/popcorn-ceiling-removal/mississauga/hurontario.html,/services/popcorn-ceiling-removal/6.webp,Hurontario popcorn ceiling removal project 6,,,432,288,205502,False,,,h-56 w-full object-cover
.next/server/app/popcorn-ceiling-removal/mississauga/cooksville.html,/logo.png,Popcorn ceiling removal EPF Pro Services,,,200,56,16050,False,,,w-auto h-14 md:h-16 object-contain
.next/server/app/popcorn-ceiling-removal/mississauga/cooksville.html,/services/popcorn-ceiling-removal/3.webp,Cooksville crew using HEPA sander on popcorn ceiling,,,380,507,71046,False,,,w-full h-full object-cover
.next/server/app/popcorn-ceiling-removal/mississauga/cooksville.html,/services/popcorn-ceiling-removal/1.webp,Popcorn ceiling removal in Cooksville — project 1,,,428,571,134273,False,,,w-full h-56 object-cover rounded-2xl border shadow
.next/server/app/popcorn-ceiling-removal/mississauga/cooksville.html,/services/popcorn-ceiling-removal/2.webp,Popcorn ceiling removal in Cooksville — project 2,,,380,507,96554,False,,,w-full h-56 object-cover rounded-2xl border shadow
.next/server/app/popcorn-ceiling-removal/mississauga/cooksville.html,/services/popcorn-ceiling-removal/3.webp,Popcorn ceiling removal in Cooksville — project 3,,,380,507,71046,False,,,w-full h-56 object-cover rounded-2xl border shadow
.next/server/app/popcorn-ceiling-removal/mississauga/cooksville.html,/services/popcorn-ceiling-removal/4.webp,Popcorn ceiling removal in Cooksville — project 4,,,380,380,56525,False,,,w-full h-56 object-cover rounded-2xl border shadow
.next/server/app/popcorn-ceiling-removal/mississauga/cooksville.html,/services/popcorn-ceiling-removal/5.webp,Popcorn ceiling removal in Cooksville — project 5,,,380,507,60895,False,,,w-full h-56 object-cover rounded-2xl border shadow
.next/server/app/popcorn-ceiling-removal/mississauga/cooksville.html,/services/popcorn-ceiling-removal/6.webp,Popcorn ceiling removal in Cooksville — project 6,,,432,288,205502,False,,,w-full h-56 object-cover rounded-2xl border shadow
.next/server/app/popcorn-ceiling-removal/mississauga/meadowvale-village.html,/logo.png,Popcorn ceiling removal EPF Pro Services,,,200,56,16050,False,,,w-auto h-14 md:h-16 object-contain
.next/server/app/popcorn-ceiling-removal/mississauga/meadowvale-village.html,/services/popcorn-ceiling-removal/1.webp,Meadowvale Village popcorn ceiling removal — project 1,,,428,571,134273,False,,,w-full h-56 object-cover rounded-2xl border shadow
.next/server/app/popcorn-ceiling-removal/mississauga/meadowvale-village.html,/services/popcorn-ceiling-removal/2.webp,Meadowvale Village popcorn ceiling removal — project 2,,,380,507,96554,False,,,w-full h-56 object-cover rounded-2xl border shadow
.next/server/app/popcorn-ceiling-removal/mississauga/meadowvale-village.html,/services/popcorn-ceiling-removal/3.webp,Meadowvale Village popcorn ceiling removal — project 3,,,380,507,71046,False,,,w-full h-56 object-cover rounded-2xl border shadow
.next/server/app/popcorn-ceiling-removal/mississauga/meadowvale-village.html,/services/popcorn-ceiling-removal/4.webp,Meadowvale Village popcorn ceiling removal — project 4,,,380,380,56525,False,,,w-full h-56 object-cover rounded-2xl border shadow
.next/server/app/popcorn-ceiling-removal/mississauga/meadowvale-village.html,/services/popcorn-ceiling-removal/5.webp,Meadowvale Village popcorn ceiling removal — project 5,,,380,507,60895,False,,,w-full h-56 object-cover rounded-2xl border shadow
.next/server/app/popcorn-ceiling-removal/mississauga/meadowvale-village.html,/services/popcorn-ceiling-removal/6.webp,Meadowvale Village popcorn ceiling removal — project 6,,,432,288,205502,False,,,w-full h-56 object-cover rounded-2xl border shadow
.next/server/app/popcorn-ceiling-removal/mississauga/port-credit.html,/logo.png,Popcorn ceiling removal EPF Pro Services,,,200,56,16050,False,,,w-auto h-14 md:h-16 object-contain
.next/server/app/popcorn-ceiling-removal/mississauga/port-credit.html,/services/popcorn-ceiling-removal/1.webp,Port Credit popcorn ceiling removal — project 1,,,428,571,134273,False,,,w-full h-56 object-cover rounded-2xl border shadow
.next/server/app/popcorn-ceiling-removal/mississauga/port-credit.html,/services/popcorn-ceiling-removal/2.webp,Port Credit popcorn ceiling removal — project 2,,,380,507,96554,False,,,w-full h-56 object-cover rounded-2xl border shadow
.next/server/app/popcorn-ceiling-removal/mississauga/port-credit.html,/services/popcorn-ceiling-removal/3.webp,Port Credit popcorn ceiling removal — project 3,,,380,507,71046,False,,,w-full h-56 object-cover rounded-2xl border shadow
.next/server/app/popcorn-ceiling-removal/mississauga/port-credit.html,/services/popcorn-ceiling-removal/4.webp,Port Credit popcorn ceiling removal — project 4,,,380,380,56525,False,,,w-full h-56 object-cover rounded-2xl border shadow
.next/server/app/popcorn-ceiling-removal/mississauga/port-credit.html,/services/popcorn-ceiling-removal/5.webp,Port Credit popcorn ceiling removal — project 5,,,380,507,60895,False,,,w-full h-56 object-cover rounded-2xl border shadow
.next/server/app/popcorn-ceiling-removal/mississauga/port-credit.html,/services/popcorn-ceiling-removal/6.webp,Port Credit popcorn ceiling removal — project 6,,,432,288,205502,False,,,w-full h-56 object-cover rounded-2xl border shadow
.next/server/app/popcorn-ceiling-removal/mississauga/lorne-park.html,/logo.png,Popcorn ceiling removal EPF Pro Services,,,200,56,16050,False,,,w-auto h-14 md:h-16 object-contain
.next/server/app/popcorn-ceiling-removal/mississauga/lorne-park.html,/services/popcorn-ceiling-removal/6.webp,Lorne Park popcorn ceiling removal Level 5 smooth finish,,,432,288,205502,False,,,w-full h-auto object-cover aspect-[4/5]
.next/server/app/popcorn-ceiling-removal/mississauga/lorne-park.html,/services/popcorn-ceiling-removal/1.webp,Popcorn ceiling removal in a Lorne Park home — project 1,,,428,571,134273,False,,,w-full h-56 object-cover rounded-2xl border shadow
.next/server/app/popcorn-ceiling-removal/mississauga/lorne-park.html,/services/popcorn-ceiling-removal/2.webp,Popcorn ceiling removal in a Lorne Park home — project 2,,,380,507,96554,False,,,w-full h-56 object-cover rounded-2xl border shadow
.next/server/app/popcorn-ceiling-removal/mississauga/lorne-park.html,/services/popcorn-ceiling-removal/3.webp,Popcorn ceiling removal in a Lorne Park home — project 3,,,380,507,71046,False,,,w-full h-56 object-cover rounded-2xl border shadow
.next/server/app/popcorn-ceiling-removal/mississauga/lorne-park.html,/services/popcorn-ceiling-removal/4.webp,Popcorn ceiling removal in a Lorne Park home — project 4,,,380,380,56525,False,,,w-full h-56 object-cover rounded-2xl border shadow
.next/server/app/popcorn-ceiling-removal/mississauga/lorne-park.html,/services/popcorn-ceiling-removal/5.webp,Popcorn ceiling removal in a Lorne Park home — project 5,,,380,507,60895,False,,,w-full h-56 object-cover rounded-2xl border shadow
.next/server/app/popcorn-ceiling-removal/mississauga/lorne-park.html,/services/popcorn-ceiling-removal/6.webp,Popcorn ceiling removal in a Lorne Park home — project 6,,,432,288,205502,False,,,w-full h-56 object-cover rounded-2xl border shadow
.next/server/app/popcorn-ceiling-removal/mississauga/applewood.html,/logo.png,Popcorn ceiling removal EPF Pro Services,,,200,56,16050,False,,,w-auto h-14 md:h-16 object-contain
.next/server/app/popcorn-ceiling-removal/mississauga/applewood.html,/services/popcorn-ceiling-removal/1.webp,Professional popcorn ceiling removal Applewood Mississauga - before and after smooth ceiling transformation,,,428,571,134273,False,,,w-full h-full object-cover
.next/server/app/popcorn-ceiling-removal/mississauga/applewood.html,/services/popcorn-ceiling-removal/1.webp,Popcorn ceiling removal Applewood Hills - Level 5 smooth finish ceiling texture removal,,,428,571,134273,False,,,w-full h-full object-cover transition-transform duration-700 group-hover:scale-110
.next/server/app/popcorn-ceiling-removal/mississauga/applewood.html,/services/popcorn-ceiling-removal/2.webp,Professional popcorn removal Applewood Acres - ceiling resurfacing contractor,,,380,507,96554,False,,,w-full h-full object-cover transition-transform duration-700 group-hover:scale-110
.next/server/app/popcorn-ceiling-removal/mississauga/applewood.html,/services/popcorn-ceiling-removal/3.webp,Stipple ceiling removal Applewood Mississauga - smooth ceiling transformation,,,380,507,71046,False,,,w-full h-full object-cover transition-transform duration-700 group-hover:scale-110
.next/server/app/popcorn-ceiling-removal/mississauga/applewood.html,/services/popcorn-ceiling-removal/4.webp,Popcorn ceiling contractor Applewood - painted ceiling texture removal service,,,380,380,56525,False,,,w-full h-full object-cover transition-transform duration-700 group-hover:scale-110
.next/server/app/popcorn-ceiling-removal/mississauga/applewood.html,/services/popcorn-ceiling-removal/5.webp,Ceiling resurfacing Applewood near Bloor St - stucco popcorn removal,,,380,507,60895,False,,,w-full h-full object-cover transition-transform duration-700 group-hover:scale-110
.next/server/app/popcorn-ceiling-removal/mississauga/applewood.html,/services/popcorn-ceiling-removal/6.webp,Popcorn ceiling removal cost Applewood - affordable ceiling texture removal Dixie Rd area,,,432,288,205502,False,,,w-full h-full object-cover transition-transform duration-700 group-hover:scale-110
.next/server/app/popcorn-ceiling-removal/mississauga/mineola.html,/logo.png,Popcorn ceiling removal EPF Pro Services,,,200,56,16050,False,,,w-auto h-14 md:h-16 object-contain
.next/server/app/popcorn-ceiling-removal/mississauga/mineola.html,/services/popcorn-ceiling-removal/3.webp,Mineola popcorn ceiling removal Level 5 smooth finish,,,380,507,71046,False,,,w-full h-auto object-cover aspect-[4/5]
.next/server/app/popcorn-ceiling-removal/mississauga/mineola.html,/services/popcorn-ceiling-removal/1.webp,Popcorn ceiling removal in a Mineola home — project 1,,,428,571,134273,False,,,w-full h-56 object-cover rounded-2xl border shadow
.next/server/app/popcorn-ceiling-removal/mississauga/mineola.html,/services/popcorn-ceiling-removal/2.webp,Popcorn ceiling removal in a Mineola home — project 2,,,380,507,96554,False,,,w-full h-56 object-cover rounded-2xl border shadow
.next/server/app/popcorn-ceiling-removal/mississauga/mineola.html,/services/popcorn-ceiling-removal/3.webp,Popcorn ceiling removal in a Mineola home — project 3,,,380,507,71046,False,,,w-full h-56 object-cover rounded-2xl border shadow
.next/server/app/popcorn-ceiling-removal/mississauga/mineola.html,/services/popcorn-ceiling-removal/4.webp,Popcorn ceiling removal in a Mineola home — project 4,,,380,380,56525,False,,,w-full h-56 object-cover rounded-2xl border shadow
.next/server/app/popcorn-ceiling-removal/mississauga/mineola.html,/services/popcorn-ceiling-removal/5.webp,Popcorn ceiling removal in a Mineola home — project 5,,,380,507,60895,False,,,w-full h-56 object-cover rounded-2xl border shadow
.next/server/app/popcorn-ceiling-removal/mississauga/mineola.html,/services/popcorn-ceiling-removal/6.webp,Popcorn ceiling removal in a Mineola home — project 6,,,432,288,205502,False,,,w-full h-56 object-cover rounded-2xl border shadow
.next/server/app/popcorn-ceiling-removal/mississauga/clarkson.html,/logo.png,Popcorn ceiling removal EPF Pro Services,,,200,56,16050,False,,,w-auto h-14 md:h-16 object-contain
.next/server/app/popcorn-ceiling-removal/mississauga/clarkson.html,/services/popcorn-ceiling-removal/1.webp,Professional Level 5 smooth ceiling removal in Clarkson Mississauga - Before and after transformation showing HEPA dust control and paint-ready finish,,,428,571,134273,False,,,w-full h-auto object-cover aspect-[4/5]
.next/server/app/popcorn-ceiling-removal/mississauga/clarkson.html,/services/popcorn-ceiling-removal/1.webp,Popcorn ceiling removal Clarkson - Level 5 smooth finish Lakeshore Rd,,,428,571,134273,False,,,w-full h-full object-cover transition-transform duration-700 group-hover:scale-110
.next/server/app/popcorn-ceiling-removal/mississauga/clarkson.html,/services/popcorn-ceiling-removal/2.webp,Ceiling texture removal Clarkson Mississauga - split-level home,,,380,507,96554,False,,,w-full h-full object-cover transition-transform duration-700 group-hover:scale-110
.next/server/app/popcorn-ceiling-removal/mississauga/clarkson.html,/services/popcorn-ceiling-removal/3.webp,Smooth ceiling contractor Clarkson - bungalow transformation Southdown,,,380,507,71046,False,,,w-full h-full object-cover transition-transform duration-700 group-hover:scale-110
.next/server/app/popcorn-ceiling-removal/mississauga/clarkson.html,/services/popcorn-ceiling-removal/4.webp,Ceiling resurfacing Clarkson - Rattray Marsh area post-war home,,,380,380,56525,False,,,w-full h-full object-cover transition-transform duration-700 group-hover:scale-110
.next/server/app/popcorn-ceiling-removal/mississauga/clarkson.html,/services/popcorn-ceiling-removal/5.webp,Level 5 ceiling finish Clarkson - modern smooth ceiling,,,380,507,60895,False,,,w-full h-full object-cover transition-transform duration-700 group-hover:scale-110
.next/server/app/popcorn-ceiling-removal/mississauga/clarkson.html,/services/popcorn-ceiling-removal/6.webp,Professional ceiling removal Clarkson - paint-ready finish,,,432,288,205502,False,,,w-full h-full object-cover transition-transform duration-700 group-hover:scale-110
.next/server/app/popcorn-ceiling-removal/mississauga/lakeview.html,/logo.png,Popcorn ceiling removal EPF Pro Services,,,200,56,16050,False,,,w-auto h-14 md:h-16 object-contain
.next/server/app/popcorn-ceiling-removal/mississauga/lakeview.html,/services/popcorn-ceiling-removal/6.webp,Lakeview popcorn ceiling removal Level 5 smooth finish,,,432,288,205502,False,,,w-full h-auto object-cover aspect-[4/5]
.next/server/app/popcorn-ceiling-removal/mississauga/lakeview.html,/services/popcorn-ceiling-removal/1.webp,Lakeview popcorn ceiling removal project 1,,,428,571,134273,False,,,w-full h-full object-cover transition-transform duration-700 group-hover:scale-110
.next/server/app/popcorn-ceiling-removal/mississauga/lakeview.html,/services/popcorn-ceiling-removal/2.webp,Lakeview popcorn ceiling removal project 2,,,380,507,96554,False,,,w-full h-full object-cover transition-transform duration-700 group-hover:scale-110
.next/server/app/popcorn-ceiling-removal/mississauga/lakeview.html,/services/popcorn-ceiling-removal/3.webp,Lakeview popcorn ceiling removal project 3,,,380,507,71046,False,,,w-full h-full object-cover transition-transform duration-700 group-hover:scale-110
.next/server/app/popcorn-ceiling-removal/mississauga/lakeview.html,/services/popcorn-ceiling-removal/4.webp,Lakeview popcorn ceiling removal project 4,,,380,380,56525,False,,,w-full h-full object-cover transition-transform duration-700 group-hover:scale-110
.next/server/app/popcorn-ceiling-removal/mississauga/lakeview.html,/services/popcorn-ceiling-removal/5.webp,Lakeview popcorn ceiling removal project 5,,,380,507,60895,False,,,w-full h-full object-cover transition-transform duration-700 group-hover:scale-110
.next/server/app/popcorn-ceiling-removal/mississauga/lakeview.html,/services/popcorn-ceiling-removal/6.webp,Lakeview popcorn ceiling removal project 6,,,432,288,205502,False,,,w-full h-full object-cover transition-transform duration-700 group-hover:scale-110
.next/server/app/popcorn-ceiling-removal/mississauga/dixie.html,/logo.png,Popcorn ceiling removal EPF Pro Services,,,200,56,16050,False,,,w-auto h-14 md:h-16 object-contain
.next/server/app/popcorn-ceiling-removal/mississauga/meadowvale.html,/logo.png,Popcorn ceiling removal EPF Pro Services,,,200,56,16050,False,,,w-auto h-14 md:h-16 object-contain
.next/server/app/popcorn-ceiling-removal/mississauga/meadowvale.html,/services/popcorn-ceiling-removal/1.webp,Popcorn ceiling removal in Meadowvale — project 1,,,428,571,134273,False,,,w-full h-56 object-cover rounded-2xl border shadow
.next/server/app/popcorn-ceiling-removal/mississauga/meadowvale.html,/services/popcorn-ceiling-removal/2.webp,Popcorn ceiling removal in Meadowvale — project 2,,,380,507,96554,False,,,w-full h-56 object-cover rounded-2xl border shadow
.next/server/app/popcorn-ceiling-removal/mississauga/meadowvale.html,/services/popcorn-ceiling-removal/3.webp,Popcorn ceiling removal in Meadowvale — project 3,,,380,507,71046,False,,,w-full h-56 object-cover rounded-2xl border shadow
.next/server/app/popcorn-ceiling-removal/mississauga/meadowvale.html,/services/popcorn-ceiling-removal/4.webp,Popcorn ceiling removal in Meadowvale — project 4,,,380,380,56525,False,,,w-full h-56 object-cover rounded-2xl border shadow
.next/server/app/popcorn-ceiling-removal/mississauga/meadowvale.html,/services/popcorn-ceiling-removal/5.webp,Popcorn ceiling removal in Meadowvale — project 5,,,380,507,60895,False,,,w-full h-56 object-cover rounded-2xl border shadow
.next/server/app/popcorn-ceiling-removal/mississauga/meadowvale.html,/services/popcorn-ceiling-removal/6.webp,Popcorn ceiling removal in Meadowvale — project 6,,,432,288,205502,False,,,w-full h-56 object-cover rounded-2xl border shadow
.next/server/app/popcorn-ceiling-removal/mississauga/sheridan.html,/logo.png,Popcorn ceiling removal EPF Pro Services,,,200,56,16050,False,,,w-auto h-14 md:h-16 object-contain
.next/server/app/popcorn-ceiling-removal/mississauga/sheridan.html,/services/popcorn-ceiling-removal/1.webp,Sheridan popcorn ceiling removal project 1,,,428,571,134273,False,,,h-56 w-full object-cover
.next/server/app/popcorn-ceiling-removal/mississauga/sheridan.html,/services/popcorn-ceiling-removal/2.webp,Sheridan popcorn ceiling removal project 2,,,380,507,96554,False,,,h-56 w-full object-cover
.next/server/app/popcorn-ceiling-removal/mississauga/sheridan.html,/services/popcorn-ceiling-removal/3.webp,Sheridan popcorn ceiling removal project 3,,,380,507,71046,False,,,h-56 w-full object-cover
.next/server/app/popcorn-ceiling-removal/mississauga/sheridan.html,/services/popcorn-ceiling-removal/4.webp,Sheridan popcorn ceiling removal project 4,,,380,380,56525,False,,,h-56 w-full object-cover
.next/server/app/popcorn-ceiling-removal/mississauga/sheridan.html,/services/popcorn-ceiling-removal/5.webp,Sheridan popcorn ceiling removal project 5,,,380,507,60895,False,,,h-56 w-full object-cover
.next/server/app/popcorn-ceiling-removal/mississauga/sheridan.html,/services/popcorn-ceiling-removal/6.webp,Sheridan popcorn ceiling removal project 6,,,432,288,205502,False,,,h-56 w-full object-cover
.next/server/app/popcorn-ceiling-removal/mississauga/erin-mills.html,/logo.png,Popcorn ceiling removal EPF Pro Services,,,200,56,16050,False,,,w-auto h-14 md:h-16 object-contain
.next/server/app/popcorn-ceiling-removal/mississauga/erin-mills.html,/services/popcorn-ceiling-removal/1.webp,Erin Mills popcorn ceiling removal Level 5 before and after,,,428,571,134273,False,,,w-full h-auto object-cover aspect-[4/5]
.next/server/app/popcorn-ceiling-removal/mississauga/erin-mills.html,/services/popcorn-ceiling-removal/1.webp,Erin Mills popcorn ceiling removal — project 1,,,428,571,134273,False,,,w-full h-full object-cover transition-transform duration-700 group-hover:scale-110
.next/server/app/popcorn-ceiling-removal/mississauga/erin-mills.html,/services/popcorn-ceiling-removal/2.webp,Erin Mills popcorn ceiling removal — project 2,,,380,507,96554,False,,,w-full h-full object-cover transition-transform duration-700 group-hover:scale-110
.next/server/app/popcorn-ceiling-removal/mississauga/erin-mills.html,/services/popcorn-ceiling-removal/3.webp,Erin Mills popcorn ceiling removal — project 3,,,380,507,71046,False,,,w-full h-full object-cover transition-transform duration-700 group-hover:scale-110
.next/server/app/popcorn-ceiling-removal/mississauga/erin-mills.html,/services/popcorn-ceiling-removal/4.webp,Erin Mills popcorn ceiling removal — project 4,,,380,380,56525,False,,,w-full h-full object-cover transition-transform duration-700 group-hover:scale-110
.next/server/app/popcorn-ceiling-removal/mississauga/erin-mills.html,/services/popcorn-ceiling-removal/5.webp,Erin Mills popcorn ceiling removal — project 5,,,380,507,60895,False,,,w-full h-full object-cover transition-transform duration-700 group-hover:scale-110
.next/server/app/popcorn-ceiling-removal/mississauga/erin-mills.html,/services/popcorn-ceiling-removal/6.webp,Erin Mills popcorn ceiling removal — project 6,,,432,288,205502,False,,,w-full h-full object-cover transition-transform duration-700 group-hover:scale-110
.next/server/app/popcorn-ceiling-removal/north-york/lansing-westgate.html,/logo.png,Popcorn ceiling removal EPF Pro Services,,,200,56,16050,False,,,w-auto h-14 md:h-16 object-contain
.next/server/app/popcorn-ceiling-removal/north-york/willowdale.html,/logo.png,Popcorn ceiling removal EPF Pro Services,,,200,56,16050,False,,,w-auto h-14 md:h-16 object-contain
.next/server/app/popcorn-ceiling-removal/north-york/parkwoods.html,/logo.png,Popcorn ceiling removal EPF Pro Services,,,200,56,16050,False,,,w-auto h-14 md:h-16 object-contain
.next/server/app/popcorn-ceiling-removal/north-york/don-mills.html,/logo.png,Popcorn ceiling removal EPF Pro Services,,,200,56,16050,False,,,w-auto h-14 md:h-16 object-contain
.next/server/app/popcorn-ceiling-removal/north-york/york-university-heights.html,/logo.png,Popcorn ceiling removal EPF Pro Services,,,200,56,16050,False,,,w-auto h-14 md:h-16 object-contain
.next/server/app/popcorn-ceiling-removal/north-york/bathurst-manor.html,/logo.png,Popcorn ceiling removal EPF Pro Services,,,200,56,16050,False,,,w-auto h-14 md:h-16 object-contain
.next/server/app/popcorn-ceiling-removal/north-york/flemingdon-park.html,/logo.png,Popcorn ceiling removal EPF Pro Services,,,200,56,16050,False,,,w-auto h-14 md:h-16 object-contain
.next/server/app/popcorn-ceiling-removal/north-york/clanton-park.html,/logo.png,Popcorn ceiling removal EPF Pro Services,,,200,56,16050,False,,,w-auto h-14 md:h-16 object-contain
.next/server/app/popcorn-ceiling-removal/north-york/victoria-village.html,/logo.png,Popcorn ceiling removal EPF Pro Services,,,200,56,16050,False,,,w-auto h-14 md:h-16 object-contain
.next/server/app/popcorn-ceiling-removal/north-york/york-mills.html,/logo.png,Popcorn ceiling removal EPF Pro Services,,,200,56,16050,False,,,w-auto h-14 md:h-16 object-contain
.next/server/app/popcorn-ceiling-removal/north-york/newtonbrook.html,/logo.png,Popcorn ceiling removal EPF Pro Services,,,200,56,16050,False,,,w-auto h-14 md:h-16 object-contain
.next/server/app/popcorn-ceiling-removal/north-york/bayview-village.html,/logo.png,Popcorn ceiling removal EPF Pro Services,,,200,56,16050,False,,,w-auto h-14 md:h-16 object-contain
.next/server/app/popcorn-ceiling-removal/toronto/kensington-market.html,/logo.png,Popcorn ceiling removal EPF Pro Services,,,200,56,16050,False,,,w-auto h-14 md:h-16 object-contain
.next/server/app/popcorn-ceiling-removal/toronto/york.html,/logo.png,Popcorn ceiling removal EPF Pro Services,,,200,56,16050,False,,,w-auto h-14 md:h-16 object-contain
.next/server/app/popcorn-ceiling-removal/toronto/scarborough-bluffs.html,/logo.png,Popcorn ceiling removal EPF Pro Services,,,200,56,16050,False,,,w-auto h-14 md:h-16 object-contain
.next/server/app/popcorn-ceiling-removal/toronto/willowdale.html,/logo.png,Popcorn ceiling removal EPF Pro Services,,,200,56,16050,False,,,w-auto h-14 md:h-16 object-contain
.next/server/app/popcorn-ceiling-removal/toronto/liberty-village.html,/logo.png,Popcorn ceiling removal EPF Pro Services,,,200,56,16050,False,,,w-auto h-14 md:h-16 object-contain
.next/server/app/popcorn-ceiling-removal/toronto/parkdale.html,/logo.png,Popcorn ceiling removal EPF Pro Services,,,200,56,16050,False,,,w-auto h-14 md:h-16 object-contain
.next/server/app/popcorn-ceiling-removal/toronto/long-branch.html,/logo.png,Popcorn ceiling removal EPF Pro Services,,,200,56,16050,False,,,w-auto h-14 md:h-16 object-contain
.next/server/app/popcorn-ceiling-removal/toronto/yorkville.html,/logo.png,Popcorn ceiling removal EPF Pro Services,,,200,56,16050,False,,,w-auto h-14 md:h-16 object-contain
.next/server/app/popcorn-ceiling-removal/toronto/riverside.html,/logo.png,Popcorn ceiling removal EPF Pro Services,,,200,56,16050,False,,,w-auto h-14 md:h-16 object-contain
.next/server/app/popcorn-ceiling-removal/toronto/st-lawrence.html,/logo.png,Popcorn ceiling removal EPF Pro Services,,,200,56,16050,False,,,w-auto h-14 md:h-16 object-contain
.next/server/app/popcorn-ceiling-removal/toronto/trinity-bellwoods.html,/logo.png,Popcorn ceiling removal EPF Pro Services,,,200,56,16050,False,,,w-auto h-14 md:h-16 object-contain
.next/server/app/popcorn-ceiling-removal/toronto/roncesvalles.html,/logo.png,Popcorn ceiling removal EPF Pro Services,,,200,56,16050,False,,,w-auto h-14 md:h-16 object-contain
.next/server/app/popcorn-ceiling-removal/toronto/the-kingsway.html,/logo.png,Popcorn ceiling removal EPF Pro Services,,,200,56,16050,False,,,w-auto h-14 md:h-16 object-contain
.next/server/app/popcorn-ceiling-removal/toronto/forest-hill.html,/logo.png,Popcorn ceiling removal EPF Pro Services,,,200,56,16050,False,,,w-auto h-14 md:h-16 object-contain
.next/server/app/popcorn-ceiling-removal/toronto/islington-city-centre-west.html,/logo.png,Popcorn ceiling removal EPF Pro Services,,,200,56,16050,False,,,w-auto h-14 md:h-16 object-contain
.next/server/app/popcorn-ceiling-removal/toronto/don-mills.html,/logo.png,Popcorn ceiling removal EPF Pro Services,,,200,56,16050,False,,,w-auto h-14 md:h-16 object-contain
.next/server/app/popcorn-ceiling-removal/toronto/east-york.html,/logo.png,Popcorn ceiling removal EPF Pro Services,,,200,56,16050,False,,,w-auto h-14 md:h-16 object-contain
.next/server/app/popcorn-ceiling-removal/toronto/scarborough.html,/logo.png,Popcorn ceiling removal EPF Pro Services,,,200,56,16050,False,,,w-auto h-14 md:h-16 object-contain
.next/server/app/popcorn-ceiling-removal/toronto/distillery-district.html,/logo.png,Popcorn ceiling removal EPF Pro Services,,,200,56,16050,False,,,w-auto h-14 md:h-16 object-contain
.next/server/app/popcorn-ceiling-removal/toronto/cabbagetown.html,/logo.png,Popcorn ceiling removal EPF Pro Services,,,200,56,16050,False,,,w-auto h-14 md:h-16 object-contain
.next/server/app/popcorn-ceiling-removal/toronto/downtown.html,/logo.png,Popcorn ceiling removal EPF Pro Services,,,200,56,16050,False,,,w-auto h-14 md:h-16 object-contain
.next/server/app/popcorn-ceiling-removal/toronto/rosedale.html,/logo.png,Popcorn ceiling removal EPF Pro Services,,,200,56,16050,False,,,w-auto h-14 md:h-16 object-contain
.next/server/app/popcorn-ceiling-removal/toronto/midtown.html,/logo.png,Popcorn ceiling removal EPF Pro Services,,,200,56,16050,False,,,w-auto h-14 md:h-16 object-contain
.next/server/app/popcorn-ceiling-removal/toronto/the-junction.html,/logo.png,Popcorn ceiling removal EPF Pro Services,,,200,56,16050,False,,,w-auto h-14 md:h-16 object-contain
.next/server/app/popcorn-ceiling-removal/toronto/mimico.html,/logo.png,Popcorn ceiling removal EPF Pro Services,,,200,56,16050,False,,,w-auto h-14 md:h-16 object-contain
.next/server/app/popcorn-ceiling-removal/toronto/little-italy.html,/logo.png,Popcorn ceiling removal EPF Pro Services,,,200,56,16050,False,,,w-auto h-14 md:h-16 object-contain
.next/server/app/popcorn-ceiling-removal/toronto/high-park.html,/logo.png,Popcorn ceiling removal EPF Pro Services,,,200,56,16050,False,,,w-auto h-14 md:h-16 object-contain
.next/server/app/popcorn-ceiling-removal/toronto/leslieville.html,/logo.png,Popcorn ceiling removal EPF Pro Services,,,200,56,16050,False,,,w-auto h-14 md:h-16 object-contain
.next/server/app/popcorn-ceiling-removal/toronto/regent-park.html,/logo.png,Popcorn ceiling removal EPF Pro Services,,,200,56,16050,False,,,w-auto h-14 md:h-16 object-contain
.next/server/app/popcorn-ceiling-removal/toronto/leaside.html,/logo.png,Popcorn ceiling removal EPF Pro Services,,,200,56,16050,False,,,w-auto h-14 md:h-16 object-contain
.next/server/app/popcorn-ceiling-removal/toronto/birch-cliff.html,/logo.png,Popcorn ceiling removal EPF Pro Services,,,200,56,16050,False,,,w-auto h-14 md:h-16 object-contain
.next/server/app/popcorn-ceiling-removal/toronto/swansea.html,/logo.png,Popcorn ceiling removal EPF Pro Services,,,200,56,16050,False,,,w-auto h-14 md:h-16 object-contain
.next/server/app/popcorn-ceiling-removal/toronto/old-toronto.html,/logo.png,Popcorn ceiling removal EPF Pro Services,,,200,56,16050,False,,,w-auto h-14 md:h-16 object-contain
.next/server/app/popcorn-ceiling-removal/toronto/annex.html,/logo.png,Popcorn ceiling removal EPF Pro Services,,,200,56,16050,False,,,w-auto h-14 md:h-16 object-contain
.next/server/app/popcorn-ceiling-removal/toronto/the-beaches.html,/logo.png,Popcorn ceiling removal EPF Pro Services,,,200,56,16050,False,,,w-auto h-14 md:h-16 object-contain
.next/server/app/popcorn-ceiling-removal/toronto/danforth.html,/logo.png,Popcorn ceiling removal EPF Pro Services,,,200,56,16050,False,,,w-auto h-14 md:h-16 object-contain
.next/server/app/popcorn-ceiling-removal/toronto/little-portugal.html,/logo.png,Popcorn ceiling removal EPF Pro Services,,,200,56,16050,False,,,w-auto h-14 md:h-16 object-contain
.next/server/app/popcorn-ceiling-removal/toronto/etobicoke.html,/logo.png,Popcorn ceiling removal EPF Pro Services,,,200,56,16050,False,,,w-auto h-14 md:h-16 object-contain
.next/server/app/popcorn-ceiling-removal/toronto/new-toronto.html,/logo.png,Popcorn ceiling removal EPF Pro Services,,,200,56,16050,False,,,w-auto h-14 md:h-16 object-contain
.next/server/app/popcorn-ceiling-removal/toronto/north-york.html,/logo.png,Popcorn ceiling removal EPF Pro Services,,,200,56,16050,False,,,w-auto h-14 md:h-16 object-contain
.next/server/app/popcorn-ceiling-removal/toronto/humber-bay-shores.html,/logo.png,Popcorn ceiling removal EPF Pro Services,,,200,56,16050,False,,,w-auto h-14 md:h-16 object-contain
.next/server/app/popcorn-ceiling-removal/toronto/guildwood.html,/logo.png,Popcorn ceiling removal EPF Pro Services,,,200,56,16050,False,,,w-auto h-14 md:h-16 object-contain
.next/server/app/popcorn-ceiling-removal/toronto/bayview-village.html,/logo.png,Popcorn ceiling removal EPF Pro Services,,,200,56,16050,False,,,w-auto h-14 md:h-16 object-contain
.next/server/app/popcorn-ceiling-removal/oakville/old-oakville.html,/logo.png,Popcorn ceiling removal EPF Pro Services,,,200,56,16050,False,,,w-auto h-14 md:h-16 object-contain
.next/server/app/popcorn-ceiling-removal/oakville/old-oakville.html,/services/popcorn-ceiling-removal/1.webp,Old Oakville Oakville popcorn ceiling removal — project 1,,,428,571,134273,False,,,w-full h-56 object-cover rounded-2xl border shadow
.next/server/app/popcorn-ceiling-removal/oakville/old-oakville.html,/services/popcorn-ceiling-removal/2.webp,Old Oakville Oakville popcorn ceiling removal — project 2,,,380,507,96554,False,,,w-full h-56 object-cover rounded-2xl border shadow
.next/server/app/popcorn-ceiling-removal/oakville/old-oakville.html,/services/popcorn-ceiling-removal/3.webp,Old Oakville Oakville popcorn ceiling removal — project 3,,,380,507,71046,False,,,w-full h-56 object-cover rounded-2xl border shadow
.next/server/app/popcorn-ceiling-removal/oakville/old-oakville.html,/services/popcorn-ceiling-removal/4.webp,Old Oakville Oakville popcorn ceiling removal — project 4,,,380,380,56525,False,,,w-full h-56 object-cover rounded-2xl border shadow
.next/server/app/popcorn-ceiling-removal/oakville/old-oakville.html,/services/popcorn-ceiling-removal/5.webp,Old Oakville Oakville popcorn ceiling removal — project 5,,,380,507,60895,False,,,w-full h-56 object-cover rounded-2xl border shadow
.next/server/app/popcorn-ceiling-removal/oakville/old-oakville.html,/services/popcorn-ceiling-removal/6.webp,Old Oakville Oakville popcorn ceiling removal — project 6,,,432,288,205502,False,,,w-full h-56 object-cover rounded-2xl border shadow
.next/server/app/popcorn-ceiling-removal/oakville/downtown-oakville.html,/logo.png,Popcorn ceiling removal EPF Pro Services,,,200,56,16050,False,,,w-auto h-14 md:h-16 object-contain
.next/server/app/popcorn-ceiling-removal/oakville/downtown-oakville.html,/services/popcorn-ceiling-removal/1.webp,Downtown Oakville Oakville popcorn ceiling removal — project 1,,,428,571,134273,False,,,w-full h-56 object-cover rounded-2xl border shadow
.next/server/app/popcorn-ceiling-removal/oakville/downtown-oakville.html,/services/popcorn-ceiling-removal/2.webp,Downtown Oakville Oakville popcorn ceiling removal — project 2,,,380,507,96554,False,,,w-full h-56 object-cover rounded-2xl border shadow
.next/server/app/popcorn-ceiling-removal/oakville/downtown-oakville.html,/services/popcorn-ceiling-removal/3.webp,Downtown Oakville Oakville popcorn ceiling removal — project 3,,,380,507,71046,False,,,w-full h-56 object-cover rounded-2xl border shadow
.next/server/app/popcorn-ceiling-removal/oakville/downtown-oakville.html,/services/popcorn-ceiling-removal/4.webp,Downtown Oakville Oakville popcorn ceiling removal — project 4,,,380,380,56525,False,,,w-full h-56 object-cover rounded-2xl border shadow
.next/server/app/popcorn-ceiling-removal/oakville/downtown-oakville.html,/services/popcorn-ceiling-removal/5.webp,Downtown Oakville Oakville popcorn ceiling removal — project 5,,,380,507,60895,False,,,w-full h-56 object-cover rounded-2xl border shadow
.next/server/app/popcorn-ceiling-removal/oakville/downtown-oakville.html,/services/popcorn-ceiling-removal/6.webp,Downtown Oakville Oakville popcorn ceiling removal — project 6,,,432,288,205502,False,,,w-full h-56 object-cover rounded-2xl border shadow
.next/server/app/popcorn-ceiling-removal/oakville/iroquois-ridge-north.html,/logo.png,Popcorn ceiling removal EPF Pro Services,,,200,56,16050,False,,,w-auto h-14 md:h-16 object-contain
.next/server/app/popcorn-ceiling-removal/oakville/iroquois-ridge-north.html,/services/popcorn-ceiling-removal/1.webp,Popcorn ceiling removal in Iroquois Ridge North — project 1,,,428,571,134273,False,,,w-full h-56 object-cover rounded-2xl border shadow
.next/server/app/popcorn-ceiling-removal/oakville/iroquois-ridge-north.html,/services/popcorn-ceiling-removal/2.webp,Popcorn ceiling removal in Iroquois Ridge North — project 2,,,380,507,96554,False,,,w-full h-56 object-cover rounded-2xl border shadow
.next/server/app/popcorn-ceiling-removal/oakville/iroquois-ridge-north.html,/services/popcorn-ceiling-removal/3.webp,Popcorn ceiling removal in Iroquois Ridge North — project 3,,,380,507,71046,False,,,w-full h-56 object-cover rounded-2xl border shadow
.next/server/app/popcorn-ceiling-removal/oakville/iroquois-ridge-north.html,/services/popcorn-ceiling-removal/4.webp,Popcorn ceiling removal in Iroquois Ridge North — project 4,,,380,380,56525,False,,,w-full h-56 object-cover rounded-2xl border shadow
.next/server/app/popcorn-ceiling-removal/oakville/iroquois-ridge-north.html,/services/popcorn-ceiling-removal/5.webp,Popcorn ceiling removal in Iroquois Ridge North — project 5,,,380,507,60895,False,,,w-full h-56 object-cover rounded-2xl border shadow
.next/server/app/popcorn-ceiling-removal/oakville/iroquois-ridge-north.html,/services/popcorn-ceiling-removal/6.webp,Popcorn ceiling removal in Iroquois Ridge North — project 6,,,432,288,205502,False,,,w-full h-56 object-cover rounded-2xl border shadow
.next/server/app/popcorn-ceiling-removal/oakville/uptown-core.html,/logo.png,Popcorn ceiling removal EPF Pro Services,,,200,56,16050,False,,,w-auto h-14 md:h-16 object-contain
.next/server/app/popcorn-ceiling-removal/oakville/kerr-village.html,/logo.png,Popcorn ceiling removal EPF Pro Services,,,200,56,16050,False,,,w-auto h-14 md:h-16 object-contain
.next/server/app/popcorn-ceiling-removal/oakville/kerr-village.html,/services/popcorn-ceiling-removal/1.webp,Kerr Village Oakville popcorn ceiling removal — project 1,,,428,571,134273,False,,,w-full h-56 object-cover rounded-2xl border shadow
.next/server/app/popcorn-ceiling-removal/oakville/kerr-village.html,/services/popcorn-ceiling-removal/2.webp,Kerr Village Oakville popcorn ceiling removal — project 2,,,380,507,96554,False,,,w-full h-56 object-cover rounded-2xl border shadow
.next/server/app/popcorn-ceiling-removal/oakville/kerr-village.html,/services/popcorn-ceiling-removal/3.webp,Kerr Village Oakville popcorn ceiling removal — project 3,,,380,507,71046,False,,,w-full h-56 object-cover rounded-2xl border shadow
.next/server/app/popcorn-ceiling-removal/oakville/kerr-village.html,/services/popcorn-ceiling-removal/4.webp,Kerr Village Oakville popcorn ceiling removal — project 4,,,380,380,56525,False,,,w-full h-56 object-cover rounded-2xl border shadow
.next/server/app/popcorn-ceiling-removal/oakville/kerr-village.html,/services/popcorn-ceiling-removal/5.webp,Kerr Village Oakville popcorn ceiling removal — project 5,,,380,507,60895,False,,,w-full h-56 object-cover rounded-2xl border shadow
.next/server/app/popcorn-ceiling-removal/oakville/kerr-village.html,/services/popcorn-ceiling-removal/6.webp,Kerr Village Oakville popcorn ceiling removal — project 6,,,432,288,205502,False,,,w-full h-56 object-cover rounded-2xl border shadow
.next/server/app/popcorn-ceiling-removal/oakville/iroquois-ridge-south.html,/logo.png,Popcorn ceiling removal EPF Pro Services,,,200,56,16050,False,,,w-auto h-14 md:h-16 object-contain
.next/server/app/popcorn-ceiling-removal/oakville/palermo-west.html,/logo.png,Popcorn ceiling removal EPF Pro Services,,,200,56,16050,False,,,w-auto h-14 md:h-16 object-contain
.next/server/app/popcorn-ceiling-removal/oakville/palermo-west.html,/services/popcorn-ceiling-removal/1.webp,Palermo West Oakville popcorn ceiling removal — project 1,,,428,571,134273,False,,,w-full h-56 object-cover rounded-2xl border shadow
.next/server/app/popcorn-ceiling-removal/oakville/palermo-west.html,/services/popcorn-ceiling-removal/2.webp,Palermo West Oakville popcorn ceiling removal — project 2,,,380,507,96554,False,,,w-full h-56 object-cover rounded-2xl border shadow
.next/server/app/popcorn-ceiling-removal/oakville/palermo-west.html,/services/popcorn-ceiling-removal/3.webp,Palermo West Oakville popcorn ceiling removal — project 3,,,380,507,71046,False,,,w-full h-56 object-cover rounded-2xl border shadow
.next/server/app/popcorn-ceiling-removal/oakville/palermo-west.html,/services/popcorn-ceiling-removal/4.webp,Palermo West Oakville popcorn ceiling removal — project 4,,,380,380,56525,False,,,w-full h-56 object-cover rounded-2xl border shadow
.next/server/app/popcorn-ceiling-removal/oakville/palermo-west.html,/services/popcorn-ceiling-removal/5.webp,Palermo West Oakville popcorn ceiling removal — project 5,,,380,507,60895,False,,,w-full h-56 object-cover rounded-2xl border shadow
.next/server/app/popcorn-ceiling-removal/oakville/palermo-west.html,/services/popcorn-ceiling-removal/6.webp,Palermo West Oakville popcorn ceiling removal — project 6,,,432,288,205502,False,,,w-full h-56 object-cover rounded-2xl border shadow
.next/server/app/popcorn-ceiling-removal/oakville/bronte-creek.html,/logo.png,Popcorn ceiling removal EPF Pro Services,,,200,56,16050,False,,,w-auto h-14 md:h-16 object-contain
.next/server/app/popcorn-ceiling-removal/oakville/bronte-creek.html,/services/popcorn-ceiling-removal/1.webp,Bronte Creek Oakville popcorn ceiling removal — project 1,,,428,571,134273,False,,,w-full h-56 object-cover rounded-2xl border shadow
.next/server/app/popcorn-ceiling-removal/oakville/bronte-creek.html,/services/popcorn-ceiling-removal/2.webp,Bronte Creek Oakville popcorn ceiling removal — project 2,,,380,507,96554,False,,,w-full h-56 object-cover rounded-2xl border shadow
.next/server/app/popcorn-ceiling-removal/oakville/bronte-creek.html,/services/popcorn-ceiling-removal/3.webp,Bronte Creek Oakville popcorn ceiling removal — project 3,,,380,507,71046,False,,,w-full h-56 object-cover rounded-2xl border shadow
.next/server/app/popcorn-ceiling-removal/oakville/bronte-creek.html,/services/popcorn-ceiling-removal/4.webp,Bronte Creek Oakville popcorn ceiling removal — project 4,,,380,380,56525,False,,,w-full h-56 object-cover rounded-2xl border shadow
.next/server/app/popcorn-ceiling-removal/oakville/bronte-creek.html,/services/popcorn-ceiling-removal/5.webp,Bronte Creek Oakville popcorn ceiling removal — project 5,,,380,507,60895,False,,,w-full h-56 object-cover rounded-2xl border shadow
.next/server/app/popcorn-ceiling-removal/oakville/bronte-creek.html,/services/popcorn-ceiling-removal/6.webp,Bronte Creek Oakville popcorn ceiling removal — project 6,,,432,288,205502,False,,,w-full h-56 object-cover rounded-2xl border shadow
.next/server/app/popcorn-ceiling-removal/oakville/river-oaks.html,/logo.png,Popcorn ceiling removal EPF Pro Services,,,200,56,16050,False,,,w-auto h-14 md:h-16 object-contain
.next/server/app/popcorn-ceiling-removal/oakville/river-oaks.html,/services/popcorn-ceiling-removal/1.webp,River Oaks Oakville popcorn ceiling removal — project 1,,,428,571,134273,False,,,w-full h-56 object-cover rounded-2xl border shadow
.next/server/app/popcorn-ceiling-removal/oakville/river-oaks.html,/services/popcorn-ceiling-removal/2.webp,River Oaks Oakville popcorn ceiling removal — project 2,,,380,507,96554,False,,,w-full h-56 object-cover rounded-2xl border shadow
.next/server/app/popcorn-ceiling-removal/oakville/river-oaks.html,/services/popcorn-ceiling-removal/3.webp,River Oaks Oakville popcorn ceiling removal — project 3,,,380,507,71046,False,,,w-full h-56 object-cover rounded-2xl border shadow
.next/server/app/popcorn-ceiling-removal/oakville/river-oaks.html,/services/popcorn-ceiling-removal/4.webp,River Oaks Oakville popcorn ceiling removal — project 4,,,380,380,56525,False,,,w-full h-56 object-cover rounded-2xl border shadow
.next/server/app/popcorn-ceiling-removal/oakville/river-oaks.html,/services/popcorn-ceiling-removal/5.webp,River Oaks Oakville popcorn ceiling removal — project 5,,,380,507,60895,False,,,w-full h-56 object-cover rounded-2xl border shadow
.next/server/app/popcorn-ceiling-removal/oakville/river-oaks.html,/services/popcorn-ceiling-removal/6.webp,River Oaks Oakville popcorn ceiling removal — project 6,,,432,288,205502,False,,,w-full h-56 object-cover rounded-2xl border shadow
.next/server/app/popcorn-ceiling-removal/oakville/west-oak-trails.html,/logo.png,Popcorn ceiling removal EPF Pro Services,,,200,56,16050,False,,,w-auto h-14 md:h-16 object-contain
.next/server/app/popcorn-ceiling-removal/oakville/west-oak-trails.html,/services/popcorn-ceiling-removal/1.webp,West Oak Trails Oakville popcorn ceiling removal — project 1,,,428,571,134273,False,,,w-full h-56 object-cover rounded-2xl border shadow
.next/server/app/popcorn-ceiling-removal/oakville/west-oak-trails.html,/services/popcorn-ceiling-removal/2.webp,West Oak Trails Oakville popcorn ceiling removal — project 2,,,380,507,96554,False,,,w-full h-56 object-cover rounded-2xl border shadow
.next/server/app/popcorn-ceiling-removal/oakville/west-oak-trails.html,/services/popcorn-ceiling-removal/3.webp,West Oak Trails Oakville popcorn ceiling removal — project 3,,,380,507,71046,False,,,w-full h-56 object-cover rounded-2xl border shadow
.next/server/app/popcorn-ceiling-removal/oakville/west-oak-trails.html,/services/popcorn-ceiling-removal/4.webp,West Oak Trails Oakville popcorn ceiling removal — project 4,,,380,380,56525,False,,,w-full h-56 object-cover rounded-2xl border shadow
.next/server/app/popcorn-ceiling-removal/oakville/west-oak-trails.html,/services/popcorn-ceiling-removal/5.webp,West Oak Trails Oakville popcorn ceiling removal — project 5,,,380,507,60895,False,,,w-full h-56 object-cover rounded-2xl border shadow
.next/server/app/popcorn-ceiling-removal/oakville/west-oak-trails.html,/services/popcorn-ceiling-removal/6.webp,West Oak Trails Oakville popcorn ceiling removal — project 6,,,432,288,205502,False,,,w-full h-56 object-cover rounded-2xl border shadow
.next/server/app/popcorn-ceiling-removal/oakville/clearview.html,/logo.png,Popcorn ceiling removal EPF Pro Services,,,200,56,16050,False,,,w-auto h-14 md:h-16 object-contain
.next/server/app/popcorn-ceiling-removal/oakville/clearview.html,/services/popcorn-ceiling-removal/1.webp,Clearview Oakville popcorn ceiling removal — project 1,,,428,571,134273,False,,,w-full h-56 object-cover rounded-2xl border shadow
.next/server/app/popcorn-ceiling-removal/oakville/clearview.html,/services/popcorn-ceiling-removal/2.webp,Clearview Oakville popcorn ceiling removal — project 2,,,380,507,96554,False,,,w-full h-56 object-cover rounded-2xl border shadow
.next/server/app/popcorn-ceiling-removal/oakville/clearview.html,/services/popcorn-ceiling-removal/3.webp,Clearview Oakville popcorn ceiling removal — project 3,,,380,507,71046,False,,,w-full h-56 object-cover rounded-2xl border shadow
.next/server/app/popcorn-ceiling-removal/oakville/clearview.html,/services/popcorn-ceiling-removal/4.webp,Clearview Oakville popcorn ceiling removal — project 4,,,380,380,56525,False,,,w-full h-56 object-cover rounded-2xl border shadow
.next/server/app/popcorn-ceiling-removal/oakville/clearview.html,/services/popcorn-ceiling-removal/5.webp,Clearview Oakville popcorn ceiling removal — project 5,,,380,507,60895,False,,,w-full h-56 object-cover rounded-2xl border shadow
.next/server/app/popcorn-ceiling-removal/oakville/clearview.html,/services/popcorn-ceiling-removal/6.webp,Clearview Oakville popcorn ceiling removal — project 6,,,432,288,205502,False,,,w-full h-56 object-cover rounded-2xl border shadow
.next/server/app/popcorn-ceiling-removal/oakville/falgarwood.html,/logo.png,Popcorn ceiling removal EPF Pro Services,,,200,56,16050,False,,,w-auto h-14 md:h-16 object-contain
.next/server/app/popcorn-ceiling-removal/oakville/bronte.html,/logo.png,Popcorn ceiling removal EPF Pro Services,,,200,56,16050,False,,,w-auto h-14 md:h-16 object-contain
.next/server/app/popcorn-ceiling-removal/oakville/bronte.html,/services/popcorn-ceiling-removal/1.webp,Bronte Oakville popcorn ceiling removal — project 1,,,428,571,134273,False,,,w-full h-56 object-cover rounded-2xl border shadow
.next/server/app/popcorn-ceiling-removal/oakville/bronte.html,/services/popcorn-ceiling-removal/2.webp,Bronte Oakville popcorn ceiling removal — project 2,,,380,507,96554,False,,,w-full h-56 object-cover rounded-2xl border shadow
.next/server/app/popcorn-ceiling-removal/oakville/bronte.html,/services/popcorn-ceiling-removal/3.webp,Bronte Oakville popcorn ceiling removal — project 3,,,380,507,71046,False,,,w-full h-56 object-cover rounded-2xl border shadow
.next/server/app/popcorn-ceiling-removal/oakville/bronte.html,/services/popcorn-ceiling-removal/4.webp,Bronte Oakville popcorn ceiling removal — project 4,,,380,380,56525,False,,,w-full h-56 object-cover rounded-2xl border shadow
.next/server/app/popcorn-ceiling-removal/oakville/bronte.html,/services/popcorn-ceiling-removal/5.webp,Bronte Oakville popcorn ceiling removal — project 5,,,380,507,60895,False,,,w-full h-56 object-cover rounded-2xl border shadow
.next/server/app/popcorn-ceiling-removal/oakville/bronte.html,/services/popcorn-ceiling-removal/6.webp,Bronte Oakville popcorn ceiling removal — project 6,,,432,288,205502,False,,,w-full h-56 object-cover rounded-2xl border shadow
.next/server/app/popcorn-ceiling-removal/oakville/glen-abbey.html,/logo.png,Popcorn ceiling removal EPF Pro Services,,,200,56,16050,False,,,w-auto h-14 md:h-16 object-contain
.next/server/app/popcorn-ceiling-removal/oakville/glen-abbey.html,/services/popcorn-ceiling-removal/1.webp,Glen Abbey Oakville popcorn ceiling removal — project 1,,,428,571,134273,False,,,w-full h-56 object-cover rounded-2xl border shadow
.next/server/app/popcorn-ceiling-removal/oakville/glen-abbey.html,/services/popcorn-ceiling-removal/2.webp,Glen Abbey Oakville popcorn ceiling removal — project 2,,,380,507,96554,False,,,w-full h-56 object-cover rounded-2xl border shadow
.next/server/app/popcorn-ceiling-removal/oakville/glen-abbey.html,/services/popcorn-ceiling-removal/3.webp,Glen Abbey Oakville popcorn ceiling removal — project 3,,,380,507,71046,False,,,w-full h-56 object-cover rounded-2xl border shadow
.next/server/app/popcorn-ceiling-removal/oakville/glen-abbey.html,/services/popcorn-ceiling-removal/4.webp,Glen Abbey Oakville popcorn ceiling removal — project 4,,,380,380,56525,False,,,w-full h-56 object-cover rounded-2xl border shadow
.next/server/app/popcorn-ceiling-removal/oakville/glen-abbey.html,/services/popcorn-ceiling-removal/5.webp,Glen Abbey Oakville popcorn ceiling removal — project 5,,,380,507,60895,False,,,w-full h-56 object-cover rounded-2xl border shadow
.next/server/app/popcorn-ceiling-removal/oakville/glen-abbey.html,/services/popcorn-ceiling-removal/6.webp,Glen Abbey Oakville popcorn ceiling removal — project 6,,,432,288,205502,False,,,w-full h-56 object-cover rounded-2xl border shadow
.next/server/app/popcorn-ceiling-removal/oakville/college-park.html,/logo.png,Popcorn ceiling removal EPF Pro Services,,,200,56,16050,False,,,w-auto h-14 md:h-16 object-contain
.next/server/app/popcorn-ceiling-removal/oakville/college-park.html,/services/popcorn-ceiling-removal/1.webp,Popcorn ceiling removal in College Park — project 1,,,428,571,134273,False,,,w-full h-56 object-cover rounded-2xl border shadow
.next/server/app/popcorn-ceiling-removal/oakville/college-park.html,/services/popcorn-ceiling-removal/2.webp,Popcorn ceiling removal in College Park — project 2,,,380,507,96554,False,,,w-full h-56 object-cover rounded-2xl border shadow
.next/server/app/popcorn-ceiling-removal/oakville/college-park.html,/services/popcorn-ceiling-removal/3.webp,Popcorn ceiling removal in College Park — project 3,,,380,507,71046,False,,,w-full h-56 object-cover rounded-2xl border shadow
.next/server/app/popcorn-ceiling-removal/oakville/college-park.html,/services/popcorn-ceiling-removal/4.webp,Popcorn ceiling removal in College Park — project 4,,,380,380,56525,False,,,w-full h-56 object-cover rounded-2xl border shadow
.next/server/app/popcorn-ceiling-removal/oakville/college-park.html,/services/popcorn-ceiling-removal/5.webp,Popcorn ceiling removal in College Park — project 5,,,380,507,60895,False,,,w-full h-56 object-cover rounded-2xl border shadow
.next/server/app/popcorn-ceiling-removal/oakville/college-park.html,/services/popcorn-ceiling-removal/6.webp,Popcorn ceiling removal in College Park — project 6,,,432,288,205502,False,,,w-full h-56 object-cover rounded-2xl border shadow
.next/server/app/locations/popcorn-ceiling-removal-burlington.html,/logo.png,EPP Pro Services,,,200,56,16050,False,,,h-8 w-auto
.next/server/app/locations/popcorn-ceiling-removal-burlington.html,/logo.png,EPP Pro Services,,,200,56,16050,False,,,h-12 w-auto
.next/server/app/locations/popcorn-ceiling-removal-burlington.html,/services/popcorn-ceiling-removal/1.webp,Burlington popcorn ceiling before removal,1200,800,428,571,134273,False,,,h-56 w-full object-cover
.next/server/app/locations/popcorn-ceiling-removal-burlington.html,/gallery/popcorn-ceiling-removal.jpeg,Burlington popcorn ceiling after removal,1200,800,480,640,75580,False,,,h-56 w-full object-cover
.next/server/app/locations/popcorn-ceiling-removal-burlington.html,/services/popcorn-ceiling-removal/1.webp,Burlington popcorn ceiling before removal,1200,800,428,571,134273,False,,,h-32 w-full object-cover
.next/server/app/locations/popcorn-ceiling-removal-burlington.html,/gallery/popcorn-ceiling-removal.jpeg,Burlington popcorn ceiling after removal,1200,800,480,640,75580,False,,,h-32 w-full object-cover
.next/server/app/locations/popcorn-ceiling-removal-burlington.html,/gallery/popcornceilingremoval_4238.jpeg,Burlington ceiling finish after popcorn removal,,,640,640,46493,False,,,h-[320px] w-full object-cover md:h-[420px]
.next/server/app/locations/popcorn-ceiling-removal-burlington.html,/services/popcorn-ceiling-removal/1.webp,Burlington popcorn ceiling removal project photo 1,,,428,571,134273,False,,,h-52 w-full object-cover md:h-56
.next/server/app/locations/popcorn-ceiling-removal-burlington.html,/services/popcorn-ceiling-removal/2.webp,Burlington popcorn ceiling removal project photo 2,,,380,507,96554,False,,,h-52 w-full object-cover md:h-56
.next/server/app/locations/popcorn-ceiling-removal-burlington.html,/services/popcorn-ceiling-removal/3.webp,Burlington popcorn ceiling removal project photo 3,,,380,507,71046,False,,,h-52 w-full object-cover md:h-56
.next/server/app/locations/popcorn-ceiling-removal-burlington.html,/services/popcorn-ceiling-removal/4.webp,Burlington popcorn ceiling removal project photo 4,,,380,380,56525,False,,,h-52 w-full object-cover md:h-56
.next/server/app/locations/popcorn-ceiling-removal-burlington.html,/services/popcorn-ceiling-removal/5.webp,Burlington popcorn ceiling removal project photo 5,,,380,507,60895,False,,,h-52 w-full object-cover md:h-56
.next/server/app/locations/popcorn-ceiling-removal-burlington.html,/services/popcorn-ceiling-removal/6.webp,Burlington popcorn ceiling removal project photo 6,,,432,288,205502,False,,,h-52 w-full object-cover md:h-56
.next/server/app/locations/popcorn-ceiling-removal-burlington.html,/gallery/popcorn-ceiling-removal.jpeg,Burlington popcorn ceiling removal project photo 7,,,480,640,75580,False,,,h-52 w-full object-cover md:h-56
.next/server/app/locations/popcorn-ceiling-removal-burlington.html,/gallery/popcorn-ceiling-removal1.jpeg,Burlington popcorn ceiling removal project photo 8,,,533,640,151997,False,,,h-52 w-full object-cover md:h-56
.next/server/app/locations/popcorn-ceiling-removal-burlington.html,/gallery/popcorn-ceiling-removal2.jpeg,Burlington popcorn ceiling removal project photo 9,,,565,640,49593,False,,,h-52 w-full object-cover md:h-56
.next/server/app/locations/popcorn-ceiling-removal-waterdown.html,/logo.png,EPP Pro Services,,,200,56,16050,False,,,h-8 w-auto
.next/server/app/locations/popcorn-ceiling-removal-waterdown.html,/logo.png,EPP Pro Services,,,200,56,16050,False,,,h-12 w-auto
.next/server/app/locations/popcorn-ceiling-removal-waterdown.html,/services/popcorn-ceiling-removal/1.webp,Waterdown popcorn ceiling before removal,1200,800,428,571,134273,False,,,h-56 w-full object-cover
.next/server/app/locations/popcorn-ceiling-removal-waterdown.html,/gallery/popcorn-ceiling-removal.jpeg,Waterdown popcorn ceiling after removal,1200,800,480,640,75580,False,,,h-56 w-full object-cover
.next/server/app/locations/popcorn-ceiling-removal-waterdown.html,/services/popcorn-ceiling-removal/1.webp,Waterdown popcorn ceiling before removal,1200,800,428,571,134273,False,,,h-32 w-full object-cover
.next/server/app/locations/popcorn-ceiling-removal-waterdown.html,/gallery/popcorn-ceiling-removal.jpeg,Waterdown popcorn ceiling after removal,1200,800,480,640,75580,False,,,h-32 w-full object-cover
.next/server/app/locations/popcorn-ceiling-removal-waterdown.html,/gallery/popcornceilingremoval_4238.jpeg,Waterdown ceiling finish after popcorn removal,,,640,640,46493,False,,,h-[320px] w-full object-cover md:h-[420px]
.next/server/app/locations/popcorn-ceiling-removal-waterdown.html,/services/popcorn-ceiling-removal/1.webp,Waterdown popcorn ceiling removal project photo 1,,,428,571,134273,False,,,h-52 w-full object-cover md:h-56
.next/server/app/locations/popcorn-ceiling-removal-waterdown.html,/services/popcorn-ceiling-removal/2.webp,Waterdown popcorn ceiling removal project photo 2,,,380,507,96554,False,,,h-52 w-full object-cover md:h-56
.next/server/app/locations/popcorn-ceiling-removal-waterdown.html,/services/popcorn-ceiling-removal/3.webp,Waterdown popcorn ceiling removal project photo 3,,,380,507,71046,False,,,h-52 w-full object-cover md:h-56
.next/server/app/locations/popcorn-ceiling-removal-waterdown.html,/services/popcorn-ceiling-removal/4.webp,Waterdown popcorn ceiling removal project photo 4,,,380,380,56525,False,,,h-52 w-full object-cover md:h-56
.next/server/app/locations/popcorn-ceiling-removal-waterdown.html,/services/popcorn-ceiling-removal/5.webp,Waterdown popcorn ceiling removal project photo 5,,,380,507,60895,False,,,h-52 w-full object-cover md:h-56
.next/server/app/locations/popcorn-ceiling-removal-waterdown.html,/services/popcorn-ceiling-removal/6.webp,Waterdown popcorn ceiling removal project photo 6,,,432,288,205502,False,,,h-52 w-full object-cover md:h-56
.next/server/app/locations/popcorn-ceiling-removal-waterdown.html,/gallery/popcorn-ceiling-removal.jpeg,Waterdown popcorn ceiling removal project photo 7,,,480,640,75580,False,,,h-52 w-full object-cover md:h-56
.next/server/app/locations/popcorn-ceiling-removal-waterdown.html,/gallery/popcorn-ceiling-removal1.jpeg,Waterdown popcorn ceiling removal project photo 8,,,533,640,151997,False,,,h-52 w-full object-cover md:h-56
.next/server/app/locations/popcorn-ceiling-removal-waterdown.html,/gallery/popcorn-ceiling-removal2.jpeg,Waterdown popcorn ceiling removal project photo 9,,,565,640,49593,False,,,h-52 w-full object-cover md:h-56
.next/server/app/locations/popcorn-ceiling-removal-mississauga.html,/logo.png,EPP Pro Services,,,200,56,16050,False,,,h-8 w-auto
.next/server/app/locations/popcorn-ceiling-removal-mississauga.html,/logo.png,EPP Pro Services,,,200,56,16050,False,,,h-12 w-auto
.next/server/app/locations/popcorn-ceiling-removal-mississauga.html,/services/popcorn-ceiling-removal/1.webp,Mississauga popcorn ceiling before removal,1200,800,428,571,134273,False,,,h-56 w-full object-cover
.next/server/app/locations/popcorn-ceiling-removal-mississauga.html,/gallery/popcorn-ceiling-removal.jpeg,Mississauga popcorn ceiling after removal,1200,800,480,640,75580,False,,,h-56 w-full object-cover
.next/server/app/locations/popcorn-ceiling-removal-mississauga.html,/services/popcorn-ceiling-removal/1.webp,Mississauga popcorn ceiling before removal,1200,800,428,571,134273,False,,,h-32 w-full object-cover
.next/server/app/locations/popcorn-ceiling-removal-mississauga.html,/gallery/popcorn-ceiling-removal.jpeg,Mississauga popcorn ceiling after removal,1200,800,480,640,75580,False,,,h-32 w-full object-cover
.next/server/app/locations/popcorn-ceiling-removal-mississauga.html,/gallery/popcornceilingremoval_4238.jpeg,Mississauga ceiling finish after popcorn removal,,,640,640,46493,False,,,h-[320px] w-full object-cover md:h-[420px]
.next/server/app/locations/popcorn-ceiling-removal-mississauga.html,/services/popcorn-ceiling-removal/1.webp,Mississauga popcorn ceiling removal project photo 1,,,428,571,134273,False,,,h-52 w-full object-cover md:h-56
.next/server/app/locations/popcorn-ceiling-removal-mississauga.html,/services/popcorn-ceiling-removal/2.webp,Mississauga popcorn ceiling removal project photo 2,,,380,507,96554,False,,,h-52 w-full object-cover md:h-56
.next/server/app/locations/popcorn-ceiling-removal-mississauga.html,/services/popcorn-ceiling-removal/3.webp,Mississauga popcorn ceiling removal project photo 3,,,380,507,71046,False,,,h-52 w-full object-cover md:h-56
.next/server/app/locations/popcorn-ceiling-removal-mississauga.html,/services/popcorn-ceiling-removal/4.webp,Mississauga popcorn ceiling removal project photo 4,,,380,380,56525,False,,,h-52 w-full object-cover md:h-56
.next/server/app/locations/popcorn-ceiling-removal-mississauga.html,/services/popcorn-ceiling-removal/5.webp,Mississauga popcorn ceiling removal project photo 5,,,380,507,60895,False,,,h-52 w-full object-cover md:h-56
.next/server/app/locations/popcorn-ceiling-removal-mississauga.html,/services/popcorn-ceiling-removal/6.webp,Mississauga popcorn ceiling removal project photo 6,,,432,288,205502,False,,,h-52 w-full object-cover md:h-56
.next/server/app/locations/popcorn-ceiling-removal-mississauga.html,/gallery/popcorn-ceiling-removal.jpeg,Mississauga popcorn ceiling removal project photo 7,,,480,640,75580,False,,,h-52 w-full object-cover md:h-56
.next/server/app/locations/popcorn-ceiling-removal-mississauga.html,/gallery/popcorn-ceiling-removal1.jpeg,Mississauga popcorn ceiling removal project photo 8,,,533,640,151997,False,,,h-52 w-full object-cover md:h-56
.next/server/app/locations/popcorn-ceiling-removal-mississauga.html,/gallery/popcorn-ceiling-removal2.jpeg,Mississauga popcorn ceiling removal project photo 9,,,565,640,49593,False,,,h-52 w-full object-cover md:h-56
.next/server/app/locations/drywall-repair-mississauga.html,/logo.png,EPF Pro Services,,,200,56,16050,False,,,h-auto w-36 shrink-0 object-contain sm:w-44 md:w-48
.next/server/app/locations/popcorn-ceiling-removal-oakville.html,/logo.png,EPP Pro Services,,,200,56,16050,False,,,h-8 w-auto
.next/server/app/locations/popcorn-ceiling-removal-oakville.html,/logo.png,EPP Pro Services,,,200,56,16050,False,,,h-12 w-auto
.next/server/app/locations/popcorn-ceiling-removal-oakville.html,/services/popcorn-ceiling-removal/1.webp,Oakville popcorn ceiling before removal,1200,800,428,571,134273,False,,,h-56 w-full object-cover
.next/server/app/locations/popcorn-ceiling-removal-oakville.html,/gallery/popcorn-ceiling-removal.jpeg,Oakville popcorn ceiling after removal,1200,800,480,640,75580,False,,,h-56 w-full object-cover
.next/server/app/locations/popcorn-ceiling-removal-oakville.html,/services/popcorn-ceiling-removal/1.webp,Oakville popcorn ceiling before removal,1200,800,428,571,134273,False,,,h-32 w-full object-cover
.next/server/app/locations/popcorn-ceiling-removal-oakville.html,/gallery/popcorn-ceiling-removal.jpeg,Oakville popcorn ceiling after removal,1200,800,480,640,75580,False,,,h-32 w-full object-cover
.next/server/app/locations/popcorn-ceiling-removal-oakville.html,/gallery/popcornceilingremoval_4238.jpeg,Oakville ceiling finish after popcorn removal,,,640,640,46493,False,,,h-[320px] w-full object-cover md:h-[420px]
.next/server/app/locations/popcorn-ceiling-removal-oakville.html,/services/popcorn-ceiling-removal/1.webp,Oakville popcorn ceiling removal project photo 1,,,428,571,134273,False,,,h-52 w-full object-cover md:h-56
.next/server/app/locations/popcorn-ceiling-removal-oakville.html,/services/popcorn-ceiling-removal/2.webp,Oakville popcorn ceiling removal project photo 2,,,380,507,96554,False,,,h-52 w-full object-cover md:h-56
.next/server/app/locations/popcorn-ceiling-removal-oakville.html,/services/popcorn-ceiling-removal/3.webp,Oakville popcorn ceiling removal project photo 3,,,380,507,71046,False,,,h-52 w-full object-cover md:h-56
.next/server/app/locations/popcorn-ceiling-removal-oakville.html,/services/popcorn-ceiling-removal/4.webp,Oakville popcorn ceiling removal project photo 4,,,380,380,56525,False,,,h-52 w-full object-cover md:h-56
.next/server/app/locations/popcorn-ceiling-removal-oakville.html,/services/popcorn-ceiling-removal/5.webp,Oakville popcorn ceiling removal project photo 5,,,380,507,60895,False,,,h-52 w-full object-cover md:h-56
.next/server/app/locations/popcorn-ceiling-removal-oakville.html,/services/popcorn-ceiling-removal/6.webp,Oakville popcorn ceiling removal project photo 6,,,432,288,205502,False,,,h-52 w-full object-cover md:h-56
.next/server/app/locations/popcorn-ceiling-removal-oakville.html,/gallery/popcorn-ceiling-removal.jpeg,Oakville popcorn ceiling removal project photo 7,,,480,640,75580,False,,,h-52 w-full object-cover md:h-56
.next/server/app/locations/popcorn-ceiling-removal-oakville.html,/gallery/popcorn-ceiling-removal1.jpeg,Oakville popcorn ceiling removal project photo 8,,,533,640,151997,False,,,h-52 w-full object-cover md:h-56
.next/server/app/locations/popcorn-ceiling-removal-oakville.html,/gallery/popcorn-ceiling-removal2.jpeg,Oakville popcorn ceiling removal project photo 9,,,565,640,49593,False,,,h-52 w-full object-cover md:h-56
.next/server/app/locations/popcorn-ceiling-removal.html,/logo.png,EPP Pro Services,,,200,56,16050,False,,,h-8 w-auto
.next/server/app/locations/popcorn-ceiling-removal.html,/logo.png,EPP Pro Services,,,200,56,16050,False,,,h-12 w-auto
.next/server/app/locations/popcorn-ceiling-removal.html,/services/popcorn-ceiling-removal/1.webp,GTA & Nearby Areas popcorn ceiling before removal,1200,800,428,571,134273,False,,,h-56 w-full object-cover
.next/server/app/locations/popcorn-ceiling-removal.html,/gallery/popcorn-ceiling-removal.jpeg,GTA & Nearby Areas popcorn ceiling after removal,1200,800,480,640,75580,False,,,h-56 w-full object-cover
.next/server/app/locations/popcorn-ceiling-removal.html,/services/popcorn-ceiling-removal/1.webp,GTA & Nearby Areas popcorn ceiling before removal,1200,800,428,571,134273,False,,,h-32 w-full object-cover
.next/server/app/locations/popcorn-ceiling-removal.html,/gallery/popcorn-ceiling-removal.jpeg,GTA & Nearby Areas popcorn ceiling after removal,1200,800,480,640,75580,False,,,h-32 w-full object-cover
.next/server/app/locations/popcorn-ceiling-removal.html,/gallery/popcornceilingremoval_4238.jpeg,GTA & Nearby Areas ceiling finish after popcorn removal,,,640,640,46493,False,,,h-[320px] w-full object-cover md:h-[420px]
.next/server/app/locations/popcorn-ceiling-removal.html,/services/popcorn-ceiling-removal/1.webp,GTA & Nearby Areas popcorn ceiling removal project photo 1,,,428,571,134273,False,,,h-52 w-full object-cover md:h-56
.next/server/app/locations/popcorn-ceiling-removal.html,/services/popcorn-ceiling-removal/2.webp,GTA & Nearby Areas popcorn ceiling removal project photo 2,,,380,507,96554,False,,,h-52 w-full object-cover md:h-56
.next/server/app/locations/popcorn-ceiling-removal.html,/services/popcorn-ceiling-removal/3.webp,GTA & Nearby Areas popcorn ceiling removal project photo 3,,,380,507,71046,False,,,h-52 w-full object-cover md:h-56
.next/server/app/locations/popcorn-ceiling-removal.html,/services/popcorn-ceiling-removal/4.webp,GTA & Nearby Areas popcorn ceiling removal project photo 4,,,380,380,56525,False,,,h-52 w-full object-cover md:h-56
.next/server/app/locations/popcorn-ceiling-removal.html,/services/popcorn-ceiling-removal/5.webp,GTA & Nearby Areas popcorn ceiling removal project photo 5,,,380,507,60895,False,,,h-52 w-full object-cover md:h-56
.next/server/app/locations/popcorn-ceiling-removal.html,/services/popcorn-ceiling-removal/6.webp,GTA & Nearby Areas popcorn ceiling removal project photo 6,,,432,288,205502,False,,,h-52 w-full object-cover md:h-56
.next/server/app/locations/popcorn-ceiling-removal.html,/gallery/popcorn-ceiling-removal.jpeg,GTA & Nearby Areas popcorn ceiling removal project photo 7,,,480,640,75580,False,,,h-52 w-full object-cover md:h-56
.next/server/app/locations/popcorn-ceiling-removal.html,/gallery/popcorn-ceiling-removal1.jpeg,GTA & Nearby Areas popcorn ceiling removal project photo 8,,,533,640,151997,False,,,h-52 w-full object-cover md:h-56
.next/server/app/locations/popcorn-ceiling-removal.html,/gallery/popcorn-ceiling-removal2.jpeg,GTA & Nearby Areas popcorn ceiling removal project photo 9,,,565,640,49593,False,,,h-52 w-full object-cover md:h-56
.next/server/app/locations/drywall-repair.html,/logo.png,EPF Pro Services,,,200,56,16050,False,,,h-10 w-auto
.next/server/app/locations/drywall-repair.html,/gallery/drywall-repair/drywall-repair-service00001.webp,Drywall repair project photo 1,,,320,320,40781,False,,,h-56 w-full object-cover
.next/server/app/locations/drywall-repair.html,/gallery/drywall-repair/drywall-repair-service00002.webp,Drywall repair project photo 2,,,320,320,32773,False,,,h-56 w-full object-cover
.next/server/app/locations/drywall-repair.html,/gallery/drywall-repair/drywall-repair-service00003.webp,Drywall repair project photo 3,,,240,320,29333,False,,,h-56 w-full object-cover
.next/server/app/locations/drywall-repair.html,/gallery/drywall-repair/drywall-repair-service00004.webp,Drywall repair project photo 4,,,240,320,35083,False,,,h-56 w-full object-cover
.next/server/app/locations/drywall-repair.html,/gallery/drywall-repair/drywall-repair-service00005.webp,Drywall repair project photo 5,,,148,320,25001,False,,,h-56 w-full object-cover
.next/server/app/locations/drywall-repair.html,/gallery/drywall-repair/drywall-repair-service00007.webp,Drywall repair project photo 6,,,240,320,31806,False,,,h-56 w-full object-cover
.next/server/app/locations/drywall-repair-mississauga/churchill-meadows.html,/logo.png,EPF Pro Services,,,200,56,16050,False,,,h-auto w-36 shrink-0 object-contain sm:w-44 md:w-48
.next/server/app/locations/drywall-repair-mississauga/streetsville.html,/logo.png,EPF Pro Services,,,200,56,16050,False,,,h-auto w-36 shrink-0 object-contain sm:w-44 md:w-48
.next/server/app/locations/drywall-repair-mississauga/city-centre.html,/logo.png,EPF Pro Services,,,200,56,16050,False,,,h-auto w-36 shrink-0 object-contain sm:w-44 md:w-48
.next/server/app/locations/drywall-repair-mississauga/cooksville.html,/logo.png,EPF Pro Services,,,200,56,16050,False,,,h-auto w-36 shrink-0 object-contain sm:w-44 md:w-48
.next/server/app/locations/drywall-repair-mississauga/port-credit.html,/logo.png,EPF Pro Services,,,200,56,16050,False,,,h-auto w-36 shrink-0 object-contain sm:w-44 md:w-48
.next/server/app/locations/drywall-repair-mississauga/lorne-park.html,/logo.png,EPF Pro Services,,,200,56,16050,False,,,h-auto w-36 shrink-0 object-contain sm:w-44 md:w-48
.next/server/app/locations/drywall-repair-mississauga/clarkson.html,/logo.png,EPF Pro Services,,,200,56,16050,False,,,h-auto w-36 shrink-0 object-contain sm:w-44 md:w-48
.next/server/app/locations/drywall-repair-mississauga/meadowvale.html,/logo.png,EPF Pro Services,,,200,56,16050,False,,,h-auto w-36 shrink-0 object-contain sm:w-44 md:w-48
.next/server/app/locations/drywall-repair-mississauga/erin-mills.html,/logo.png,EPF Pro Services,,,200,56,16050,False,,,h-auto w-36 shrink-0 object-contain sm:w-44 md:w-48
.next/server/app/services/baseboard-installation.html,/logo.png,EPF Pro Services,,,200,56,16050,False,,,h-auto w-36 shrink-0 object-contain sm:w-44 md:w-48
.next/server/app/services/baseboard-installation.html,/gallery/baseboard-installation/baseboard-installation00003.jpg,Baseboard installation in the GTA,,,492,472,58496,False,,,h-full w-full object-cover transition duration-200 ease-out hover:brightness-110 hover:contrast-110
.next/server/app/services/skylight-drywall-repair.html,/logo.png,EPF Pro Services,,,200,56,16050,False,,,h-auto w-36 shrink-0 object-contain sm:w-44 md:w-48
.next/server/app/services/skylight-drywall-repair.html,/services/skylight-drywall-repair/skylight-drywall-repair-clean-hero-v2.jpg,,,,1672,941,277748,False,,,object-cover
.next/server/app/services/skylight-drywall-repair.html,/services/skylight-drywall-repair/skylight-drywall-repair-clean-hero-v2.jpg,Clean skylight and cathedral ceiling drywall repair with popcorn texture removal and smooth ceiling painting preparation,,,1672,941,277748,False,,,object-cover
.next/server/app/services/skylight-drywall-repair.html,/services/skylight-drywall-repair/skylight-drywall-repair-hamilton-clean-v2.jpg,"Hamilton skylight and cathedral ceiling repair with protected hallway, smooth skim coat, primer, and light well ceiling finishing",,,1672,941,223545,False,,,object-cover transition duration-500 group-hover:scale-105
.next/server/app/services/skylight-drywall-repair.html,/services/skylight-drywall-repair/skylight-drywall-repair-burlington-clean-v2.jpg,Burlington popcorn ceiling removal and cathedral ceiling repair around a bright skylight opening with protected floors,,,1672,941,388868,False,,,object-cover transition duration-500 group-hover:scale-105
.next/server/app/services/skylight-drywall-repair.html,/services/skylight-drywall-repair/skylight-drywall-repair-oakville-clean-v2.jpg,Oakville skylight shaft and cathedral ceiling repair with smooth ceiling refinishing and clean protected room preparation,,,1672,941,228573,False,,,object-cover transition duration-500 group-hover:scale-105
.next/server/app/services/skylight-drywall-repair.html,/services/skylight-drywall-repair/skylight-drywall-repair-mississauga-clean-v2.jpg,"Mississauga skylight and cathedral ceiling repair with smooth ceiling prep, protected room, and daylight from a clean skylight",,,1672,941,263800,False,,,object-cover transition duration-500 group-hover:scale-105
.next/server/app/services/skylight-drywall-repair.html,/services/skylight-drywall-repair/skylight-drywall-repair-burlington-clean-v2.jpg,Popcorn ceiling removal and skim coating around a skylight opening,,,1672,941,388868,False,,,object-cover
.next/server/app/services/skylight-drywall-repair.html,/services/skylight-drywall-repair/skylight-drywall-repair-hamilton-clean-v2.jpg,Skylight shaft drywall repair in a protected hallway,,,1672,941,223545,False,,,object-cover
.next/server/app/services/skylight-drywall-repair.html,/services/skylight-drywall-repair/skylight-drywall-repair-oakville-clean-v2.jpg,Smooth ceiling preparation around a large skylight shaft,,,1672,941,228573,False,,,object-cover
.next/server/app/services/popcorn-ceiling-removal.html,/logo.png,Popcorn ceiling removal EPF Pro Services,,,200,56,16050,False,,,w-auto h-14 md:h-16 object-contain
.next/server/app/services/popcorn-ceiling-removal.html,/services/popcorn-ceiling-removal/1.webp,Professional popcorn ceiling removal contractor - before and after,,,428,571,134273,False,,,w-full h-[500px] object-cover
.next/server/app/services/popcorn-ceiling-removal.html,/services/popcorn-ceiling-removal/1.webp,Popcorn ceiling removal project 1 - before and after transformation,,,428,571,134273,False,,,w-full h-64 object-cover group-hover:scale-105 transition duration-300
.next/server/app/services/popcorn-ceiling-removal.html,/services/popcorn-ceiling-removal/2.webp,Popcorn ceiling removal project 2 - before and after transformation,,,380,507,96554,False,,,w-full h-64 object-cover group-hover:scale-105 transition duration-300
.next/server/app/services/popcorn-ceiling-removal.html,/services/popcorn-ceiling-removal/3.webp,Popcorn ceiling removal project 3 - before and after transformation,,,380,507,71046,False,,,w-full h-64 object-cover group-hover:scale-105 transition duration-300
.next/server/app/services/popcorn-ceiling-removal.html,/services/popcorn-ceiling-removal/4.webp,Popcorn ceiling removal project 4 - before and after transformation,,,380,380,56525,False,,,w-full h-64 object-cover group-hover:scale-105 transition duration-300
.next/server/app/services/popcorn-ceiling-removal.html,/services/popcorn-ceiling-removal/5.webp,Popcorn ceiling removal project 5 - before and after transformation,,,380,507,60895,False,,,w-full h-64 object-cover group-hover:scale-105 transition duration-300
.next/server/app/services/popcorn-ceiling-removal.html,/services/popcorn-ceiling-removal/6.webp,Popcorn ceiling removal project 6 - before and after transformation,,,432,288,205502,False,,,w-full h-64 object-cover group-hover:scale-105 transition duration-300
.next/server/app/services/drywall-contractor.html,/logo.png,EPF Pro Services,,,200,56,16050,False,,,h-auto w-36 shrink-0 object-contain sm:w-44 md:w-48
.next/server/app/services/drywall-contractor.html,/gallery/drywall-installation/drywall-installation-hero.webp,Professional drywall contractor handling installation and finishing in GTA home,,,1529,900,454423,False,,,w-full h-[500px] object-cover
.next/server/app/services/drywall-contractor.html,/gallery/drywall-installation/drywall-installation-hero.webp,Drywall contractor hanging and aligning new wall board,,,1529,900,454423,False,,,h-64 w-full object-cover transition duration-500 group-hover:scale-105
.next/server/app/services/drywall-contractor.html,/gallery/drywall-repair/drywall-repair-service00002.webp,Drywall contractor replacing damaged ceiling sections,,,320,320,32773,False,,,h-64 w-full object-cover transition duration-500 group-hover:scale-105
.next/server/app/services/drywall-contractor.html,/gallery/drywall-repair/drywall-repair-service00004.webp,Smooth drywall finish delivered by professional drywall contractor,,,240,320,35083,False,,,h-64 w-full object-cover transition duration-500 group-hover:scale-105
.next/server/app/services/drywall-contractor.html,/gallery/drywall-repair/drywall-repair-service00007.webp,Drywall sanding and prep before final paint handoff,,,240,320,31806,False,,,h-64 w-full object-cover transition duration-500 group-hover:scale-105
.next/server/app/services/interior-painting.html,/logo.png,EPF Pro Services,,,200,56,16050,False,,,h-auto w-36 shrink-0 object-contain sm:w-44 md:w-48
.next/server/app/services/interior-painting.html,/services/painting/1.webp,Interior Painting project 1,,,1024,1024,1913035,False,,,w-full h-56 object-cover rounded-2xl border shadow
.next/server/app/services/interior-painting.html,/services/painting/2.webp,Interior Painting project 2,,,1024,1024,1958531,False,,,w-full h-56 object-cover rounded-2xl border shadow
.next/server/app/services/interior-painting.html,/services/painting/3.webp,Interior Painting project 3,,,1536,1024,3084958,False,,,w-full h-56 object-cover rounded-2xl border shadow
.next/server/app/services/interior-painting.html,/services/painting/4.webp,Interior Painting project 4,,,1024,1536,2186185,False,,,w-full h-56 object-cover rounded-2xl border shadow
.next/server/app/services/interior-painting.html,/services/painting/5.webp,Interior Painting project 5,,,1024,1024,1836703,False,,,w-full h-56 object-cover rounded-2xl border shadow
.next/server/app/services/interior-painting.html,/services/painting/6.webp,Interior Painting project 6,,,1024,1024,1851762,False,,,w-full h-56 object-cover rounded-2xl border shadow
.next/server/app/services/drywall-repair.html,/logo.png,EPF Pro Services,,,200,56,16050,False,,,h-auto w-36 shrink-0 object-contain sm:w-44 md:w-48
.next/server/app/services/drywall-repair.html,/gallery/drywall-repair/drywall-repair.webp,Professional drywall repair services - expert drywall contractors finishing seamless ceiling repair in GTA home,,,1529,900,454423,False,,,w-full h-[500px] object-cover
.next/server/app/services/drywall-repair.html,/gallery/drywall-repair/drywall-repair-service00001.webp,Level 5 drywall patch repair with seamless finish - GTA drywall contractors,,,320,320,40781,False,,,h-64 w-full object-cover transition duration-500 group-hover:scale-105
.next/server/app/services/drywall-repair.html,/gallery/drywall-repair/drywall-repair-service00002.webp,Water damaged drywall repair after leak - emergency ceiling water damage restoration,,,320,320,32773,False,,,h-64 w-full object-cover transition duration-500 group-hover:scale-105
.next/server/app/services/drywall-repair.html,/gallery/drywall-repair/drywall-repair-service00003.webp,Drywall crack repair and tape reinforcement ready for painting,,,240,320,29333,False,,,h-64 w-full object-cover transition duration-500 group-hover:scale-105
.next/server/app/services/drywall-repair.html,/gallery/drywall-repair/drywall-repair-service00004.webp,Small drywall repair and nail pop repair - seamless patching service,,,240,320,35083,False,,,h-64 w-full object-cover transition duration-500 group-hover:scale-105
.next/server/app/services/drywall-repair.html,/gallery/drywall-repair/drywall-repair-service00005.webp,Commercial drywall repair after plumbing work - condo and residential repair services,,,148,320,25001,False,,,h-64 w-full object-cover transition duration-500 group-hover:scale-105
.next/server/app/services/drywall-repair.html,/gallery/drywall-repair/drywall-repair-service00007.webp,Drywall repair after renovations - HVAC and electrical cut-out restoration,,,240,320,31806,False,,,h-64 w-full object-cover transition duration-500 group-hover:scale-105
.next/server/app/services/wallpaper-removal.html,/logo.png,EPF Pro Services,,,200,56,16050,False,,,h-auto w-36 shrink-0 object-contain sm:w-44 md:w-48
.next/server/app/services/wallpaper-removal.html,/services/wallpaper-removal/1.webp,Wallpaper removal project 1 — adhesive wash and skim-coat,,,1536,1024,2261018,False,,,w-full h-56 object-cover rounded-2xl border shadow
.next/server/app/services/wallpaper-removal.html,/services/wallpaper-removal/2.webp,Wallpaper removal project 2 — adhesive wash and skim-coat,,,1536,1024,2417153,False,,,w-full h-56 object-cover rounded-2xl border shadow
.next/server/app/services/wallpaper-removal.html,/services/wallpaper-removal/3.webp,Wallpaper removal project 3 — adhesive wash and skim-coat,,,1536,1024,2542149,False,,,w-full h-56 object-cover rounded-2xl border shadow
.next/server/app/services/wallpaper-removal.html,/services/wallpaper-removal/4.webp,Wallpaper removal project 4 — adhesive wash and skim-coat,,,1536,1024,2514430,False,,,w-full h-56 object-cover rounded-2xl border shadow
.next/server/app/services/wallpaper-removal.html,/services/wallpaper-removal/5.webp,Wallpaper removal project 5 — adhesive wash and skim-coat,,,1536,1024,3160767,False,,,w-full h-56 object-cover rounded-2xl border shadow
.next/server/app/services/wallpaper-removal.html,/services/wallpaper-removal/6.webp,Wallpaper removal project 6 — adhesive wash and skim-coat,,,600,800,98736,False,,,w-full h-56 object-cover rounded-2xl border shadow
.next/server/app/services/garage-drywall-repair.html,/logo.png,EPF Pro Services,,,200,56,16050,False,,,h-auto w-36 shrink-0 object-contain sm:w-44 md:w-48
.next/server/app/services/garage-drywall-repair.html,/blog/garage-drywall-finishing-levels-featured.webp,"Garage with compound-finished drywall joints, concrete floor and closed sectional door",1536,1024,1536,1024,81020,False,,,aspect-[3/2] w-full rounded-3xl border border-white/10 object-cover
.next/server/app/services/garage-drywall-repair.html,/blog/why-garage-drywall-tape-peels-featured.webp,Curled paper drywall tape along a garage wall joint beside a door track,1536,1024,1536,1024,51908,False,,,aspect-video w-full object-cover
.next/server/app/services/garage-drywall-repair.html,/blog/retape-or-replace-garage-drywall-featured.webp,Impact damage in a lower garage drywall panel with intact surrounding walls,1536,1024,1536,1024,91910,False,,,aspect-video w-full object-cover
.next/server/app/services/garage-drywall-repair.html,/blog/garage-drywall-seams-cracking-featured.webp,Narrow vertical seam crack on a gray painted garage wall,1536,1024,1536,1024,70326,False,,,aspect-video w-full object-cover
.next/server/app/services/garage-drywall-repair.html,/blog/garage-ceiling-drywall-tape-coming-loose-featured.webp,Short strip of detached ceiling joint tape above a garage door,1536,1024,1536,1024,40312,False,,,aspect-video w-full object-cover
.next/server/app/services/garage-drywall-repair.html,/blog/garage-drywall-finishing-levels-featured.webp,Empty garage with compound-finished wall and ceiling joints under side light,1536,1024,1536,1024,81020,False,,,aspect-video w-full object-cover
.next/server/app/services/garage-drywall-repair.html,/blog/fix-bad-drywall-finishing-garage-featured.webp,Unfinished garage wall with uneven compound ridges and visible fastener spots,1536,1024,1536,1024,78846,False,,,aspect-video w-full object-cover
.next/server/app/services/garage-drywall-repair.html,/blog/drywall-repair-vs-skimming-garage-walls-featured.webp,Broad skim-coat passes blending into a retained gray garage wall,1536,1024,1536,1024,96466,False,,,aspect-video w-full object-cover
.next/server/app/services/garage-drywall-repair.html,/blog/garage-drywall-repair-cost-factors-featured.webp,Protected garage floor beneath several wall joint repairs and a ceiling patch,1536,1024,1536,1024,98870,False,,,aspect-video w-full object-cover
.next/server/app/services/garage-drywall-repair.html,/blog/garage-drywall-repair-before-painting-featured.webp,Garage wall with prepared joints and spot-primed repairs above a protected floor,1536,1024,1536,1024,75772,False,,,aspect-video w-full object-cover
.next/server/app/services/garage-drywall-repair.html,/blog/garage-drywall-tape-repair-keeps-failing-featured.webp,Reopened vertical garage wall seam through a wider older painted patch,1536,1024,1536,1024,98184,False,,,aspect-video w-full object-cover
.next/server/app/services/drywall-installation.html,/logo.png,EPF Pro Services,,,200,56,16050,False,,,h-auto w-36 shrink-0 object-contain sm:w-44 md:w-48
.next/server/app/services/drywall-installation.html,/gallery/drywall-installation/drywall-installation-hero.webp,Professional drywall installation services - expert crew hanging and finishing new drywall in GTA home,,,1529,900,454423,False,,,w-full h-[500px] object-cover
.next/server/app/services/drywall-installation.html,/gallery/drywall-repair/drywall-repair-service00001.webp,Drywall installation crew hanging new boards in GTA home,,,320,320,40781,False,,,h-64 w-full object-cover transition duration-500 group-hover:scale-105
.next/server/app/services/drywall-installation.html,/gallery/drywall-repair/drywall-repair-service00002.webp,Ceiling drywall installation after water damage demo,,,320,320,32773,False,,,h-64 w-full object-cover transition duration-500 group-hover:scale-105
.next/server/app/services/drywall-installation.html,/gallery/drywall-repair/drywall-repair-service00003.webp,"Drywall taping, mudding, and sanding for Level 5 finish",,,240,320,29333,False,,,h-64 w-full object-cover transition duration-500 group-hover:scale-105
.next/server/app/services/drywall-installation.html,/gallery/drywall-repair/drywall-repair-service00004.webp,Basement drywall installation framing to finish,,,240,320,35083,False,,,h-64 w-full object-cover transition duration-500 group-hover:scale-105
.next/server/app/services/drywall-installation.html,/gallery/drywall-repair/drywall-repair-service00005.webp,Commercial drywall installation for tenant fit-out,,,148,320,25001,False,,,h-64 w-full object-cover transition duration-500 group-hover:scale-105
.next/server/app/services/drywall-installation.html,/gallery/drywall-repair/drywall-repair-service00007.webp,Condo drywall installation with skim coat finish,,,240,320,31806,False,,,h-64 w-full object-cover transition duration-500 group-hover:scale-105
.next/server/app/services/house-painter/mississauga.html,/logo.png,EPF Pro Services,,,200,56,16050,False,,,h-auto w-36 shrink-0 object-contain sm:w-44 md:w-48
.next/server/app/services/house-painter/mississauga.html,/services/house-painter/mississauga/house-painter-mississauga-whole-home-interior.jpg,House painter Mississauga whole-home interior with protected hardwood floors and freshly painted connected rooms,1536,1024,1536,1024,242725,False,,,aspect-[3/2] h-auto w-full rounded-3xl border border-white/15 object-cover shadow-2xl
.next/server/app/services/garage-drywall-repair/st-catharines.html,/logo.png,EPF Pro Services,,,200,56,16050,False,,,h-auto w-36 shrink-0 object-contain sm:w-44 md:w-48
.next/server/app/services/garage-drywall-repair/st-catharines.html,/blog/garage-drywall-finishing-levels-featured.webp,"Garage with compound-finished drywall joints, concrete floor and closed sectional door",1536,1024,1536,1024,81020,False,,,aspect-[3/2] w-full rounded-3xl border border-white/10 object-cover
.next/server/app/services/garage-drywall-repair/st-catharines.html,/blog/retape-or-replace-garage-drywall-featured.webp,Impact damage in a lower garage drywall panel with intact surrounding walls,1536,1024,1536,1024,91910,False,,,aspect-video w-full object-cover
.next/server/app/services/garage-drywall-repair/st-catharines.html,/blog/garage-drywall-tape-repair-keeps-failing-featured.webp,Reopened vertical garage wall seam through a wider older painted patch,1536,1024,1536,1024,98184,False,,,aspect-video w-full object-cover
.next/server/app/services/garage-drywall-repair/toronto.html,/logo.png,EPF Pro Services,,,200,56,16050,False,,,h-auto w-36 shrink-0 object-contain sm:w-44 md:w-48
.next/server/app/services/garage-drywall-repair/toronto.html,/blog/garage-drywall-finishing-levels-featured.webp,"Garage with compound-finished drywall joints, concrete floor and closed sectional door",1536,1024,1536,1024,81020,False,,,aspect-[3/2] w-full rounded-3xl border border-white/10 object-cover
.next/server/app/services/garage-drywall-repair/toronto.html,/blog/retape-or-replace-garage-drywall-featured.webp,Impact damage in a lower garage drywall panel with intact surrounding walls,1536,1024,1536,1024,91910,False,,,aspect-video w-full object-cover
.next/server/app/services/garage-drywall-repair/toronto.html,/blog/garage-ceiling-drywall-tape-coming-loose-featured.webp,Short strip of detached ceiling joint tape above a garage door,1536,1024,1536,1024,40312,False,,,aspect-video w-full object-cover
.next/server/app/services/garage-drywall-repair/hamilton.html,/logo.png,EPF Pro Services,,,200,56,16050,False,,,h-auto w-36 shrink-0 object-contain sm:w-44 md:w-48
.next/server/app/services/garage-drywall-repair/hamilton.html,/blog/garage-drywall-finishing-levels-featured.webp,"Garage with compound-finished drywall joints, concrete floor and closed sectional door",1536,1024,1536,1024,81020,False,,,aspect-[3/2] w-full rounded-3xl border border-white/10 object-cover
.next/server/app/services/garage-drywall-repair/hamilton.html,/blog/retape-or-replace-garage-drywall-featured.webp,Impact damage in a lower garage drywall panel with intact surrounding walls,1536,1024,1536,1024,91910,False,,,aspect-video w-full object-cover
.next/server/app/services/garage-drywall-repair/hamilton.html,/blog/garage-drywall-seams-cracking-featured.webp,Narrow vertical seam crack on a gray painted garage wall,1536,1024,1536,1024,70326,False,,,aspect-video w-full object-cover
.next/server/app/services/garage-drywall-repair/hamilton.html,/blog/garage-drywall-tape-repair-keeps-failing-featured.webp,Reopened vertical garage wall seam through a wider older painted patch,1536,1024,1536,1024,98184,False,,,aspect-video w-full object-cover
.next/server/app/services/garage-drywall-repair/milton.html,/logo.png,EPF Pro Services,,,200,56,16050,False,,,h-auto w-36 shrink-0 object-contain sm:w-44 md:w-48
.next/server/app/services/garage-drywall-repair/milton.html,/blog/garage-drywall-finishing-levels-featured.webp,"Garage with compound-finished drywall joints, concrete floor and closed sectional door",1536,1024,1536,1024,81020,False,,,aspect-[3/2] w-full rounded-3xl border border-white/10 object-cover
.next/server/app/services/garage-drywall-repair/milton.html,/blog/garage-drywall-finishing-levels-featured.webp,Empty garage with compound-finished wall and ceiling joints under side light,1536,1024,1536,1024,81020,False,,,aspect-video w-full object-cover
.next/server/app/services/garage-drywall-repair/milton.html,/blog/fix-bad-drywall-finishing-garage-featured.webp,Unfinished garage wall with uneven compound ridges and visible fastener spots,1536,1024,1536,1024,78846,False,,,aspect-video w-full object-cover
.next/server/app/services/garage-drywall-repair/oakville.html,/logo.png,EPF Pro Services,,,200,56,16050,False,,,h-auto w-36 shrink-0 object-contain sm:w-44 md:w-48
.next/server/app/services/garage-drywall-repair/oakville.html,/blog/garage-drywall-finishing-levels-featured.webp,"Garage with compound-finished drywall joints, concrete floor and closed sectional door",1536,1024,1536,1024,81020,False,,,aspect-[3/2] w-full rounded-3xl border border-white/10 object-cover
.next/server/app/services/garage-drywall-repair/oakville.html,/blog/garage-drywall-finishing-levels-featured.webp,Empty garage with compound-finished wall and ceiling joints under side light,1536,1024,1536,1024,81020,False,,,aspect-video w-full object-cover
.next/server/app/services/garage-drywall-repair/oakville.html,/blog/fix-bad-drywall-finishing-garage-featured.webp,Unfinished garage wall with uneven compound ridges and visible fastener spots,1536,1024,1536,1024,78846,False,,,aspect-video w-full object-cover
.next/server/app/services/garage-drywall-repair/oakville.html,/blog/garage-drywall-repair-before-painting-featured.webp,Garage wall with prepared joints and spot-primed repairs above a protected floor,1536,1024,1536,1024,75772,False,,,aspect-video w-full object-cover
.next/server/app/services/garage-drywall-repair/burlington.html,/logo.png,EPF Pro Services,,,200,56,16050,False,,,h-auto w-36 shrink-0 object-contain sm:w-44 md:w-48
.next/server/app/services/garage-drywall-repair/burlington.html,/blog/garage-drywall-finishing-levels-featured.webp,"Garage with compound-finished drywall joints, concrete floor and closed sectional door",1536,1024,1536,1024,81020,False,,,aspect-[3/2] w-full rounded-3xl border border-white/10 object-cover
.next/server/app/services/garage-drywall-repair/burlington.html,/blog/drywall-repair-vs-skimming-garage-walls-featured.webp,Broad skim-coat passes blending into a retained gray garage wall,1536,1024,1536,1024,96466,False,,,aspect-video w-full object-cover
.next/server/app/services/garage-drywall-repair/burlington.html,/blog/garage-drywall-repair-cost-factors-featured.webp,Protected garage floor beneath several wall joint repairs and a ceiling patch,1536,1024,1536,1024,98870,False,,,aspect-video w-full object-cover
.next/server/app/services/garage-drywall-repair/etobicoke.html,/logo.png,EPF Pro Services,,,200,56,16050,False,,,h-auto w-36 shrink-0 object-contain sm:w-44 md:w-48
.next/server/app/services/garage-drywall-repair/etobicoke.html,/blog/garage-drywall-finishing-levels-featured.webp,"Garage with compound-finished drywall joints, concrete floor and closed sectional door",1536,1024,1536,1024,81020,False,,,aspect-[3/2] w-full rounded-3xl border border-white/10 object-cover
.next/server/app/services/garage-drywall-repair/etobicoke.html,/blog/retape-or-replace-garage-drywall-featured.webp,Impact damage in a lower garage drywall panel with intact surrounding walls,1536,1024,1536,1024,91910,False,,,aspect-video w-full object-cover
.next/server/app/services/garage-drywall-repair/etobicoke.html,/blog/garage-drywall-repair-before-painting-featured.webp,Garage wall with prepared joints and spot-primed repairs above a protected floor,1536,1024,1536,1024,75772,False,,,aspect-video w-full object-cover
.next/server/app/services/garage-drywall-repair/mississauga.html,/logo.png,EPF Pro Services,,,200,56,16050,False,,,h-auto w-36 shrink-0 object-contain sm:w-44 md:w-48
.next/server/app/services/garage-drywall-repair/mississauga.html,/blog/garage-drywall-finishing-levels-featured.webp,"Garage with compound-finished drywall joints, concrete floor and closed sectional door",1536,1024,1536,1024,81020,False,,,aspect-[3/2] w-full rounded-3xl border border-white/10 object-cover
.next/server/app/services/garage-drywall-repair/mississauga.html,/blog/why-garage-drywall-tape-peels-featured.webp,Curled paper drywall tape along a garage wall joint beside a door track,1536,1024,1536,1024,51908,False,,,aspect-video w-full object-cover
.next/server/app/services/garage-drywall-repair/mississauga.html,/blog/garage-drywall-repair-cost-factors-featured.webp,Protected garage floor beneath several wall joint repairs and a ceiling patch,1536,1024,1536,1024,98870,False,,,aspect-video w-full object-cover
.next/server/app/services/garage-drywall-repair/north-york.html,/logo.png,EPF Pro Services,,,200,56,16050,False,,,h-auto w-36 shrink-0 object-contain sm:w-44 md:w-48
.next/server/app/services/garage-drywall-repair/north-york.html,/blog/garage-drywall-finishing-levels-featured.webp,"Garage with compound-finished drywall joints, concrete floor and closed sectional door",1536,1024,1536,1024,81020,False,,,aspect-[3/2] w-full rounded-3xl border border-white/10 object-cover
.next/server/app/services/garage-drywall-repair/north-york.html,/blog/drywall-repair-vs-skimming-garage-walls-featured.webp,Broad skim-coat passes blending into a retained gray garage wall,1536,1024,1536,1024,96466,False,,,aspect-video w-full object-cover
.next/server/app/services/garage-drywall-repair/north-york.html,/blog/garage-drywall-repair-before-painting-featured.webp,Garage wall with prepared joints and spot-primed repairs above a protected floor,1536,1024,1536,1024,75772,False,,,aspect-video w-full object-cover
.next/server/app/services/garage-drywall-repair/grimsby.html,/logo.png,EPF Pro Services,,,200,56,16050,False,,,h-auto w-36 shrink-0 object-contain sm:w-44 md:w-48
.next/server/app/services/garage-drywall-repair/grimsby.html,/blog/garage-drywall-finishing-levels-featured.webp,"Garage with compound-finished drywall joints, concrete floor and closed sectional door",1536,1024,1536,1024,81020,False,,,aspect-[3/2] w-full rounded-3xl border border-white/10 object-cover
.next/server/app/services/garage-drywall-repair/grimsby.html,/blog/why-garage-drywall-tape-peels-featured.webp,Curled paper drywall tape along a garage wall joint beside a door track,1536,1024,1536,1024,51908,False,,,aspect-video w-full object-cover
.next/server/app/services/garage-drywall-repair/grimsby.html,/blog/garage-drywall-repair-cost-factors-featured.webp,Protected garage floor beneath several wall joint repairs and a ceiling patch,1536,1024,1536,1024,98870,False,,,aspect-video w-full object-cover
.next/server/app/services/drywall-contractor/toronto.html,/logo.png,EPF Pro Services,,,200,56,16050,False,,,h-auto w-36 shrink-0 object-contain sm:w-44 md:w-48
.next/server/app/services/drywall-contractor/toronto.html,/gallery/drywall-installation/drywall-installation-hero.webp,Toronto drywall contractor handling wall and ceiling work,,,1529,900,454423,False,,,w-full h-[500px] object-cover
.next/server/app/services/drywall-contractor/hamilton.html,/logo.png,EPF Pro Services,,,200,56,16050,False,,,h-auto w-36 shrink-0 object-contain sm:w-44 md:w-48
.next/server/app/services/drywall-contractor/hamilton.html,/gallery/drywall-installation/drywall-installation-hero.webp,Hamilton drywall contractor handling wall and ceiling work,,,1529,900,454423,False,,,w-full h-[500px] object-cover
.next/server/app/services/drywall-contractor/oakville.html,/logo.png,EPF Pro Services,,,200,56,16050,False,,,h-auto w-36 shrink-0 object-contain sm:w-44 md:w-48
.next/server/app/services/drywall-contractor/oakville.html,/gallery/drywall-installation/drywall-installation-hero.webp,Oakville drywall contractor handling wall and ceiling work,,,1529,900,454423,False,,,w-full h-[500px] object-cover
.next/server/app/services/drywall-contractor/burlington.html,/logo.png,EPF Pro Services,,,200,56,16050,False,,,h-auto w-36 shrink-0 object-contain sm:w-44 md:w-48
.next/server/app/services/drywall-contractor/burlington.html,/gallery/drywall-installation/drywall-installation-hero.webp,Burlington drywall contractor handling wall and ceiling work,,,1529,900,454423,False,,,w-full h-[500px] object-cover
.next/server/app/services/drywall-contractor/mississauga.html,/logo.png,EPF Pro Services,,,200,56,16050,False,,,h-auto w-36 shrink-0 object-contain sm:w-44 md:w-48
.next/server/app/services/drywall-contractor/mississauga.html,/gallery/drywall-installation/drywall-installation-hero.webp,Mississauga drywall contractor handling wall and ceiling work,,,1529,900,454423,False,,,w-full h-[500px] object-cover
.next/server/app/services/drywall-contractor/grimsby.html,/logo.png,EPF Pro Services,,,200,56,16050,False,,,h-auto w-36 shrink-0 object-contain sm:w-44 md:w-48
.next/server/app/services/drywall-contractor/grimsby.html,/gallery/drywall-installation/drywall-installation-hero.webp,Grimsby drywall contractor handling wall and ceiling work,,,1529,900,454423,False,,,w-full h-[500px] object-cover
.next/server/app/services/drywall-repair/hamilton.html,/logo.png,EPF Pro Services,,,200,56,16050,False,,,h-auto w-36 shrink-0 object-contain sm:w-44 md:w-48
.next/server/app/services/drywall-repair/hamilton.html,/gallery/drywall-repair/drywall-repair.webp,Professional drywall repair Hamilton - expert contractors finishing seamless ceiling repair,,,1529,900,454423,False,,,w-full h-[500px] object-cover
.next/server/app/services/drywall-repair/hamilton.html,/gallery/drywall-repair/drywall-repair-service00001.webp,Drywall repair Hamilton Level 5 finish,,,320,320,40781,False,,,w-full h-full object-cover
.next/server/app/services/drywall-repair/hamilton.html,/gallery/drywall-repair/drywall-repair-service00001.webp,Hamilton drywall repair project 1,,,320,320,40781,False,,,w-full h-80 object-cover transition duration-500 group-hover:scale-110
.next/server/app/services/drywall-repair/hamilton.html,/gallery/drywall-repair/drywall-repair-service00002.webp,Hamilton drywall repair project 2,,,320,320,32773,False,,,w-full h-80 object-cover transition duration-500 group-hover:scale-110
.next/server/app/services/drywall-repair/hamilton.html,/gallery/drywall-repair/drywall-repair-service00003.webp,Hamilton drywall repair project 3,,,240,320,29333,False,,,w-full h-80 object-cover transition duration-500 group-hover:scale-110
.next/server/app/services/drywall-repair/hamilton.html,/gallery/drywall-repair/drywall-repair-service00004.webp,Hamilton drywall repair project 4,,,240,320,35083,False,,,w-full h-80 object-cover transition duration-500 group-hover:scale-110
.next/server/app/services/drywall-repair/hamilton.html,/gallery/drywall-repair/drywall-repair-service00005.webp,Hamilton drywall repair project 5,,,148,320,25001,False,,,w-full h-80 object-cover transition duration-500 group-hover:scale-110
.next/server/app/services/drywall-repair/hamilton.html,/gallery/drywall-repair/drywall-repair-service00007.webp,Hamilton drywall repair project 6,,,240,320,31806,False,,,w-full h-80 object-cover transition duration-500 group-hover:scale-110
.next/server/app/services/drywall-repair/milton.html,/logo.png,EPF Pro Services,,,200,56,16050,False,,,h-auto w-36 shrink-0 object-contain sm:w-44 md:w-48
.next/server/app/services/drywall-repair/milton.html,/gallery/drywall-repair/drywall-repair.webp,Professional drywall repair Milton Ontario - new build specialists Dempsey Hawthorne Village,,,1529,900,454423,False,,,w-full h-[500px] object-cover
.next/server/app/services/drywall-repair/milton.html,/gallery/drywall-repair/drywall-repair-service00001.webp,Drywall repair Milton Level 5 finish,,,320,320,40781,False,,,w-full h-full object-cover
.next/server/app/services/drywall-repair/milton.html,/gallery/drywall-repair/drywall-repair-service00001.webp,Milton drywall repair project 1,,,320,320,40781,False,,,w-full h-80 object-cover transition duration-500 group-hover:scale-110
.next/server/app/services/drywall-repair/milton.html,/gallery/drywall-repair/drywall-repair-service00002.webp,Milton drywall repair project 2,,,320,320,32773,False,,,w-full h-80 object-cover transition duration-500 group-hover:scale-110
.next/server/app/services/drywall-repair/milton.html,/gallery/drywall-repair/drywall-repair-service00003.webp,Milton drywall repair project 3,,,240,320,29333,False,,,w-full h-80 object-cover transition duration-500 group-hover:scale-110
.next/server/app/services/drywall-repair/milton.html,/gallery/drywall-repair/drywall-repair-service00004.webp,Milton drywall repair project 4,,,240,320,35083,False,,,w-full h-80 object-cover transition duration-500 group-hover:scale-110
.next/server/app/services/drywall-repair/milton.html,/gallery/drywall-repair/drywall-repair-service00005.webp,Milton drywall repair project 5,,,148,320,25001,False,,,w-full h-80 object-cover transition duration-500 group-hover:scale-110
.next/server/app/services/drywall-repair/milton.html,/gallery/drywall-repair/drywall-repair-service00007.webp,Milton drywall repair project 6,,,240,320,31806,False,,,w-full h-80 object-cover transition duration-500 group-hover:scale-110
.next/server/app/services/drywall-repair/oakville.html,/logo.png,EPF Pro Services,,,200,56,16050,False,,,h-auto w-36 shrink-0 object-contain sm:w-44 md:w-48
.next/server/app/services/drywall-repair/oakville.html,/gallery/drywall-repair/drywall-repair.webp,Premium drywall repair Oakville Ontario - luxury home specialists Glen Abbey River Oaks,,,1529,900,454423,False,,,w-full h-[500px] object-cover
.next/server/app/services/drywall-repair/oakville.html,/gallery/drywall-repair/drywall-repair-service00001.webp,Drywall repair Oakville Level 5 finish,,,320,320,40781,False,,,w-full h-full object-cover
.next/server/app/services/drywall-repair/oakville.html,/gallery/drywall-repair/drywall-repair-service00001.webp,Oakville drywall repair project 1,,,320,320,40781,False,,,w-full h-80 object-cover transition duration-500 group-hover:scale-110
.next/server/app/services/drywall-repair/oakville.html,/gallery/drywall-repair/drywall-repair-service00002.webp,Oakville drywall repair project 2,,,320,320,32773,False,,,w-full h-80 object-cover transition duration-500 group-hover:scale-110
.next/server/app/services/drywall-repair/oakville.html,/gallery/drywall-repair/drywall-repair-service00003.webp,Oakville drywall repair project 3,,,240,320,29333,False,,,w-full h-80 object-cover transition duration-500 group-hover:scale-110
.next/server/app/services/drywall-repair/oakville.html,/gallery/drywall-repair/drywall-repair-service00004.webp,Oakville drywall repair project 4,,,240,320,35083,False,,,w-full h-80 object-cover transition duration-500 group-hover:scale-110
.next/server/app/services/drywall-repair/oakville.html,/gallery/drywall-repair/drywall-repair-service00005.webp,Oakville drywall repair project 5,,,148,320,25001,False,,,w-full h-80 object-cover transition duration-500 group-hover:scale-110
.next/server/app/services/drywall-repair/oakville.html,/gallery/drywall-repair/drywall-repair-service00007.webp,Oakville drywall repair project 6,,,240,320,31806,False,,,w-full h-80 object-cover transition duration-500 group-hover:scale-110
.next/server/app/services/drywall-repair/burlington.html,/logo.png,EPF Pro Services,,,200,56,16050,False,,,h-auto w-36 shrink-0 object-contain sm:w-44 md:w-48
.next/server/app/services/drywall-repair/burlington.html,/gallery/drywall-repair/drywall-repair-service00001.webp,Professional drywall repair Burlington - expert contractors delivering smooth finish,,,320,320,40781,False,,,w-full h-full object-cover
.next/server/app/services/drywall-repair/burlington.html,/gallery/drywall-repair/drywall-repair-service00001.webp,Burlington drywall repair project 1,,,320,320,40781,False,,,w-full h-80 object-cover transition duration-500 group-hover:scale-110
.next/server/app/services/drywall-repair/burlington.html,/gallery/drywall-repair/drywall-repair-service00002.webp,Burlington drywall repair project 2,,,320,320,32773,False,,,w-full h-80 object-cover transition duration-500 group-hover:scale-110
.next/server/app/services/drywall-repair/burlington.html,/gallery/drywall-repair/drywall-repair-service00003.webp,Burlington drywall repair project 3,,,240,320,29333,False,,,w-full h-80 object-cover transition duration-500 group-hover:scale-110
.next/server/app/services/drywall-repair/burlington.html,/gallery/drywall-repair/drywall-repair-service00004.webp,Burlington drywall repair project 4,,,240,320,35083,False,,,w-full h-80 object-cover transition duration-500 group-hover:scale-110
.next/server/app/services/drywall-repair/burlington.html,/gallery/drywall-repair/drywall-repair-service00005.webp,Burlington drywall repair project 5,,,148,320,25001,False,,,w-full h-80 object-cover transition duration-500 group-hover:scale-110
.next/server/app/services/drywall-repair/burlington.html,/gallery/drywall-repair/drywall-repair-service00007.webp,Burlington drywall repair project 6,,,240,320,31806,False,,,w-full h-80 object-cover transition duration-500 group-hover:scale-110
.next/server/app/services/drywall-repair/etobicoke.html,/logo.png,EPF Pro Services,,,200,56,16050,False,,,h-auto w-36 shrink-0 object-contain sm:w-44 md:w-48
.next/server/app/services/drywall-repair/etobicoke.html,/gallery/drywall-repair/drywall-repair-service00001.webp,Drywall repair Etobicoke wall patch with smooth finish,,,320,320,40781,False,,,h-full w-full object-cover opacity-35
.next/server/app/services/drywall-repair/mississauga.html,/logo.png,EPF Pro Services,,,200,56,16050,False,,,h-auto w-36 shrink-0 object-contain sm:w-44 md:w-48
.next/server/app/services/drywall-repair/mississauga.html,/gallery/drywall-repair/drywall-repair-service00001.webp,Mississauga drywall repair,,,320,320,40781,False,,,w-full h-full object-cover
.next/server/app/services/drywall-repair/mississauga.html,/gallery/drywall-repair/drywall-repair-service00001.webp,Mississauga drywall repair project 1,,,320,320,40781,False,,,h-80 w-full object-cover transition duration-500 group-hover:scale-110
.next/server/app/services/drywall-repair/mississauga.html,/gallery/drywall-repair/drywall-repair-service00002.webp,Mississauga drywall repair project 2,,,320,320,32773,False,,,h-80 w-full object-cover transition duration-500 group-hover:scale-110
.next/server/app/services/drywall-repair/mississauga.html,/gallery/drywall-repair/drywall-repair-service00003.webp,Mississauga drywall repair project 3,,,240,320,29333,False,,,h-80 w-full object-cover transition duration-500 group-hover:scale-110
.next/server/app/services/drywall-repair/mississauga.html,/gallery/drywall-repair/drywall-repair-service00004.webp,Mississauga drywall repair project 4,,,240,320,35083,False,,,h-80 w-full object-cover transition duration-500 group-hover:scale-110
.next/server/app/services/drywall-repair/mississauga.html,/gallery/drywall-repair/drywall-repair-service00005.webp,Mississauga drywall repair project 5,,,148,320,25001,False,,,h-80 w-full object-cover transition duration-500 group-hover:scale-110
.next/server/app/services/drywall-repair/mississauga.html,/gallery/drywall-repair/drywall-repair-service00007.webp,Mississauga drywall repair project 6,,,240,320,31806,False,,,h-80 w-full object-cover transition duration-500 group-hover:scale-110
.next/server/app/services/drywall-repair/grimsby.html,/logo.png,EPF Pro Services,,,200,56,16050,False,,,h-auto w-36 shrink-0 object-contain sm:w-44 md:w-48
.next/server/app/services/drywall-repair/grimsby.html,/gallery/drywall-repair/drywall-repair.webp,Professional drywall repair Grimsby - expert contractors finishing seamless home repairs,,,1529,900,454423,False,,,w-full h-[500px] object-cover
.next/server/app/services/drywall-repair/grimsby.html,/gallery/drywall-repair/drywall-repair-service00001.webp,Drywall repair Grimsby seamless finish,,,320,320,40781,False,,,w-full h-full object-cover
.next/server/app/services/drywall-repair/grimsby.html,/gallery/drywall-repair/drywall-repair-service00001.webp,Grimsby drywall repair project 1,,,320,320,40781,False,,,w-full h-80 object-cover transition duration-500 group-hover:scale-110
.next/server/app/services/drywall-repair/grimsby.html,/gallery/drywall-repair/drywall-repair-service00002.webp,Grimsby drywall repair project 2,,,320,320,32773,False,,,w-full h-80 object-cover transition duration-500 group-hover:scale-110
.next/server/app/services/drywall-repair/grimsby.html,/gallery/drywall-repair/drywall-repair-service00003.webp,Grimsby drywall repair project 3,,,240,320,29333,False,,,w-full h-80 object-cover transition duration-500 group-hover:scale-110
.next/server/app/services/drywall-repair/grimsby.html,/gallery/drywall-repair/drywall-repair-service00004.webp,Grimsby drywall repair project 4,,,240,320,35083,False,,,w-full h-80 object-cover transition duration-500 group-hover:scale-110
.next/server/app/services/drywall-repair/grimsby.html,/gallery/drywall-repair/drywall-repair-service00005.webp,Grimsby drywall repair project 5,,,148,320,25001,False,,,w-full h-80 object-cover transition duration-500 group-hover:scale-110
.next/server/app/services/drywall-repair/grimsby.html,/gallery/drywall-repair/drywall-repair-service00007.webp,Grimsby drywall repair project 6,,,240,320,31806,False,,,w-full h-80 object-cover transition duration-500 group-hover:scale-110
.next/server/app/services/interior-painting/mississauga.html,/logo.png,EPF Pro Services,,,200,56,16050,False,,,h-auto w-36 shrink-0 object-contain sm:w-44 md:w-48
.next/server/app/services/interior-painting/mississauga.html,/services/interior-painting/mississauga/interior-painter-mississauga-condo-finish.jpg,"Interior painter Mississauga condo with smooth blue-grey walls, white ceiling, baseboards and door trim",1731,909,1731,909,330473,False,,,aspect-[16/10] h-auto w-full object-cover
.next/server/app/services/interior-painting/mississauga.html,/services/painting/1.webp,Interior wall painting with clean ceiling and trim lines,1024,1024,1024,1024,1913035,False,,,aspect-[4/3] h-auto w-full rounded-2xl border border-slate-200 object-cover shadow-sm
.next/server/app/services/interior-painting/mississauga.html,/services/painting/2.webp,Finished interior painting project showing smooth wall coverage,1024,1024,1024,1024,1958531,False,,,aspect-[4/3] h-auto w-full rounded-2xl border border-slate-200 object-cover shadow-sm
.next/server/app/services/interior-painting/mississauga.html,/services/painting/3.webp,Residential interior painting finish on walls and architectural trim,1536,1024,1536,1024,3084958,False,,,aspect-[4/3] h-auto w-full rounded-2xl border border-slate-200 object-cover shadow-sm
.next/server/app/services/drywall-installation/hamilton.html,/logo.png,EPF Pro Services,,,200,56,16050,False,,,h-auto w-36 shrink-0 object-contain sm:w-44 md:w-48
.next/server/app/services/drywall-installation/hamilton.html,/services/drywall/3.webp,Hamilton drywall crew installing ceiling board,,,640,427,394175,False,,,w-full h-[500px] object-cover
.next/server/app/services/drywall-installation/hamilton.html,/services/drywall/1.webp,Hamilton drywall crew installing board in a residential renovation,,,640,427,404646,False,,,w-full h-64 object-cover group-hover:scale-105 transition duration-300
.next/server/app/services/drywall-installation/hamilton.html,/services/drywall/2.webp,Basement drywall installation in Hamilton with boxed bulkheads,,,640,427,402646,False,,,w-full h-64 object-cover group-hover:scale-105 transition duration-300
.next/server/app/services/drywall-installation/hamilton.html,/services/drywall/3.webp,Ceiling drywall installation in Hamilton around mechanical rough-ins,,,640,427,394175,False,,,w-full h-64 object-cover group-hover:scale-105 transition duration-300
.next/server/app/services/drywall-installation/hamilton.html,/services/drywall/4.webp,Commercial drywall installation in Hamilton during fit-out stage,,,640,427,426434,False,,,w-full h-64 object-cover group-hover:scale-105 transition duration-300
.next/server/app/services/drywall-installation/hamilton.html,/services/drywall/5.webp,Hamilton drywall finishing under critical light before primer,,,640,427,400936,False,,,w-full h-64 object-cover group-hover:scale-105 transition duration-300
.next/server/app/services/drywall-installation/hamilton.html,/services/drywall/6.webp,Completed Hamilton drywall installation ready for paint,,,640,427,344207,False,,,w-full h-64 object-cover group-hover:scale-105 transition duration-300
.next/server/app/services/drywall-installation/oakville.html,/logo.png,EPF Pro Services,,,200,56,16050,False,,,h-auto w-36 shrink-0 object-contain sm:w-44 md:w-48
.next/server/app/services/drywall-installation/burlington.html,/logo.png,EPF Pro Services,,,200,56,16050,False,,,h-auto w-36 shrink-0 object-contain sm:w-44 md:w-48
.next/server/app/services/drywall-installation/burlington.html,/services/drywall/1.webp,Crew hanging drywall board for Burlington renovation,,,640,427,404646,False,,,w-full h-[500px] object-cover
.next/server/app/services/drywall-installation/burlington.html,/services/drywall/1.webp,Burlington drywall crew hanging board for a residential renovation,,,640,427,404646,False,,,w-full h-64 object-cover group-hover:scale-105 transition duration-300
.next/server/app/services/drywall-installation/burlington.html,/services/drywall/2.webp,Basement drywall installation in Burlington before final sanding,,,640,427,402646,False,,,w-full h-64 object-cover group-hover:scale-105 transition duration-300
.next/server/app/services/drywall-installation/burlington.html,/services/drywall/3.webp,Ceiling drywall installation in Burlington around lights and vents,,,640,427,394175,False,,,w-full h-64 object-cover group-hover:scale-105 transition duration-300
.next/server/app/services/drywall-installation/burlington.html,/services/drywall/4.webp,Commercial drywall fit-out work in Burlington during boarding stage,,,640,427,426434,False,,,w-full h-64 object-cover group-hover:scale-105 transition duration-300
.next/server/app/services/drywall-installation/burlington.html,/services/drywall/5.webp,Level 5 drywall finishing in Burlington before primer,,,640,427,400936,False,,,w-full h-64 object-cover group-hover:scale-105 transition duration-300
.next/server/app/services/drywall-installation/burlington.html,/services/drywall/6.webp,Completed Burlington drywall installation ready for paint and trim,,,640,427,344207,False,,,w-full h-64 object-cover group-hover:scale-105 transition duration-300
.next/server/app/services/drywall-installation/mississauga.html,/logo.png,EPF Pro Services,,,200,56,16050,False,,,h-auto w-36 shrink-0 object-contain sm:w-44 md:w-48
.next/server/app/services/drywall-installation/mississauga.html,/gallery/drywall-installation/drywall-instalation-mississauga/drywall-instalation-mississdauga.webp,Mississauga drywall installation crew working in condo,,,320,320,205921,False,,,w-full h-[500px] object-cover
.next/server/app/services/drywall-installation/mississauga.html,/gallery/drywall-installation/drywall-instalation-mississauga/drywall-instalation-mississdauga.webp,Drywall installation crew working in a Mississauga condo suite,,,320,320,205921,False,,,w-full h-64 object-cover group-hover:scale-105 transition duration-300
.next/server/app/services/drywall-installation/mississauga.html,/services/drywall/1.webp,Basement drywall installation in Mississauga with bulkheads and straight ceiling lines,,,640,427,404646,False,,,w-full h-64 object-cover group-hover:scale-105 transition duration-300
.next/server/app/services/drywall-installation/mississauga.html,/services/drywall/2.webp,Mississauga ceiling drywall installation after rough-ins were completed,,,640,427,402646,False,,,w-full h-64 object-cover group-hover:scale-105 transition duration-300
.next/server/app/services/drywall-installation/mississauga.html,/services/drywall/3.webp,Commercial drywall installation in Mississauga during fit-out framing stage,,,640,427,394175,False,,,w-full h-64 object-cover group-hover:scale-105 transition duration-300
.next/server/app/services/drywall-installation/mississauga.html,/services/drywall/4.webp,Level 5 drywall finishing in Mississauga before primer and paint,,,640,427,426434,False,,,w-full h-64 object-cover group-hover:scale-105 transition duration-300
.next/server/app/services/drywall-installation/mississauga.html,/services/drywall/5.webp,Completed Mississauga drywall installation ready for trim and paint,,,640,427,400936,False,,,w-full h-64 object-cover group-hover:scale-105 transition duration-300
.next/server/app/services/drywall-installation/grimsby.html,/logo.png,EPF Pro Services,,,200,56,16050,False,,,h-auto w-36 shrink-0 object-contain sm:w-44 md:w-48
.next/server/app/services/baseboard-installation/st-catharines.html,/logo.png,EPF Pro Services,,,200,56,16050,False,,,h-auto w-36 shrink-0 object-contain sm:w-44 md:w-48
.next/server/app/services/baseboard-installation/st-catharines.html,/gallery/baseboard-installation/baseboard-installation00004.jpg,Finished baseboard installation in St. Catharines,,,489,450,53151,False,,,h-full w-full object-cover transition duration-200 ease-out hover:brightness-110 hover:contrast-110
.next/server/app/services/baseboard-installation/toronto.html,/logo.png,EPF Pro Services,,,200,56,16050,False,,,h-auto w-36 shrink-0 object-contain sm:w-44 md:w-48
.next/server/app/services/baseboard-installation/toronto.html,/gallery/baseboard-installation/baseboard-installation00002.jpg,Baseboard installation in Toronto,,,481,471,58669,False,,,h-full w-full object-cover transition duration-200 ease-out hover:brightness-110 hover:contrast-110
.next/server/app/services/baseboard-installation/hamilton.html,/logo.png,EPF Pro Services,,,200,56,16050,False,,,h-auto w-36 shrink-0 object-contain sm:w-44 md:w-48
.next/server/app/services/baseboard-installation/hamilton.html,/gallery/baseboard-installation/baseboard-installation00002.jpg,Baseboard installation in Hamilton,,,481,471,58669,False,,,h-full w-full object-cover transition duration-200 ease-out hover:brightness-110 hover:contrast-110
.next/server/app/services/baseboard-installation/milton.html,/logo.png,EPF Pro Services,,,200,56,16050,False,,,h-auto w-36 shrink-0 object-contain sm:w-44 md:w-48
.next/server/app/services/baseboard-installation/milton.html,/gallery/baseboard-installation/baseboard-installation00003.jpg,Baseboard installation in Milton,,,492,472,58496,False,,,h-full w-full object-cover transition duration-200 ease-out hover:brightness-110 hover:contrast-110
.next/server/app/services/baseboard-installation/oakville.html,/logo.png,EPF Pro Services,,,200,56,16050,False,,,h-auto w-36 shrink-0 object-contain sm:w-44 md:w-48
.next/server/app/services/baseboard-installation/oakville.html,/gallery/baseboard-installation/baseboard-installation00001.jpg,Finished baseboard installation in Oakville,,,464,469,68044,False,,,h-full w-full object-cover transition duration-200 ease-out hover:brightness-110 hover:contrast-110
.next/server/app/services/baseboard-installation/burlington.html,/logo.png,EPF Pro Services,,,200,56,16050,False,,,h-auto w-36 shrink-0 object-contain sm:w-44 md:w-48
.next/server/app/services/baseboard-installation/burlington.html,/gallery/baseboard-installation/baseboard-installation00003.jpg,Finished baseboard installation in Burlington,,,492,472,58496,False,,,h-full w-full object-cover transition duration-200 ease-out hover:brightness-110 hover:contrast-110
.next/server/app/services/baseboard-installation/etobicoke.html,/logo.png,EPF Pro Services,,,200,56,16050,False,,,h-auto w-36 shrink-0 object-contain sm:w-44 md:w-48
.next/server/app/services/baseboard-installation/etobicoke.html,/gallery/baseboard-installation/baseboard-installation00004.jpg,Baseboard installation in Etobicoke,,,489,450,53151,False,,,h-full w-full object-cover transition duration-200 ease-out hover:brightness-110 hover:contrast-110
.next/server/app/services/baseboard-installation/mississauga.html,/logo.png,EPF Pro Services,,,200,56,16050,False,,,h-auto w-36 shrink-0 object-contain sm:w-44 md:w-48
.next/server/app/services/baseboard-installation/mississauga.html,/gallery/baseboard-installation/baseboard-installation00001.jpg,Finished baseboard installation in Mississauga,,,464,469,68044,False,,,h-full w-full object-cover transition duration-200 ease-out hover:brightness-110 hover:contrast-110
.next/server/app/services/baseboard-installation/north-york.html,/logo.png,EPF Pro Services,,,200,56,16050,False,,,h-auto w-36 shrink-0 object-contain sm:w-44 md:w-48
.next/server/app/services/baseboard-installation/north-york.html,/gallery/baseboard-installation/baseboard-installation00001.jpg,Baseboard installation in North York,,,464,469,68044,False,,,h-full w-full object-cover transition duration-200 ease-out hover:brightness-110 hover:contrast-110
.next/server/app/services/baseboard-installation/grimsby.html,/logo.png,EPF Pro Services,,,200,56,16050,False,,,h-auto w-36 shrink-0 object-contain sm:w-44 md:w-48
.next/server/app/services/baseboard-installation/grimsby.html,/gallery/baseboard-installation/baseboard-installation00002.jpg,Baseboard installation in Grimsby,,,481,471,58669,False,,,h-full w-full object-cover transition duration-200 ease-out hover:brightness-110 hover:contrast-110
/tmp/epf-blog-image-html/blog_drywall-repair-or-installation-burlington.html,/logo.png,EPF Pro Services,,,200,56,16050,False,,,h-auto w-36 shrink-0 object-contain sm:w-44 md:w-48
/tmp/epf-blog-image-html/blog_drywall-repair-or-installation-burlington.html,/blog/drywall-repair-or-installation-burlington-featured.png,Burlington room showing a new drywall board section beside repaired drywall patches.,1600,900,1672,941,1893155,False,,,h-auto w-full object-cover
/tmp/epf-blog-image-html/blog_drywall-repair-or-installation-burlington.html,/blog/drywall-repair-or-installation-burlington-featured.png,Burlington room showing a new drywall board section beside repaired drywall patches.,,,1672,941,1893155,False,,,h-48 w-full object-cover
/tmp/epf-blog-image-html/blog_drywall-repair-or-installation-burlington.html,/gallery/drywall-installation/drywall-installation-hero.webp,Drywall board installation before taping and finishing,,,1529,900,454423,False,,,h-48 w-full object-cover
/tmp/epf-blog-image-html/blog_drywall-repair-or-installation-burlington.html,/gallery/drywall-repair/drywall-repair-service00003.webp,Drywall taping and compound work before sanding,,,240,320,29333,False,,,h-48 w-full object-cover
/tmp/epf-blog-image-html/blog_how-to-prepare-for-popcorn-ceiling-removal-grimsby.html,/logo.png,Popcorn ceiling removal EPF Pro Services,,,200,56,16050,False,,,w-auto h-14 md:h-16 object-contain
/tmp/epf-blog-image-html/blog_how-to-prepare-for-popcorn-ceiling-removal-grimsby.html,/blog/POPCORN-CEILING-REMOVAL-PREP.png,Grimsby popcorn ceiling removal preparation with containment and protected floors,,,1366,908,2111981,False,,,mx-auto max-h-[520px] w-full bg-slate-100 object-contain p-4 md:p-6
/tmp/epf-blog-image-html/blog_how-to-prepare-for-popcorn-ceiling-removal-grimsby.html,/blog/POPCORN-CEILING-REMOVAL-PREP.png,Grimsby popcorn ceiling removal preparation with containment and protected floors,,,1366,908,2111981,False,,,h-48 w-full object-cover
/tmp/epf-blog-image-html/blog_how-to-prepare-for-popcorn-ceiling-removal-grimsby.html,/gallery/PopcornCeilingRemoval/popcorn-ceiling-removal5.jpg,Ceiling smoothing stage after popcorn ceiling preparation in Grimsby,,,500,667,228007,False,,,h-48 w-full object-cover
/tmp/epf-blog-image-html/blog_how-to-prepare-for-popcorn-ceiling-removal-grimsby.html,/gallery/PopcornCeilingRemoval/popcorn-ceiling-removal9.jpg,Finished smooth ceiling after popcorn ceiling removal in Grimsby,,,500,667,113877,False,,,h-48 w-full object-cover
/tmp/epf-blog-image-html/blog_drywall-repair-after-electrical-plumbing-hamilton.html,/logo.png,EPF Pro Services,,,200,56,16050,False,,,h-auto w-36 shrink-0 object-contain sm:w-44 md:w-48
/tmp/epf-blog-image-html/blog_drywall-repair-after-electrical-plumbing-hamilton.html,/blog/drywall-repair-after-electrical-plumbing-hamilton-featured.png,Drywall patches after electrical and plumbing access in a Hamilton-style home,1600,900,1672,941,1849625,False,,,h-auto w-full object-cover
/tmp/epf-blog-image-html/blog_drywall-repair-after-electrical-plumbing-hamilton.html,/blog/drywall-repair-after-electrical-plumbing-hamilton-featured.png,Drywall patches after electrical and plumbing access in a Hamilton-style home,,,1672,941,1849625,False,,,h-48 w-full object-cover
/tmp/epf-blog-image-html/blog_drywall-repair-after-electrical-plumbing-hamilton.html,/gallery/drywall-repair/drywall-repair-service00002.webp,Drywall repair area prepared before compound and sanding,,,320,320,32773,False,,,h-48 w-full object-cover
/tmp/epf-blog-image-html/blog_drywall-repair-after-electrical-plumbing-hamilton.html,/gallery/drywall-repair/drywall-repair-service00003.webp,Smooth drywall compound finish before painting,,,240,320,29333,False,,,h-48 w-full object-cover
/tmp/epf-blog-image-html/blog_painted-popcorn-ceiling-scrape-skim-coat-or-drywall.html,/logo.png,Popcorn ceiling removal EPF Pro Services,,,200,56,16050,False,,,w-auto h-14 md:h-16 object-contain
/tmp/epf-blog-image-html/blog_painted-popcorn-ceiling-scrape-skim-coat-or-drywall.html,/blog/painted-popcorn-ceiling-options-featured.png,"Contractor comparing a scrape test, skim coat sample, and drywall panel under a painted popcorn ceiling",1600,900,1536,1024,2936914,False,,,h-auto w-full object-cover
/tmp/epf-blog-image-html/blog_painted-popcorn-ceiling-scrape-skim-coat-or-drywall.html,/blog/painted-popcorn-ceiling-options-featured.png,"Contractor comparing a scrape test, skim coat sample, and drywall panel under a painted popcorn ceiling",,,1536,1024,2936914,False,,,h-48 w-full object-cover
/tmp/epf-blog-image-html/blog_painted-popcorn-ceiling-scrape-skim-coat-or-drywall.html,/blog/painted-popcorn-ceiling-skim-coat-process.png,Skim coating prepared painted popcorn ceiling in a protected room,,,1536,1024,2541625,False,,,h-48 w-full object-cover
/tmp/epf-blog-image-html/blog_painted-popcorn-ceiling-scrape-skim-coat-or-drywall.html,/blog/painted-popcorn-ceiling-after-flat-finish.png,"Smooth ceiling after repairs, primer, and flat ceiling paint",,,1536,1024,2076632,False,,,h-48 w-full object-cover
/tmp/epf-blog-image-html/blog_condo-drywall-repair-mississauga.html,/logo.png,EPF Pro Services,,,200,56,16050,False,,,h-auto w-36 shrink-0 object-contain sm:w-44 md:w-48
/tmp/epf-blog-image-html/blog_condo-drywall-repair-mississauga.html,/blog/condo-drywall-repair-mississauga.png,"Condo Drywall Repair in Mississauga: Square One, Port Credit, Erin Mills & High-Rise Repairs",,,1672,941,2017673,False,,,mx-auto max-h-[520px] w-full bg-slate-100 object-contain p-4 md:p-6
/tmp/epf-blog-image-html/blog_condo-drywall-repair-mississauga.html,/gallery/drywall-repair/drywall-repair-service00001.webp,Mississauga drywall repair compound work on a wall patch,,,320,320,40781,False,,,h-48 w-full object-cover
/tmp/epf-blog-image-html/blog_condo-drywall-repair-mississauga.html,/gallery/drywall-repair/drywall-repair-service00002.webp,Ceiling drywall repair after leak damage in Mississauga,,,320,320,32773,False,,,h-48 w-full object-cover
/tmp/epf-blog-image-html/blog_condo-drywall-repair-mississauga.html,/gallery/drywall-repair/drywall-repair-service00003.webp,Paint-ready drywall repair finish after sanding and priming,,,240,320,29333,False,,,h-48 w-full object-cover
/tmp/epf-blog-image-html/blog_why-drywall-patches-show-through-paint.html,/logo.png,EPF Pro Services,,,200,56,16050,False,,,h-auto w-36 shrink-0 object-contain sm:w-44 md:w-48
/tmp/epf-blog-image-html/blog_why-drywall-patches-show-through-paint.html,/blog/why-drywall-patches-show-through-paint-featured.png,Visible drywall patch showing through paint on an interior wall before professional repair,1672,941,1672,941,1800528,False,,,h-auto w-full object-cover
/tmp/epf-blog-image-html/blog_why-drywall-patches-show-through-paint.html,/gallery/drywall-repair/drywall-repair-service00007.webp,Drywall repair feathered wider before primer in a residential room,1200,760,240,320,31806,False,,,h-auto w-full object-cover
/tmp/epf-blog-image-html/blog_why-drywall-patches-show-through-paint.html,/gallery/drywall-repair/drywall-repair-service00003.webp,Professional drywall patch sanding with dust control before paint,1200,760,240,320,29333,False,,,h-auto w-full object-cover
/tmp/epf-blog-image-html/blog_why-drywall-patches-show-through-paint.html,/gallery/drywall-repair/drywall-repair-service00004.webp,Smooth drywall patch repair before painting in a bright room,1200,760,240,320,35083,False,,,h-auto w-full object-cover
/tmp/epf-blog-image-html/blog_why-drywall-patches-show-through-paint.html,/blog/drywall-repair-after-electrical-plumbing-mississauga.png,Drywall Repair Before Painting related guide image,900,560,1672,941,1805745,False,,,h-44 w-full object-cover
/tmp/epf-blog-image-html/blog_why-drywall-patches-show-through-paint.html,/blog/drywall-repair-patching-services.png,How to Patch Drywall related guide image,900,560,400,267,219524,False,,,h-44 w-full object-cover
/tmp/epf-blog-image-html/blog_why-drywall-patches-show-through-paint.html,/blog/water-damaged-drywall-repair-mississauga.png,Water-Damaged Drywall Repair related guide image,900,560,1672,941,1818425,False,,,h-44 w-full object-cover
/tmp/epf-blog-image-html/blog_why-drywall-patches-show-through-paint.html,/gallery/drywall-repair/drywall-repair-service00007.webp,DIY Drywall Repair vs Hiring a Professional related guide image,900,560,240,320,31806,False,,,h-44 w-full object-cover
/tmp/epf-blog-image-html/blog_water-damaged-drywall-repair-mississauga.html,/logo.png,EPF Pro Services,,,200,56,16050,False,,,h-auto w-36 shrink-0 object-contain sm:w-44 md:w-48
/tmp/epf-blog-image-html/blog_water-damaged-drywall-repair-mississauga.html,/blog/water-damaged-drywall-repair-mississauga.png,Water Damaged Drywall Repair in Mississauga: What Happens After a Leak,,,1672,941,1818425,False,,,mx-auto max-h-[520px] w-full bg-slate-100 object-contain p-4 md:p-6
/tmp/epf-blog-image-html/blog_water-damaged-drywall-repair-mississauga.html,/gallery/drywall-repair/drywall-repair-service00001.webp,Mississauga drywall repair compound work on a wall patch,,,320,320,40781,False,,,h-48 w-full object-cover
/tmp/epf-blog-image-html/blog_water-damaged-drywall-repair-mississauga.html,/gallery/drywall-repair/drywall-repair-service00002.webp,Ceiling drywall repair after leak damage in Mississauga,,,320,320,32773,False,,,h-48 w-full object-cover
/tmp/epf-blog-image-html/blog_water-damaged-drywall-repair-mississauga.html,/gallery/drywall-repair/drywall-repair-service00003.webp,Paint-ready drywall repair finish after sanding and priming,,,240,320,29333,False,,,h-48 w-full object-cover
/tmp/epf-blog-image-html/blog_drywall-repair-cost-mississauga.html,/logo.png,EPF Pro Services,,,200,56,16050,False,,,h-auto w-36 shrink-0 object-contain sm:w-44 md:w-48
/tmp/epf-blog-image-html/blog_drywall-repair-cost-mississauga.html,/blog/drywall-repair-cost-mississauga.png,Drywall Repair Cost in Mississauga: What Homeowners Should Know,,,1672,941,1912414,False,,,mx-auto max-h-[520px] w-full bg-slate-100 object-contain p-4 md:p-6
/tmp/epf-blog-image-html/blog_drywall-repair-cost-mississauga.html,/gallery/drywall-repair/drywall-repair-service00001.webp,Mississauga drywall repair compound work on a wall patch,,,320,320,40781,False,,,h-48 w-full object-cover
/tmp/epf-blog-image-html/blog_drywall-repair-cost-mississauga.html,/gallery/drywall-repair/drywall-repair-service00002.webp,Ceiling drywall repair after leak damage in Mississauga,,,320,320,32773,False,,,h-48 w-full object-cover
/tmp/epf-blog-image-html/blog_drywall-repair-cost-mississauga.html,/gallery/drywall-repair/drywall-repair-service00003.webp,Paint-ready drywall repair finish after sanding and priming,,,240,320,29333,False,,,h-48 w-full object-cover
/tmp/epf-blog-image-html/blog_drywall-repair-after-plumbing-burlington.html,/logo.png,EPF Pro Services,,,200,56,16050,False,,,h-auto w-36 shrink-0 object-contain sm:w-44 md:w-48
/tmp/epf-blog-image-html/blog_drywall-repair-after-plumbing-burlington.html,/blog/drywall-repair-after-plumbing-burlington-featured.png,Drywall ceiling patch after plumbing access in a Burlington-style home,1600,900,1672,941,1684457,False,,,h-auto w-full object-cover
/tmp/epf-blog-image-html/blog_drywall-repair-after-plumbing-burlington.html,/blog/drywall-repair-after-plumbing-burlington-featured.png,Drywall ceiling patch after plumbing access in a Burlington-style home,,,1672,941,1684457,False,,,h-48 w-full object-cover
/tmp/epf-blog-image-html/blog_drywall-repair-after-plumbing-burlington.html,/gallery/drywall-repair/drywall-repair-service00002.webp,Drywall repair area prepared before compound and sanding,,,320,320,32773,False,,,h-48 w-full object-cover
/tmp/epf-blog-image-html/blog_drywall-repair-after-plumbing-burlington.html,/gallery/drywall-repair/drywall-repair-service00003.webp,Smooth drywall compound finish before painting,,,240,320,29333,False,,,h-48 w-full object-cover
/tmp/epf-blog-image-html/blog_garage-drywall-tape-repair-keeps-failing.html,/logo.png,EPF Pro Services,,,200,56,16050,False,,,h-auto w-36 shrink-0 object-contain sm:w-44 md:w-48
/tmp/epf-blog-image-html/blog_garage-drywall-tape-repair-keeps-failing.html,/blog/garage-drywall-tape-repair-keeps-failing-featured.webp,Reopened vertical garage wall seam through a wider older painted patch,1600,900,1536,1024,98184,False,,,h-auto w-full object-cover
/tmp/epf-blog-image-html/blog_garage-drywall-tape-repair-keeps-failing.html,/blog/garage-drywall-tape-repair-keeps-failing-featured.webp,Reopened vertical garage wall seam through a wider older painted patch,,,1536,1024,98184,False,,,h-48 w-full object-cover
/tmp/epf-blog-image-html/blog_garage-drywall-tape-repair-keeps-failing.html,/blog/retape-or-replace-garage-drywall-featured.webp,Impact damage in a lower garage drywall panel with intact surrounding walls,,,1536,1024,91910,False,,,h-48 w-full object-cover
/tmp/epf-blog-image-html/blog_garage-drywall-tape-repair-keeps-failing.html,/blog/garage-drywall-seams-cracking-featured.webp,Narrow vertical seam crack on a gray painted garage wall,,,1536,1024,70326,False,,,h-48 w-full object-cover
/tmp/epf-blog-image-html/blog_condo-drywall-installation-toronto.html,/logo.png,EPF Pro Services,,,200,56,16050,False,,,h-auto w-36 shrink-0 object-contain sm:w-44 md:w-48
/tmp/epf-blog-image-html/blog_condo-drywall-installation-toronto.html,/gallery/drywall-repair/drywall-repair-service00007.webp,Condo drywall installation in Toronto around concrete transitions,,,240,320,31806,False,,,mx-auto max-h-[520px] w-full bg-slate-100 object-contain p-4 md:p-6
/tmp/epf-blog-image-html/blog_condo-drywall-installation-toronto.html,/gallery/drywall-repair/drywall-repair-service00007.webp,Condo drywall installation in Toronto around concrete transitions,,,240,320,31806,False,,,h-48 w-full object-cover
/tmp/epf-blog-image-html/blog_condo-drywall-installation-toronto.html,/services/drywall/3.webp,Toronto condo drywall finishing before paint,,,640,427,394175,False,,,h-48 w-full object-cover
/tmp/epf-blog-image-html/blog_condo-drywall-installation-toronto.html,/services/drywall/2.webp,Toronto condo ceiling and wall drywall installation,,,640,427,402646,False,,,h-48 w-full object-cover
/tmp/epf-blog-image-html/blog_garage-ceiling-drywall-tape-coming-loose.html,/logo.png,EPF Pro Services,,,200,56,16050,False,,,h-auto w-36 shrink-0 object-contain sm:w-44 md:w-48
/tmp/epf-blog-image-html/blog_garage-ceiling-drywall-tape-coming-loose.html,/blog/garage-ceiling-drywall-tape-coming-loose-featured.webp,Short strip of detached ceiling joint tape above a garage door,1600,900,1536,1024,40312,False,,,h-auto w-full object-cover
/tmp/epf-blog-image-html/blog_garage-ceiling-drywall-tape-coming-loose.html,/blog/garage-ceiling-drywall-tape-coming-loose-featured.webp,Short strip of detached ceiling joint tape above a garage door,,,1536,1024,40312,False,,,h-48 w-full object-cover
/tmp/epf-blog-image-html/blog_garage-ceiling-drywall-tape-coming-loose.html,/blog/retape-or-replace-garage-drywall-featured.webp,Impact damage in a lower garage drywall panel with intact surrounding walls,,,1536,1024,91910,False,,,h-48 w-full object-cover
/tmp/epf-blog-image-html/blog_garage-ceiling-drywall-tape-coming-loose.html,/blog/garage-drywall-repair-before-painting-featured.webp,Garage wall with prepared joints and spot-primed repairs above a protected floor,,,1536,1024,75772,False,,,h-48 w-full object-cover
/tmp/epf-blog-image-html/blog_basement-drywall-repair-hamilton.html,/logo.png,EPF Pro Services,,,200,56,16050,False,,,h-auto w-36 shrink-0 object-contain sm:w-44 md:w-48
/tmp/epf-blog-image-html/blog_basement-drywall-repair-hamilton.html,/gallery/drywall-repair/drywall-repair-service00005.webp,basement drywall repair Hamilton,,,148,320,25001,False,,,mx-auto max-h-[520px] w-full bg-slate-100 object-contain p-4 md:p-6
/tmp/epf-blog-image-html/blog_basement-drywall-repair-hamilton.html,/gallery/drywall-repair/drywall-repair-service00005.webp,basement drywall repair Hamilton,,,148,320,25001,False,,,h-48 w-full object-cover
/tmp/epf-blog-image-html/blog_basement-drywall-repair-hamilton.html,/gallery/drywall-repair/drywall-repair-service00004.webp,basement ceiling drywall patch in Hamilton,,,240,320,35083,False,,,h-48 w-full object-cover
/tmp/epf-blog-image-html/blog_basement-drywall-repair-hamilton.html,/gallery/drywall-repair/drywall-repair-service00003.webp,smooth drywall finish after Hamilton basement repair,,,240,320,29333,False,,,h-48 w-full object-cover
/tmp/epf-blog-image-html/blog_ceiling-crack-drywall-repair.html,/logo.png,EPF Pro Services,,,200,56,16050,False,,,h-auto w-36 shrink-0 object-contain sm:w-44 md:w-48
/tmp/epf-blog-image-html/blog_ceiling-crack-drywall-repair.html,/blog/drywall-crack-repair-mississauga.png,drywall crack repair before painting,,,1672,941,1850798,False,,,mx-auto max-h-[520px] w-full bg-slate-100 object-contain p-4 md:p-6
/tmp/epf-blog-image-html/blog_ceiling-crack-drywall-repair.html,/blog/drywall-crack-repair-mississauga.png,drywall crack repair before painting,,,1672,941,1850798,False,,,h-48 w-full object-cover
/tmp/epf-blog-image-html/blog_ceiling-crack-drywall-repair.html,/gallery/drywall-repair/drywall-repair-service00002.webp,ceiling drywall repair with taped seam,,,320,320,32773,False,,,h-48 w-full object-cover
/tmp/epf-blog-image-html/blog_ceiling-crack-drywall-repair.html,/gallery/drywall-repair/drywall-repair-service00003.webp,smooth drywall finish after repair,,,240,320,29333,False,,,h-48 w-full object-cover
/tmp/epf-blog-image-html/blog_condo-popcorn-ceiling-removal-mississauga.html,/logo.png,Popcorn ceiling removal EPF Pro Services,,,200,56,16050,False,,,w-auto h-14 md:h-16 object-contain
/tmp/epf-blog-image-html/blog_condo-popcorn-ceiling-removal-mississauga.html,/blog/condo-popcorn-ceiling-removal-mississauga-featured.png,Contractor protecting a Mississauga condo before popcorn ceiling removal,1600,900,1672,941,2077081,False,,,h-auto w-full object-cover
/tmp/epf-blog-image-html/blog_condo-popcorn-ceiling-removal-mississauga.html,/blog/condo-popcorn-ceiling-removal-mississauga-featured.png,Contractor protecting a Mississauga condo before popcorn ceiling removal,,,1672,941,2077081,False,,,h-48 w-full object-cover
/tmp/epf-blog-image-html/blog_condo-popcorn-ceiling-removal-mississauga.html,/blog/hepa-sanding-containment-smooth-ceiling.png,HEPA sanding and containment for condo ceiling work,,,1672,941,1925997,False,,,h-48 w-full object-cover
/tmp/epf-blog-image-html/blog_condo-popcorn-ceiling-removal-mississauga.html,/services/popcorn-ceiling-removal/3.webp,Finished smooth ceiling in a bright condo-style room,,,380,507,71046,False,,,h-48 w-full object-cover
/tmp/epf-blog-image-html/blog_ceiling-drywall-repair-grimsby-water-damage.html,/logo.png,EPF Pro Services,,,200,56,16050,False,,,h-auto w-36 shrink-0 object-contain sm:w-44 md:w-48
/tmp/epf-blog-image-html/blog_ceiling-drywall-repair-grimsby-water-damage.html,/blog/ceiling-drywall-repair-grimsby-water-damage-featured.png,Ceiling drywall repair after leaks and cracks in a Grimsby-style home,1600,900,1672,941,1941340,False,,,h-auto w-full object-cover
/tmp/epf-blog-image-html/blog_ceiling-drywall-repair-grimsby-water-damage.html,/blog/ceiling-drywall-repair-grimsby-water-damage-featured.png,Ceiling drywall repair after leaks and cracks in a Grimsby-style home,,,1672,941,1941340,False,,,h-48 w-full object-cover
/tmp/epf-blog-image-html/blog_ceiling-drywall-repair-grimsby-water-damage.html,/gallery/drywall-repair/drywall-repair-service00002.webp,Drywall repair area prepared before compound and sanding,,,320,320,32773,False,,,h-48 w-full object-cover
/tmp/epf-blog-image-html/blog_ceiling-drywall-repair-grimsby-water-damage.html,/gallery/drywall-repair/drywall-repair-service00003.webp,Smooth drywall compound finish before painting,,,240,320,29333,False,,,h-48 w-full object-cover
/tmp/epf-blog-image-html/blog_how-to-prepare-for-popcorn-ceiling-removal-burlington.html,/logo.png,Popcorn ceiling removal EPF Pro Services,,,200,56,16050,False,,,w-auto h-14 md:h-16 object-contain
/tmp/epf-blog-image-html/blog_how-to-prepare-for-popcorn-ceiling-removal-burlington.html,/blog/POPCORN-CEILING-REMOVAL-BURLINGTON.png,Burlington popcorn ceiling removal prep with containment and floor protection,,,1366,908,2130774,False,,,mx-auto max-h-[520px] w-full bg-slate-100 object-contain p-4 md:p-6
/tmp/epf-blog-image-html/blog_how-to-prepare-for-popcorn-ceiling-removal-burlington.html,/blog/POPCORN-CEILING-REMOVAL-BURLINGTON.png,Burlington popcorn ceiling removal prep with containment and floor protection,,,1366,908,2130774,False,,,h-48 w-full object-cover
/tmp/epf-blog-image-html/blog_how-to-prepare-for-popcorn-ceiling-removal-burlington.html,/gallery/PopcornCeilingRemoval/popcorn-ceiling-removal5.jpg,Ceiling smoothing after popcorn ceiling prep in Burlington,,,500,667,228007,False,,,h-48 w-full object-cover
/tmp/epf-blog-image-html/blog_how-to-prepare-for-popcorn-ceiling-removal-burlington.html,/gallery/PopcornCeilingRemoval/popcorn-ceiling-removal9.jpg,Smooth painted ceiling after popcorn removal cleanup in Burlington,,,500,667,113877,False,,,h-48 w-full object-cover
/tmp/epf-blog-image-html/blog_popcorn-ceiling-removal-quote-checklist.html,/logo.png,Popcorn ceiling removal EPF Pro Services,,,200,56,16050,False,,,w-auto h-14 md:h-16 object-contain
/tmp/epf-blog-image-html/blog_popcorn-ceiling-removal-quote-checklist.html,/blog/popcorn-ceiling-removal-quote-checklist.png,Contractor checking ceiling details for a popcorn ceiling removal quote,,,1672,941,2347713,False,,,mx-auto max-h-[520px] w-full bg-slate-100 object-contain p-4 md:p-6
/tmp/epf-blog-image-html/blog_popcorn-ceiling-removal-quote-checklist.html,/blog/popcorn-ceiling-removal-quote-checklist.png,Contractor checking ceiling details for a popcorn ceiling removal quote,,,1672,941,2347713,False,,,h-48 w-full object-cover
/tmp/epf-blog-image-html/blog_popcorn-ceiling-removal-quote-checklist.html,/blog/hepa-sanding-containment-smooth-ceiling.png,HEPA sanding setup for smooth ceiling work,,,1672,941,1925997,False,,,h-48 w-full object-cover
/tmp/epf-blog-image-html/blog_popcorn-ceiling-removal-quote-checklist.html,/services/popcorn-ceiling-removal/3.webp,Finished smooth ceiling after popcorn removal,,,380,507,71046,False,,,h-48 w-full object-cover
/tmp/epf-blog-image-html/blog_ceiling-drywall-repair-mississauga.html,/logo.png,EPF Pro Services,,,200,56,16050,False,,,h-auto w-36 shrink-0 object-contain sm:w-44 md:w-48
/tmp/epf-blog-image-html/blog_ceiling-drywall-repair-mississauga.html,/blog/ceiling-drywall-repair-mississauga.png,"Ceiling Drywall Repair in Mississauga After Leaks, Stains & Water Damage",,,1672,941,2031319,False,,,mx-auto max-h-[520px] w-full bg-slate-100 object-contain p-4 md:p-6
/tmp/epf-blog-image-html/blog_ceiling-drywall-repair-mississauga.html,/gallery/drywall-repair/drywall-repair-service00001.webp,Mississauga drywall repair compound work on a wall patch,,,320,320,40781,False,,,h-48 w-full object-cover
/tmp/epf-blog-image-html/blog_ceiling-drywall-repair-mississauga.html,/gallery/drywall-repair/drywall-repair-service00002.webp,Ceiling drywall repair after leak damage in Mississauga,,,320,320,32773,False,,,h-48 w-full object-cover
/tmp/epf-blog-image-html/blog_ceiling-drywall-repair-mississauga.html,/gallery/drywall-repair/drywall-repair-service00003.webp,Paint-ready drywall repair finish after sanding and priming,,,240,320,29333,False,,,h-48 w-full object-cover
/tmp/epf-blog-image-html/blog_basement-drywall-installation-mississauga.html,/logo.png,EPF Pro Services,,,200,56,16050,False,,,h-auto w-36 shrink-0 object-contain sm:w-44 md:w-48
/tmp/epf-blog-image-html/blog_basement-drywall-installation-mississauga.html,/gallery/drywall-repair/drywall-repair-service00004.webp,Basement drywall installation in Mississauga with bulkheads and stair detail,,,240,320,35083,False,,,mx-auto max-h-[520px] w-full bg-slate-100 object-contain p-4 md:p-6
/tmp/epf-blog-image-html/blog_basement-drywall-installation-mississauga.html,/gallery/drywall-repair/drywall-repair-service00004.webp,Basement drywall installation in Mississauga with bulkheads and stair detail,,,240,320,35083,False,,,h-48 w-full object-cover
/tmp/epf-blog-image-html/blog_basement-drywall-installation-mississauga.html,/services/drywall/4.webp,Mississauga basement drywall finishing before primer,,,640,427,426434,False,,,h-48 w-full object-cover
/tmp/epf-blog-image-html/blog_basement-drywall-installation-mississauga.html,/gallery/drywall-installation/drywall-instalation-mississauga/drywall-instalation-mississdauga.webp,Completed Mississauga basement drywall installation,,,320,320,205921,False,,,h-48 w-full object-cover
/tmp/epf-blog-image-html/blog_popcorn-ceiling-removal-cost-burlington-2026-price-guide.html,/logo.png,Popcorn ceiling removal EPF Pro Services,,,200,56,16050,False,,,w-auto h-14 md:h-16 object-contain
/tmp/epf-blog-image-html/blog_popcorn-ceiling-removal-cost-burlington-2026-price-guide.html,/gallery/popcorn-ceiling-removal.jpeg,Popcorn Ceiling Removal Cost in Burlington (2026 Price Guide),,,480,640,75580,False,,,mx-auto max-h-[520px] w-full bg-slate-100 object-contain p-4 md:p-6
/tmp/epf-blog-image-html/blog_popcorn-ceiling-removal-cost-burlington-2026-price-guide.html,/services/popcorn-ceiling-removal/1.webp,Popcorn ceiling removal setup in Burlington home,,,428,571,134273,False,,,h-48 w-full object-cover
/tmp/epf-blog-image-html/blog_popcorn-ceiling-removal-cost-burlington-2026-price-guide.html,/services/popcorn-ceiling-removal/2.webp,Ceiling skim coat after popcorn removal in Burlington,,,380,507,96554,False,,,h-48 w-full object-cover
/tmp/epf-blog-image-html/blog_popcorn-ceiling-removal-cost-burlington-2026-price-guide.html,/services/popcorn-ceiling-removal/3.webp,Smooth ceiling finish after popcorn removal project,,,380,507,71046,False,,,h-48 w-full object-cover
/tmp/epf-blog-image-html/blog_before-you-rent-popcorn-ceiling-tools-what-to-know-first.html,/logo.png,Popcorn ceiling removal EPF Pro Services,,,200,56,16050,False,,,w-auto h-14 md:h-16 object-contain
/tmp/epf-blog-image-html/blog_before-you-rent-popcorn-ceiling-tools-what-to-know-first.html,/blog/popcorn-ceiling-removal-rental-tools-prep.png,Popcorn ceiling removal rental tools prepared in protected room,1600,900,1536,1024,2358048,False,,,h-auto w-full object-cover
/tmp/epf-blog-image-html/blog_before-you-rent-popcorn-ceiling-tools-what-to-know-first.html,/blog/popcorn-ceiling-removal-rental-tools-prep.png,Popcorn ceiling removal rental tools and room preparation before starting a DIY project,,,1536,1024,2358048,False,,,w-full
/tmp/epf-blog-image-html/blog_before-you-rent-popcorn-ceiling-tools-what-to-know-first.html,/blog/popcorn-ceiling-removal-rental-tools-prep.png,Popcorn ceiling removal rental tools prepared in protected room,,,1536,1024,2358048,False,,,h-48 w-full object-cover
/tmp/epf-blog-image-html/blog_choosing-right-baseboards-mdf-hardwood-pvc.html,/logo.png,EPF Pro Services,,,200,56,16050,False,,,h-auto w-36 shrink-0 object-contain sm:w-44 md:w-48
/tmp/epf-blog-image-html/blog_choosing-right-baseboards-mdf-hardwood-pvc.html,/gallery/baseboard-installation/baseboard-installation00001.jpg,Different baseboard material samples,,,464,469,68044,False,,,h-48 w-full object-cover
/tmp/epf-blog-image-html/blog_choosing-right-baseboards-mdf-hardwood-pvc.html,/gallery/baseboard-installation/baseboard-installation00002.jpg,Baseboard profile style options,,,481,471,58669,False,,,h-48 w-full object-cover
/tmp/epf-blog-image-html/blog_choosing-right-baseboards-mdf-hardwood-pvc.html,/gallery/baseboard-installation/baseboard-installation00003.jpg,Baseboard with shoe moulding installation,,,492,472,58496,False,,,h-48 w-full object-cover
/tmp/epf-blog-image-html/blog.html,/logo.png,Popcorn ceiling removal EPF Pro Services,,,200,56,16050,False,,,w-auto h-14 md:h-16 object-contain
/tmp/epf-blog-image-html/blog.html,/blog/why-garage-drywall-tape-peels-featured.webp,Why Is My Garage Drywall Tape Peeling? (2026 Guide),,,1536,1024,51908,False,,,h-full w-full object-cover transition duration-500 group-hover:scale-[1.015]
/tmp/epf-blog-image-html/blog.html,/blog/retape-or-replace-garage-drywall-featured.webp,Re-Tape or Replace Garage Drywall? (2026 Repair Guide),,,1536,1024,91910,False,,,h-full w-full object-cover transition duration-500 group-hover:scale-[1.015]
/tmp/epf-blog-image-html/blog.html,/blog/garage-drywall-seams-cracking-featured.webp,Why Garage Drywall Seams Crack (2026 Repair Guide),,,1536,1024,70326,False,,,h-full w-full object-cover transition duration-500 group-hover:scale-[1.015]
/tmp/epf-blog-image-html/blog.html,/blog/garage-ceiling-drywall-tape-coming-loose-featured.webp,Garage Ceiling Drywall Tape Coming Loose (2026 Guide),,,1536,1024,40312,False,,,h-full w-full object-cover transition duration-500 group-hover:scale-[1.015]
/tmp/epf-blog-image-html/blog.html,/blog/garage-drywall-finishing-levels-featured.webp,Garage Drywall Finish Levels: A 2026 Homeowner Guide,,,1536,1024,81020,False,,,h-full w-full object-cover transition duration-500 group-hover:scale-[1.015]
/tmp/epf-blog-image-html/blog.html,/blog/fix-bad-drywall-finishing-garage-featured.webp,Can Rough Garage Drywall Finishing Be Fixed? (2026),,,1536,1024,78846,False,,,h-full w-full object-cover transition duration-500 group-hover:scale-[1.015]
/tmp/epf-blog-image-html/blog.html,/blog/drywall-repair-vs-skimming-garage-walls-featured.webp,Repair or Skim Coat Garage Walls? (2026 Guide),,,1536,1024,96466,False,,,h-full w-full object-cover transition duration-500 group-hover:scale-[1.015]
/tmp/epf-blog-image-html/blog.html,/blog/garage-drywall-repair-cost-factors-featured.webp,Garage Drywall Repair Cost Factors (2026 Guide),,,1536,1024,98870,False,,,h-full w-full object-cover transition duration-500 group-hover:scale-[1.015]
/tmp/epf-blog-image-html/blog.html,/blog/garage-drywall-repair-before-painting-featured.webp,Repair Garage Drywall Before Painting? (2026 Guide),,,1536,1024,75772,False,,,h-full w-full object-cover transition duration-500 group-hover:scale-[1.015]
/tmp/epf-blog-image-html/blog.html,/blog/garage-drywall-tape-repair-keeps-failing-featured.webp,Why Garage Drywall Tape Repairs Fail Again (2026),,,1536,1024,98184,False,,,h-full w-full object-cover transition duration-500 group-hover:scale-[1.015]
/tmp/epf-blog-image-html/blog.html,/blog/basement-drywall-taping-mudding-oakville-featured.webp,Basement Drywall Taping and Mudding in Oakville (2026): Choosing the Right Finish,,,1536,1024,84454,False,,,h-full w-full object-cover transition duration-500 group-hover:scale-[1.015]
/tmp/epf-blog-image-html/blog.html,/blog/basement-drywall-taping-mudding-burlington-featured.webp,Basement Drywall Taping and Mudding in Burlington (2026): Planning Work in an Occupied Home,,,1536,1024,53508,False,,,h-full w-full object-cover transition duration-500 group-hover:scale-[1.015]
/tmp/epf-blog-image-html/blog.html,/blog/basement-drywall-taping-mudding-hamilton-featured.webp,Basement Drywall Taping and Mudding in Hamilton (2026): Finishing Board Installed by Another Crew,,,1536,1024,63372,False,,,h-full w-full object-cover transition duration-500 group-hover:scale-[1.015]
/tmp/epf-blog-image-html/blog.html,/blog/basement-drywall-taping-mudding-grimsby-featured.webp,Basement Drywall Taping and Mudding in Grimsby (2026): Finishing Part of the Basement,,,1536,1024,92864,False,,,h-full w-full object-cover transition duration-500 group-hover:scale-[1.015]
/tmp/epf-blog-image-html/blog.html,/blog/basement-drywall-taping-mudding-toronto-featured.webp,"Basement Drywall Taping and Mudding in Toronto (2026): Compact Rooms, Bulkheads, and Access",,,1536,1024,73956,False,,,h-full w-full object-cover transition duration-500 group-hover:scale-[1.015]
/tmp/epf-blog-image-html/blog.html,/blog/basement-drywall-taping-mudding-mississauga-featured.webp,Basement Drywall Taping and Mudding in Mississauga (2026): Cost and Finish Guide,,,1536,1024,104954,False,,,h-full w-full object-cover transition duration-500 group-hover:scale-[1.015]
/tmp/epf-blog-image-html/blog.html,/blog/water-damaged-popcorn-ceiling-repair-featured.jpg,"Water-Damaged Popcorn Ceiling: Repair, Remove or Replace?",,,1536,1024,511826,False,,,h-full w-full object-cover transition duration-500 group-hover:scale-[1.015]
/tmp/epf-blog-image-html/blog.html,/blog/ceiling-imperfections-after-popcorn-removal-featured.jpg,Ceiling Imperfections After Popcorn Removal: What They Mean and How They’re Fixed,,,1536,1024,296893,False,,,h-full w-full object-cover transition duration-500 group-hover:scale-[1.015]
/tmp/epf-blog-image-html/blog.html,/blog/popcorn-ceiling-removal-renovation-sequence-featured.jpg,When Should Popcorn Ceiling Removal Happen During a Renovation?,,,1717,916,363009,False,,,h-full w-full object-cover transition duration-500 group-hover:scale-[1.015]
/tmp/epf-blog-image-html/blog.html,/blog/whole-house-interior-painting-mississauga-planning-guide-featured.jpg,Whole-House Interior Painting in Mississauga: Planning Guide,,,1536,1024,381202,False,,,h-full w-full object-cover transition duration-500 group-hover:scale-[1.015]
/tmp/epf-blog-image-html/blog.html,/gallery/popcornceilingremoval_4234.jpeg,Oakville Popcorn Ceiling Removal Before and After: From Texture to Level 5,,,565,640,50271,False,,,h-full w-full object-cover transition duration-500 group-hover:scale-[1.015]
/tmp/epf-blog-image-html/blog.html,/blog/drywall-repair-quote-checklist-featured.png,What Should a Drywall Repair Quote Include? A Homeowner’s Contractor Checklist,,,1536,1024,1962584,False,,,h-full w-full object-cover transition duration-500 group-hover:scale-[1.015]
/tmp/epf-blog-image-html/blog.html,/blog/drywall-repair-drying-time-featured.png,"Why Drywall Repairs Need Drying Time: From First Coat to Sanding, Primer and Paint",,,1536,1024,2205129,False,,,h-full w-full object-cover transition duration-500 group-hover:scale-[1.015]
/tmp/epf-blog-image-html/blog.html,/blog/painted-popcorn-ceiling-options-featured.png,"Painted Popcorn Ceiling: Should It Be Scraped, Skim Coated or Covered With Drywall?",,,1536,1024,2936914,False,,,h-full w-full object-cover transition duration-500 group-hover:scale-[1.015]
/tmp/epf-blog-image-html/blog.html,/blog/stucco-popcorn-stipple-ceiling-oakville-featured.png,Stucco vs Popcorn vs Stipple Ceiling: What Oakville Homeowners Have,,,1758,895,2569597,False,,,h-full w-full object-cover transition duration-500 group-hover:scale-[1.015]
/tmp/epf-blog-image-html/blog.html,/blog/dustless-popcorn-ceiling-removal-oakville-featured.png,Dustless Popcorn Ceiling Removal in Oakville: What Dust-Controlled Really Means,,,1745,901,2204641,False,,,h-full w-full object-cover transition duration-500 group-hover:scale-[1.015]
/tmp/epf-blog-image-html/blog.html,/blog/popcorn-ceiling-removal-before-selling-oakville-home-featured.png,Popcorn Ceiling Removal Before Selling a House in Oakville,,,1754,896,2011155,False,,,h-full w-full object-cover transition duration-500 group-hover:scale-[1.015]
/tmp/epf-blog-image-html/blog.html,/blog/prepare-home-popcorn-ceiling-removal-oakville-featured.png,How to Prepare Your Oakville Home for Popcorn Ceiling Removal,,,1758,895,2110793,False,,,h-full w-full object-cover transition duration-500 group-hover:scale-[1.015]
/tmp/epf-blog-image-html/blog.html,/blog/painted-popcorn-ceiling-removal-oakville-featured.png,Painted Popcorn Ceiling Removal in Oakville: Why It Costs More,,,1717,916,2553358,False,,,h-full w-full object-cover transition duration-500 group-hover:scale-[1.015]
/tmp/epf-blog-image-html/blog.html,/blog/popcorn-ceiling-removal-cost-oakville-featured.png,Popcorn Ceiling Removal Cost in Oakville: What Homeowners Should Expect,,,1672,941,2074175,False,,,h-full w-full object-cover transition duration-500 group-hover:scale-[1.015]
/tmp/epf-blog-image-html/blog.html,/blog/drywall-repair-cost-burlington-featured.png,"Drywall Repair Cost in Burlington: Small Holes, Ceiling Patches and Water Damage",,,1672,941,1965816,False,,,h-full w-full object-cover transition duration-500 group-hover:scale-[1.015]
/tmp/epf-blog-image-html/blog.html,/blog/drywall-repair-after-plumbing-burlington-featured.png,Drywall Repair After Plumbing Work in Burlington Homes,,,1672,941,1684457,False,,,h-full w-full object-cover transition duration-500 group-hover:scale-[1.015]
/tmp/epf-blog-image-html/blog.html,/blog/ceiling-water-damage-drywall-repair-hamilton-featured.png,"Ceiling Water Damage Drywall Repair in Hamilton: Leaks, Stains and Cut-Outs",,,1672,941,1888179,False,,,h-full w-full object-cover transition duration-500 group-hover:scale-[1.015]
/tmp/epf-blog-image-html/blog.html,/blog/drywall-repair-after-electrical-plumbing-hamilton-featured.png,Drywall Repair After Electrical or Plumbing Work in Hamilton,,,1672,941,1849625,False,,,h-full w-full object-cover transition duration-500 group-hover:scale-[1.015]
/tmp/epf-blog-image-html/blog.html,/blog/drywall-repair-cost-grimsby-featured.png,Drywall Repair Cost in Grimsby: What Homeowners Should Know Before Booking,,,1672,941,1777371,False,,,h-full w-full object-cover transition duration-500 group-hover:scale-[1.015]
/tmp/epf-blog-image-html/blog.html,/blog/ceiling-drywall-repair-grimsby-water-damage-featured.png,"Ceiling Drywall Repair in Grimsby After Leaks, Cracks and Water Damage",,,1672,941,1941340,False,,,h-full w-full object-cover transition duration-500 group-hover:scale-[1.015]
/tmp/epf-blog-image-html/blog.html,/blog/drywall-contractor-hamilton-guide-featured.png,"Drywall Contractor Hamilton: Installation, Repair, Taping & Paint-Ready Finishing",,,1672,941,2079114,False,,,h-full w-full object-cover transition duration-500 group-hover:scale-[1.015]
/tmp/epf-blog-image-html/blog.html,/blog/basement-drywall-contractor-hamilton-featured.png,"Basement Drywall Contractor Hamilton: Board Hanging, Taping & Smooth Finishing",,,1662,946,1840279,False,,,h-full w-full object-cover transition duration-500 group-hover:scale-[1.015]
/tmp/epf-blog-image-html/blog.html,/blog/drywall-contractor-burlington-guide-featured.png,"Drywall Contractor Burlington: Repair, Installation, Taping & Finishing",,,1672,941,2125545,False,,,h-full w-full object-cover transition duration-500 group-hover:scale-[1.015]
/tmp/epf-blog-image-html/blog.html,/blog/drywall-repair-or-installation-burlington-featured.png,Drywall Repair or Installation in Burlington: Which Service Do You Need?,,,1672,941,1893155,False,,,h-full w-full object-cover transition duration-500 group-hover:scale-[1.015]
/tmp/epf-blog-image-html/blog.html,/blog/drywall-contractor-oakville-guide-featured.png,"Drywall Contractor Oakville: Smooth Finish, Repairs, Installation & Taping",,,1672,941,2200904,False,,,h-full w-full object-cover transition duration-500 group-hover:scale-[1.015]
/tmp/epf-blog-image-html/blog.html,/blog/level-5-drywall-finishing-oakville-featured.png,Level 5 Drywall Finishing Oakville: When Smooth Walls and Ceilings Need Extra Care,,,1686,933,1782644,False,,,h-full w-full object-cover transition duration-500 group-hover:scale-[1.015]
/tmp/epf-blog-image-html/blog.html,/blog/drywall-contractor-mississauga-guide-featured.png,"Drywall Contractor Mississauga: Installation, Repair, Taping & Level 5 Finishing",,,1689,931,2035881,False,,,h-full w-full object-cover transition duration-500 group-hover:scale-[1.015]
/tmp/epf-blog-image-html/blog.html,/blog/drywall-contractor-basement-renovation-mississauga-featured.png,"Basement Drywall Contractor Mississauga: Board Installation, Taping and Finishing",,,1672,941,2011624,False,,,h-full w-full object-cover transition duration-500 group-hover:scale-[1.015]
/tmp/epf-blog-image-html/blog.html,/services/popcorn-ceiling-removal/1.webp,Popcorn ceiling removal in Oakville: A Practical Homeowner Guide,,,428,571,134273,False,,,h-full w-full object-cover transition duration-500 group-hover:scale-[1.015]
/tmp/epf-blog-image-html/blog.html,/blog/interior-painting-mississauga-prep-finish-featured.png,"Interior Painting in Mississauga: Prep, Finish, and Quote Guide",,,1774,887,2070184,False,,,h-full w-full object-cover transition duration-500 group-hover:scale-[1.015]
/tmp/epf-blog-image-html/blog.html,/blog/interior-painting-burlington-walls-trim-ceilings-featured.png,"Interior Painting in Burlington: Walls, Trim, Ceilings, and Prep",,,1693,929,2290613,False,,,h-full w-full object-cover transition duration-500 group-hover:scale-[1.015]
/tmp/epf-blog-image-html/blog.html,/blog/interior-painting-oakville-premium-prep-featured.png,Interior Painting in Oakville: Premium Finish Starts With Prep,,,1774,887,2124140,False,,,h-full w-full object-cover transition duration-500 group-hover:scale-[1.015]
/tmp/epf-blog-image-html/blog.html,/blog/interior-painting-ancaster-older-home-prep-featured.png,Interior Painting in Ancaster: Older Home Prep and Clean Finishes,,,1659,948,2125733,False,,,h-full w-full object-cover transition duration-500 group-hover:scale-[1.015]
/tmp/epf-blog-image-html/blog.html,/blog/popcorn-removal-oakville-cost-finish-guide-featured.png,"Popcorn Removal Oakville Cost: What Affects Price, Dust Control & Smooth Finish Quality",,,1672,941,2536889,False,,,h-full w-full object-cover transition duration-500 group-hover:scale-[1.015]
/tmp/epf-blog-image-html/blog.html,/blog/choosing-drywall-repair-company-burlington-featured.png,How to Choose a Drywall Repair Company in Burlington,,,1536,1024,2022745,False,,,h-full w-full object-cover transition duration-500 group-hover:scale-[1.015]
/tmp/epf-blog-image-html/blog.html,/blog/oakville-popcorn-ceiling-removal-contractor-guide-featured.png,How to Choose a Popcorn Ceiling Removal Contractor in Oakville,,,1672,941,2181924,False,,,h-full w-full object-cover transition duration-500 group-hover:scale-[1.015]
/tmp/epf-blog-image-html/blog.html,/blog/baseboard-installation-mississauga-featured.png,"Baseboard Installation in Mississauga: Cost, Materials, and What to Expect",,,1672,941,2232101,False,,,h-full w-full object-cover transition duration-500 group-hover:scale-[1.015]
/tmp/epf-blog-image-html/blog.html,/blog/popcorn-ceiling-removal-hamilton-local-guide-featured.png,"Popcorn Ceiling Removal Hamilton: Stoney Creek, Mountain, Dundas, Condos and Basements",,,1536,1024,2591250,False,,,h-full w-full object-cover transition duration-500 group-hover:scale-[1.015]
/tmp/epf-blog-image-html/blog.html,/blog/popcorn-ceiling-removal-dundas-local-guide-featured.png,"Popcorn Ceiling Removal Dundas: Older Homes, Painted Texture, Dust Control and Smooth Finishes",,,1536,1024,2740297,False,,,h-full w-full object-cover transition duration-500 group-hover:scale-[1.015]
/tmp/epf-blog-image-html/blog.html,/blog/popcorn-ceiling-removal-burlington-local-guide-featured.png,"Popcorn Ceiling Removal Burlington: Condos, Bright Rooms, Painted Texture and Smooth Ceilings",,,1672,941,1685435,False,,,h-full w-full object-cover transition duration-500 group-hover:scale-[1.015]
/tmp/epf-blog-image-html/blog.html,/blog/drywall-repair-before-painting-oakville-featured.png,Drywall Repair Before Painting in Oakville: What to Fix Before You Repaint,,,1536,1024,2334254,False,,,h-full w-full object-cover transition duration-500 group-hover:scale-[1.015]
/tmp/epf-blog-image-html/blog.html,/blog/drywall-repair-before-selling-home-oakville-featured.png,"Drywall Repair Before Selling a Home in Oakville: Walls, Ceilings & Move-Out Damage",,,1550,1014,2141851,False,,,h-full w-full object-cover transition duration-500 group-hover:scale-[1.015]
/tmp/epf-blog-image-html/blog.html,/blog/drywall-tape-repair-oakville-featured.png,"Drywall Tape Repair in Oakville: Bubbling Tape, Open Seams & Cracked Joints",,,1536,1024,2112550,False,,,h-full w-full object-cover transition duration-500 group-hover:scale-[1.015]
/tmp/epf-blog-image-html/blog.html,/blog/corner-bead-drywall-repair-oakville-featured.png,"Corner Bead Drywall Repair in Oakville: Dented Corners, Cracked Edges & Clean Re-Finishing",,,1536,1024,2112434,False,,,h-full w-full object-cover transition duration-500 group-hover:scale-[1.015]
/tmp/epf-blog-image-html/blog.html,/blog/drywall-repair-before-painting-burlington-featured.png,Drywall Repair Before Painting in Burlington: What to Fix Before You Repaint,,,1536,1024,2233597,False,,,h-full w-full object-cover transition duration-500 group-hover:scale-[1.015]
/tmp/epf-blog-image-html/blog.html,/blog/drywall-repair-before-selling-home-burlington-featured.png,"Drywall Repair Before Selling a Home in Burlington: Walls, Ceilings & Move-Out Damage",,,1536,1024,2168343,False,,,h-full w-full object-cover transition duration-500 group-hover:scale-[1.015]
/tmp/epf-blog-image-html/blog.html,/blog/drywall-tape-repair-burlington-featured.png,"Drywall Tape Repair in Burlington: Bubbling Tape, Open Seams & Cracked Joints",,,1536,1024,2235866,False,,,h-full w-full object-cover transition duration-500 group-hover:scale-[1.015]
/tmp/epf-blog-image-html/blog.html,/blog/corner-bead-drywall-repair-burlington-featured.png,"Corner Bead Drywall Repair in Burlington: Dented Corners, Cracked Edges & Clean Re-Finishing",,,1536,1024,2023791,False,,,h-full w-full object-cover transition duration-500 group-hover:scale-[1.015]
/tmp/epf-blog-image-html/blog.html,/blog/drywall-repair-before-painting-ancaster-featured.png,Drywall Repair Before Painting in Ancaster: What to Fix Before You Repaint,,,1536,1024,2063402,False,,,h-full w-full object-cover transition duration-500 group-hover:scale-[1.015]
/tmp/epf-blog-image-html/blog.html,/blog/drywall-repair-before-selling-home-ancaster-featured.png,"Drywall Repair Before Selling a Home in Ancaster: Walls, Ceilings & Move-Out Damage",,,1536,1024,2008685,False,,,h-full w-full object-cover transition duration-500 group-hover:scale-[1.015]
/tmp/epf-blog-image-html/blog.html,/blog/drywall-tape-repair-ancaster-featured.png,"Drywall Tape Repair in Ancaster: Bubbling Tape, Open Seams & Cracked Joints",,,1536,1024,2327062,False,,,h-full w-full object-cover transition duration-500 group-hover:scale-[1.015]
/tmp/epf-blog-image-html/blog.html,/blog/corner-bead-drywall-repair-ancaster-featured.png,"Corner Bead Drywall Repair in Ancaster: Dented Corners, Cracked Edges & Clean Re-Finishing",,,1536,1024,2269789,False,,,h-full w-full object-cover transition duration-500 group-hover:scale-[1.015]
/tmp/epf-blog-image-html/blog.html,/blog/drywall-repair-before-painting-grimsby-featured.png,Drywall Repair Before Painting in Grimsby: What to Fix Before You Repaint,,,1536,1024,2248345,False,,,h-full w-full object-cover transition duration-500 group-hover:scale-[1.015]
/tmp/epf-blog-image-html/blog.html,/blog/drywall-repair-before-selling-home-grimsby-featured.png,"Drywall Repair Before Selling a Home in Grimsby: Walls, Ceilings & Move-Out Damage",,,1536,1024,2014050,False,,,h-full w-full object-cover transition duration-500 group-hover:scale-[1.015]
/tmp/epf-blog-image-html/blog.html,/blog/drywall-tape-repair-grimsby-featured.png,"Drywall Tape Repair in Grimsby: Bubbling Tape, Open Seams & Cracked Joints",,,1536,1024,2303044,False,,,h-full w-full object-cover transition duration-500 group-hover:scale-[1.015]
/tmp/epf-blog-image-html/blog.html,/blog/corner-bead-drywall-repair-grimsby-featured.png,"Corner Bead Drywall Repair in Grimsby: Dented Corners, Cracked Edges & Clean Re-Finishing",,,1536,1024,2252014,False,,,h-full w-full object-cover transition duration-500 group-hover:scale-[1.015]
/tmp/epf-blog-image-html/blog.html,/blog/drywall-repair-burlington-intent.png,"Ceiling Drywall Repair in Burlington: Leaks, Plumbing Cutouts and Cracks",,,1672,941,1779884,False,,,h-full w-full object-cover transition duration-500 group-hover:scale-[1.015]
/tmp/epf-blog-image-html/blog.html,/blog/drywall-repair-after-electrical-plumbing-mississauga.png,Drywall Repair After Plumbing or Electrical Work,,,1672,941,1805745,False,,,h-full w-full object-cover transition duration-500 group-hover:scale-[1.015]
/tmp/epf-blog-image-html/blog.html,/gallery/drywall-repair/drywall-repair-service00005.webp,"Basement Drywall Repair in Hamilton: Moisture, Plumbing Holes and Ceiling Patches",,,148,320,25001,False,,,h-full w-full object-cover transition duration-500 group-hover:scale-[1.015]
/tmp/epf-blog-image-html/blog.html,/blog/drywall-repair-burlington-intent.png,"Basement Drywall Repair in Burlington: Leaks, Cutouts and Ceiling Patches",,,1672,941,1779884,False,,,h-full w-full object-cover transition duration-500 group-hover:scale-[1.015]
/tmp/epf-blog-image-html/blog.html,/gallery/drywall-repair/drywall-repair-service00005.webp,"Basement Drywall Repair in Milton: New Builds, Leaks and Ceiling Patches",,,148,320,25001,False,,,h-full w-full object-cover transition duration-500 group-hover:scale-[1.015]
/tmp/epf-blog-image-html/blog.html,/blog/drywall-crack-repair-mississauga.png,Ceiling Crack Repair: Why Drywall Cracks Come Back After Painting,,,1672,941,1850798,False,,,h-full w-full object-cover transition duration-500 group-hover:scale-[1.015]
/tmp/epf-blog-image-html/blog.html,/services/popcorn-ceiling-removal/3.webp,"Popcorn Ceiling Removal Cost in the GTA: 2026 Price Guide for Toronto, Mississauga, Oakville, Burlington & Hamilton",,,380,507,71046,False,,,h-full w-full object-cover transition duration-500 group-hover:scale-[1.015]
/tmp/epf-blog-image-html/blog.html,/blog/popcorn-ceiling-removal-mistakes-damaged-ceiling.png,7 Popcorn Ceiling Removal Mistakes That Make the Final Ceiling Look Worse,,,1536,1024,2952106,False,,,h-full w-full object-cover transition duration-500 group-hover:scale-[1.015]
/tmp/epf-blog-image-html/blog.html,/blog/drywall-repair-mistakes-show-through-paint.png,Drywall Repair Mistakes That Show Through Paint,,,1536,1024,2242304,False,,,h-full w-full object-cover transition duration-500 group-hover:scale-[1.015]
/tmp/epf-blog-image-html/blog.html,/blog/popcorn-ceiling-removal-rental-tools-prep.png,Before You Rent Popcorn Ceiling Removal Tools: What to Know First,,,1536,1024,2358048,False,,,h-full w-full object-cover transition duration-500 group-hover:scale-[1.015]
/tmp/epf-blog-image-html/blog.html,/blog/scraping-alone-not-smooth-ceiling.png,Why Scraping Alone Does Not Create a Smooth Ceiling,,,1536,1024,2367001,False,,,h-full w-full object-cover transition duration-500 group-hover:scale-[1.015]
/tmp/epf-blog-image-html/blog.html,/blog/popcorn-ceiling-removal-timeline-small-bedroom-prep.png,"How Long Does Popcorn Ceiling Removal Take? Real Timeline by Room Size, Paint, Repairs & Finish Level",,,1536,1024,2672212,False,,,h-full w-full object-cover transition duration-500 group-hover:scale-[1.015]
/tmp/epf-blog-image-html/blog.html,/blog/painted-popcorn-ceiling-before-removal.png,Can Painted Popcorn Ceilings Be Removed? Why It Costs More and What Homeowners Should Expect,,,1536,1024,2943011,False,,,h-full w-full object-cover transition duration-500 group-hover:scale-[1.015]
/tmp/epf-blog-image-html/blog.html,/blog/grimsby-popcorn-ceiling-painted-featured.png,Painted vs Unpainted Popcorn Ceiling Removal in Grimsby,,,1672,941,2594184,False,,,h-full w-full object-cover transition duration-500 group-hover:scale-[1.015]
/tmp/epf-blog-image-html/blog.html,/blog/grimsby-popcorn-ceiling-condo-featured.png,Condo Popcorn Ceiling Removal in Grimsby,,,1672,941,2484493,False,,,h-full w-full object-cover transition duration-500 group-hover:scale-[1.015]
/tmp/epf-blog-image-html/blog.html,/blog/grimsby-popcorn-ceiling-pot-lights-featured.png,Popcorn Ceiling Removal With Pot Lights in Grimsby,,,1672,941,2307691,False,,,h-full w-full object-cover transition duration-500 group-hover:scale-[1.015]
/tmp/epf-blog-image-html/blog.html,/blog/grimsby-popcorn-ceiling-asbestos-featured.png,Asbestos and Popcorn Ceilings in Grimsby: What to Check Before Removal,,,1672,941,2172764,False,,,h-full w-full object-cover transition duration-500 group-hover:scale-[1.015]
/tmp/epf-blog-image-html/blog.html,/blog/grimsby-popcorn-ceiling-skim-featured.png,Why Skim Coating Matters After Popcorn Ceiling Removal in Grimsby,,,1672,941,2070911,False,,,h-full w-full object-cover transition duration-500 group-hover:scale-[1.015]
/tmp/epf-blog-image-html/blog.html,/blog/ancaster-popcorn-ceiling-painted-featured.png,Painted vs Unpainted Popcorn Ceiling Removal in Ancaster,,,1672,941,2395626,False,,,h-full w-full object-cover transition duration-500 group-hover:scale-[1.015]
/tmp/epf-blog-image-html/blog.html,/blog/ancaster-popcorn-ceiling-condo-featured.png,Condo Popcorn Ceiling Removal in Ancaster,,,1672,941,2443211,False,,,h-full w-full object-cover transition duration-500 group-hover:scale-[1.015]
/tmp/epf-blog-image-html/blog.html,/blog/ancaster-popcorn-ceiling-pot-lights-featured.png,Popcorn Ceiling Removal With Pot Lights in Ancaster,,,1672,941,2270972,False,,,h-full w-full object-cover transition duration-500 group-hover:scale-[1.015]
/tmp/epf-blog-image-html/blog.html,/blog/ancaster-popcorn-ceiling-asbestos-featured.png,Asbestos and Popcorn Ceilings in Ancaster: What to Check Before Removal,,,1672,941,2030854,False,,,h-full w-full object-cover transition duration-500 group-hover:scale-[1.015]
/tmp/epf-blog-image-html/blog.html,/blog/ancaster-popcorn-ceiling-skim-featured.png,Why Skim Coating Matters After Popcorn Ceiling Removal in Ancaster,,,1672,941,1971614,False,,,h-full w-full object-cover transition duration-500 group-hover:scale-[1.015]
/tmp/epf-blog-image-html/blog.html,/blog/burlington-popcorn-ceiling-painted-featured.png,Painted vs Unpainted Popcorn Ceiling Removal in Burlington,,,1672,941,2397071,False,,,h-full w-full object-cover transition duration-500 group-hover:scale-[1.015]
/tmp/epf-blog-image-html/blog.html,/blog/burlington-popcorn-ceiling-condo-featured.png,Condo Popcorn Ceiling Removal in Burlington,,,1672,941,2644547,False,,,h-full w-full object-cover transition duration-500 group-hover:scale-[1.015]
/tmp/epf-blog-image-html/blog.html,/blog/burlington-popcorn-ceiling-pot-lights-featured.png,Popcorn Ceiling Removal With Pot Lights in Burlington,,,1672,941,2128559,False,,,h-full w-full object-cover transition duration-500 group-hover:scale-[1.015]
/tmp/epf-blog-image-html/blog.html,/blog/burlington-popcorn-ceiling-asbestos-featured.png,Asbestos and Popcorn Ceilings in Burlington: What to Check Before Removal,,,1672,941,2614185,False,,,h-full w-full object-cover transition duration-500 group-hover:scale-[1.015]
/tmp/epf-blog-image-html/blog.html,/blog/burlington-popcorn-ceiling-skim-featured.png,Why Skim Coating Matters After Popcorn Ceiling Removal in Burlington,,,1672,941,2074857,False,,,h-full w-full object-cover transition duration-500 group-hover:scale-[1.015]
/tmp/epf-blog-image-html/blog.html,/blog/oakville-popcorn-ceiling-painted-featured.png,Painted vs Unpainted Popcorn Ceiling Removal in Oakville,,,1672,941,2776864,False,,,h-full w-full object-cover transition duration-500 group-hover:scale-[1.015]
/tmp/epf-blog-image-html/blog.html,/blog/oakville-popcorn-ceiling-condo-featured.png,Condo Popcorn Ceiling Removal in Oakville,,,1672,941,2341124,False,,,h-full w-full object-cover transition duration-500 group-hover:scale-[1.015]
/tmp/epf-blog-image-html/blog.html,/blog/oakville-popcorn-ceiling-pot-lights-featured.png,Popcorn Ceiling Removal With Pot Lights in Oakville,,,1672,941,2571438,False,,,h-full w-full object-cover transition duration-500 group-hover:scale-[1.015]
/tmp/epf-blog-image-html/blog.html,/blog/oakville-popcorn-ceiling-asbestos-featured.png,Asbestos and Popcorn Ceilings in Oakville: What to Check Before Removal,,,1672,941,2319643,False,,,h-full w-full object-cover transition duration-500 group-hover:scale-[1.015]
/tmp/epf-blog-image-html/blog.html,/blog/oakville-popcorn-ceiling-skim-featured.png,Why Skim Coating Matters After Popcorn Ceiling Removal in Oakville,,,1672,941,2211832,False,,,h-full w-full object-cover transition duration-500 group-hover:scale-[1.015]
/tmp/epf-blog-image-html/blog.html,/blog/painted-vs-unpainted-popcorn-ceiling-removal-mississauga-featured.png,Painted vs Unpainted Popcorn Ceiling Removal in Mississauga,,,1672,941,2812406,False,,,h-full w-full object-cover transition duration-500 group-hover:scale-[1.015]
/tmp/epf-blog-image-html/blog.html,/blog/condo-popcorn-ceiling-removal-mississauga-featured.png,"Condo Popcorn Ceiling Removal in Mississauga: Square One, City Centre & Port Credit",,,1672,941,2077081,False,,,h-full w-full object-cover transition duration-500 group-hover:scale-[1.015]
/tmp/epf-blog-image-html/blog.html,/blog/popcorn-ceiling-removal-with-pot-lights-mississauga-featured.png,Popcorn Ceiling Removal With Pot Lights in Mississauga,,,1672,941,1817340,False,,,h-full w-full object-cover transition duration-500 group-hover:scale-[1.015]
/tmp/epf-blog-image-html/blog.html,/blog/asbestos-popcorn-ceiling-testing-mississauga-featured.png,Asbestos and Popcorn Ceilings in Mississauga: What to Check Before Removal,,,1672,941,2021561,False,,,h-full w-full object-cover transition duration-500 group-hover:scale-[1.015]
/tmp/epf-blog-image-html/blog.html,/blog/skim-coating-after-popcorn-ceiling-removal-mississauga-featured.png,Why Skim Coating Matters After Popcorn Ceiling Removal in Mississauga,,,1672,941,2529238,False,,,h-full w-full object-cover transition duration-500 group-hover:scale-[1.015]
/tmp/epf-blog-image-html/blog.html,/blog/why-drywall-patches-show-through-paint-featured.png,Why Drywall Patches Show Through Paint,,,1672,941,1800528,False,,,h-full w-full object-cover transition duration-500 group-hover:scale-[1.015]
/tmp/epf-blog-image-html/blog.html,/blog/popcorn-ceiling-removal-quote-checklist.png,"Popcorn Ceiling Removal Quote Checklist: Photos, Access, Repairs, and Finish Scope",,,1672,941,2347713,False,,,h-full w-full object-cover transition duration-500 group-hover:scale-[1.015]
/tmp/epf-blog-image-html/blog.html,/blog/hepa-sanding-containment-smooth-ceiling.png,How HEPA Sanding and Containment Keep Smooth Ceiling Projects Cleaner,,,1672,941,1925997,False,,,h-full w-full object-cover transition duration-500 group-hover:scale-[1.015]
/tmp/epf-blog-image-html/blog.html,/blog/ceiling-leak-repair-smooth-finish.png,Ceiling Leak Repairs Before Smooth Ceiling Finishing,,,1672,941,2146692,False,,,h-full w-full object-cover transition duration-500 group-hover:scale-[1.015]
/tmp/epf-blog-image-html/blog.html,/blog/drywall-repair-cost-mississauga.png,Drywall Repair Cost in Mississauga: What Homeowners Should Know,,,1672,941,1912414,False,,,h-full w-full object-cover transition duration-500 group-hover:scale-[1.015]
/tmp/epf-blog-image-html/blog.html,/blog/ceiling-drywall-repair-mississauga.png,"Ceiling Drywall Repair in Mississauga After Leaks, Stains & Water Damage",,,1672,941,2031319,False,,,h-full w-full object-cover transition duration-500 group-hover:scale-[1.015]
/tmp/epf-blog-image-html/blog.html,/blog/drywall-patch-repair-mississauga.png,"Drywall Patch Repair in Mississauga: Holes, Dents, Nail Pops & Trade Cut-Outs",,,1672,941,1825011,False,,,h-full w-full object-cover transition duration-500 group-hover:scale-[1.015]
/tmp/epf-blog-image-html/blog.html,/blog/water-damaged-drywall-repair-mississauga.png,Water Damaged Drywall Repair in Mississauga: What Happens After a Leak,,,1672,941,1818425,False,,,h-full w-full object-cover transition duration-500 group-hover:scale-[1.015]
/tmp/epf-blog-image-html/blog.html,/blog/condo-drywall-repair-mississauga.png,"Condo Drywall Repair in Mississauga: Square One, Port Credit, Erin Mills & High-Rise Repairs",,,1672,941,2017673,False,,,h-full w-full object-cover transition duration-500 group-hover:scale-[1.015]
/tmp/epf-blog-image-html/blog.html,/blog/drywall-crack-repair-mississauga.png,Drywall Crack Repair in Mississauga Homes and Condos,,,1672,941,1850798,False,,,h-full w-full object-cover transition duration-500 group-hover:scale-[1.015]
/tmp/epf-blog-image-html/blog.html,/blog/dustless-drywall-repair-mississauga.png,Dustless Drywall Repair in Mississauga: Clean Wall & Ceiling Repairs With Proper Protection,,,1672,941,1871002,False,,,h-full w-full object-cover transition duration-500 group-hover:scale-[1.015]
/tmp/epf-blog-image-html/blog.html,/blog/drywall-repair-after-electrical-plumbing-mississauga.png,Drywall Repair After Electrical or Plumbing Work in Mississauga,,,1672,941,1805745,False,,,h-full w-full object-cover transition duration-500 group-hover:scale-[1.015]
/tmp/epf-blog-image-html/blog.html,/blog/drywall-repair-mississauga-intent.png,"Drywall Repair in Mississauga Homes: Holes, Cracks, Leaks, and Trade Cut-Outs",,,1672,941,1740484,False,,,h-full w-full object-cover transition duration-500 group-hover:scale-[1.015]
/tmp/epf-blog-image-html/blog.html,/blog/drywall-repair-oakville-intent.png,"Drywall Repair in Oakville Homes: Smooth Walls, Tall Ceilings, and Premium Finishes",,,1672,941,1936960,False,,,h-full w-full object-cover transition duration-500 group-hover:scale-[1.015]
/tmp/epf-blog-image-html/blog.html,/blog/drywall-repair-burlington-intent.png,"Drywall Repair in Burlington Homes: Ceiling Damage, Basements, Cracks, and Cut-Outs",,,1672,941,1779884,False,,,h-full w-full object-cover transition duration-500 group-hover:scale-[1.015]
/tmp/epf-blog-image-html/blog.html,/blog/hamilton-popcorn-ceiling-removal.PNG,Painted vs Unpainted Popcorn Ceiling Removal in Hamilton: What Changes?,,,1024,1536,3134113,False,,,h-full w-full object-cover transition duration-500 group-hover:scale-[1.015]
/tmp/epf-blog-image-html/blog.html,/blog/popcrorn-removal-smooth.png,Why Popcorn Ceiling Removal Needs Skim Coating in Hamilton,,,666,1364,1669369,False,,,h-full w-full object-cover transition duration-500 group-hover:scale-[1.015]
/tmp/epf-blog-image-html/blog.html,/blog/popcorn-ceiling-removal-time.png,How Long Does Popcorn Ceiling Removal Take in Hamilton?,,,666,1364,1681806,False,,,h-full w-full object-cover transition duration-500 group-hover:scale-[1.015]
/tmp/epf-blog-image-html/blog.html,/blog/hamilton-popcorn-ceiling-removal.PNG,Popcorn Ceiling Removal in Older Hamilton Homes: What to Check First,,,1024,1536,3134113,False,,,h-full w-full object-cover transition duration-500 group-hover:scale-[1.015]
/tmp/epf-blog-image-html/blog.html,/blog/drywall-repair-patching-services.png,"Drywall Repair vs Replacement: When to Patch, Cut Out or Refinish",,,400,267,219524,False,,,h-full w-full object-cover transition duration-500 group-hover:scale-[1.015]
/tmp/epf-blog-image-html/blog.html,/blog/popcorn-ceiling-removal-tools.png,Before You Rent Popcorn Ceiling Removal Tools: What Homeowners Should Know,,,666,1364,1516542,False,,,h-full w-full object-contain p-3 transition duration-500 group-hover:scale-[1.015]
/tmp/epf-blog-image-html/blog.html,/blog/popcorn-ceiling-removal-time.png,How Long Does Popcorn Ceiling Removal Take? A Real Timeline for Homeowners,,,666,1364,1681806,False,,,h-full w-full object-contain p-3 transition duration-500 group-hover:scale-[1.015]
/tmp/epf-blog-image-html/blog.html,/blog/popcrorn-removal-smooth.png,"What Happens After Popcorn Ceiling Removal? Repairs, Smoothing, and Paint Prep",,,666,1364,1669369,False,,,h-full w-full object-contain p-3 transition duration-500 group-hover:scale-[1.015]
/tmp/epf-blog-image-html/blog.html,/gallery/PopcornCeilingRemoval/popcorn-ceiling-removal1.jpg,How to Prepare Your Home for Popcorn Ceiling Removal in Mississauga,,,500,667,116399,False,,,h-full w-full object-cover transition duration-500 group-hover:scale-[1.015]
/tmp/epf-blog-image-html/blog.html,/blog/POPCORN-CEILINGREMOVAL-OAKVILLE.png,How to Prepare Your Home for Popcorn Ceiling Removal in Oakville,,,1366,908,2223321,False,,,h-full w-full object-cover transition duration-500 group-hover:scale-[1.015]
/tmp/epf-blog-image-html/blog.html,/blog/POPCORN-CEILING-REMOVAL-BURLINGTON.png,How to Prepare Your Home for Popcorn Ceiling Removal in Burlington,,,1366,908,2130774,False,,,h-full w-full object-cover transition duration-500 group-hover:scale-[1.015]
/tmp/epf-blog-image-html/blog.html,/blog/popcorn-ceiling-removal-tools.png,How to Prepare Your Home for Popcorn Ceiling Removal in Hamilton,,,666,1364,1516542,False,,,h-full w-full object-cover transition duration-500 group-hover:scale-[1.015]
/tmp/epf-blog-image-html/blog.html,/blog/image.png,How to Prepare Your Home for Popcorn Ceiling Removal in Dundas,,,1366,908,2097865,False,,,h-full w-full object-cover transition duration-500 group-hover:scale-[1.015]
/tmp/epf-blog-image-html/blog.html,/blog/POPCORN-CEILING-REMOVAL-PREP.png,How to Prepare Your Home for Popcorn Ceiling Removal in Grimsby,,,1366,908,2111981,False,,,h-full w-full object-cover transition duration-500 group-hover:scale-[1.015]
/tmp/epf-blog-image-html/blog.html,/blog/POPCORN-CEILING-REMOVAL-PREP.png,How to Prepare Your Home for Popcorn Ceiling Removal,,,1366,908,2111981,False,,,h-full w-full object-cover transition duration-500 group-hover:scale-[1.015]
/tmp/epf-blog-image-html/blog.html,/blog/drywall-installation00002.PNG,Drywall Installation Mistakes That Cause Uneven Walls Later | Mississauga,,,1536,1024,2388265,False,,,h-full w-full object-cover transition duration-500 group-hover:scale-[1.015]
/tmp/epf-blog-image-html/blog.html,/blog/drywall-repair00003.PNG,Why Drywall Cracks and Paint Bubbles Through the Year in Mississauga Homes,,,640,427,539755,False,,,h-full w-full object-cover transition duration-500 group-hover:scale-[1.015]
/tmp/epf-blog-image-html/blog.html,/blog/drywall-repair00002.PNG,Why Walls and Ceilings Start Cracking or Bubbling in Oakville Homes,,,640,427,537886,False,,,h-full w-full object-cover transition duration-500 group-hover:scale-[1.015]
/tmp/epf-blog-image-html/blog.html,/blog/drywall-repair00004.PNG,Why Drywall Problems Get Worse With the Seasons in Burlington Homes,,,640,427,533042,False,,,h-full w-full object-cover transition duration-500 group-hover:scale-[1.015]
/tmp/epf-blog-image-html/blog.html,/blog/drywall-repair00001.PNG,Why Drywall Cracks and Moisture Problems Keep Coming Back in Hamilton Homes,,,640,427,536490,False,,,h-full w-full object-cover transition duration-500 group-hover:scale-[1.015]
/tmp/epf-blog-image-html/blog.html,/blog/remove-popcorn-ceilings.PNG,Why DIY Stucco Ceiling Removal Goes Wrong: 7 Problems Homeowners Run Into,,,427,640,587648,False,,,h-full w-full object-cover transition duration-500 group-hover:scale-[1.015]
/tmp/epf-blog-image-html/blog.html,/blog/ drywall-repair-mistakes.PNG,7 Drywall Repair Mistakes Homeowners Make Before Calling a Pro,,,640,640,843440,False,,,h-full w-full object-cover transition duration-500 group-hover:scale-[1.015]
/tmp/epf-blog-image-html/blog.html,/blog/drywall-repar-Mississauga.PNG,Drywall Repair in Mississauga: What Homeowners Should Fix Before Painting,,,1024,1024,2020484,False,,,h-full w-full object-cover transition duration-500 group-hover:scale-[1.015]
/tmp/epf-blog-image-html/blog.html,/blog/drywall-repiar-wall.PNG,Drywall Repair After Electrical or Plumbing Work: What Homeowners Should Expect,,,320,320,211964,False,,,h-full w-full object-cover transition duration-500 group-hover:scale-[1.015]
/tmp/epf-blog-image-html/blog.html,/blog/hamilton-popcorn-ceiling-removal.PNG,Cost to Remove Popcorn Ceiling in Hamilton: What Actually Changes the Price,,,1024,1536,3134113,False,,,h-full w-full object-cover transition duration-500 group-hover:scale-[1.015]
/tmp/epf-blog-image-html/blog.html,/blog/remove-popcorn-ceilings.PNG,"Should You Remove Popcorn Ceilings? Cost, Mess, Safety, and What to Expect",,,427,640,587648,False,,,h-full w-full object-cover transition duration-500 group-hover:scale-[1.015]
/tmp/epf-blog-image-html/blog.html,/blog/drywall-repair-patching-services.png,What Wall Damage Turns Buyers Off Before You Sell Your Home?,,,400,267,219524,False,,,h-full w-full object-cover transition duration-500 group-hover:scale-[1.015]
/tmp/epf-blog-image-html/blog.html,/blog/drywall-contractor-near-me.PNG,Drywall Contractors Near Me: What Homeowners Should Check Before Hiring,,,640,427,514916,False,,,h-full w-full object-cover transition duration-500 group-hover:scale-[1.015]
/tmp/epf-blog-image-html/blog.html,/blog/drywall-repair-mistakes.png,Mistakes to Avoid When Patching Drywall,,,640,427,479993,False,,,h-full w-full object-cover transition duration-500 group-hover:scale-[1.015]
/tmp/epf-blog-image-html/blog.html,/blog/water-damaged-drywall.PNG,"Repairing Water-Damaged Drywall: Signs, Steps, and When to Replace It",,,427,640,533376,False,,,h-full w-full object-cover transition duration-500 group-hover:scale-[1.015]
/tmp/epf-blog-image-html/blog.html,/blog/popcorn-ceiling-removal-contractor-mississauga.PNG,How to Choose the Right Popcorn Ceiling Removal Contractor in Mississauga,,,640,427,554584,False,,,h-full w-full object-cover transition duration-500 group-hover:scale-[1.015]
/tmp/epf-blog-image-html/blog.html,/blog/why-remove-stucco-ceiling-benefits.svg,Benefits of Removing Popcorn Ceilings and Replacing Them With a Smooth Finish,,,1200,720,4430,False,,,h-full w-full object-cover transition duration-500 group-hover:scale-[1.015]
/tmp/epf-blog-image-html/blog.html,/blog/what-is-popcorn-ceiling.PNG,"What Are Popcorn Ceilings? Pros, Cons, and When to Remove Them",,,640,427,619976,False,,,h-full w-full object-cover transition duration-500 group-hover:scale-[1.015]
/tmp/epf-blog-image-html/blog.html,/blog/drywall-repair-mistakes.png,How to Patch Drywall: Best Repair Methods for Small and Large Holes,,,640,427,479993,False,,,h-full w-full object-cover transition duration-500 group-hover:scale-[1.015]
/tmp/epf-blog-image-html/blog.html,/blog/popcorn-ceiling-removal-cost-toronto-canada-factors.svg,"What Affects Popcorn Ceiling Removal Cost in Toronto, Canada?",,,1200,630,4678,False,,,h-full w-full object-cover transition duration-500 group-hover:scale-[1.015]
/tmp/epf-blog-image-html/blog.html,/blog/remove-popcorn-ceilings.PNG,Why Remove a Stucco Ceiling? 7 Benefits of Smooth Ceilings,,,427,640,587648,False,,,h-full w-full object-cover transition duration-500 group-hover:scale-[1.015]
/tmp/epf-blog-image-html/blog.html,/gallery/popcorn-ceiling-removal.jpeg,Popcorn Ceiling Removal Cost Mississauga: What You Should Actually Expect in the Quote,,,480,640,75580,False,,,h-full w-full object-cover transition duration-500 group-hover:scale-[1.015]
/tmp/epf-blog-image-html/blog.html,/gallery/popcorn-ceiling-removal.jpeg,Popcorn Ceiling Removal Cost,,,480,640,75580,False,,,h-full w-full object-cover transition duration-500 group-hover:scale-[1.015]
/tmp/epf-blog-image-html/blog.html,/gallery/popcorn-ceiling-removal.jpeg,Popcorn Ceiling Removal Cost in Burlington (2026 Price Guide),,,480,640,75580,False,,,h-full w-full object-cover transition duration-500 group-hover:scale-[1.015]
/tmp/epf-blog-image-html/blog.html,/gallery/drywall-installation/drywall-installation-hero.webp,"Renovation Triggers: Drywall Installation After Drop Ceilings, Open Walls, and New Lighting",,,1529,900,454423,False,,,h-full w-full object-cover transition duration-500 group-hover:scale-[1.015]
/tmp/epf-blog-image-html/blog.html,/gallery/popcorn-ceiling-removal4.jpeg,"Painted Popcorn, Stains, and Problem Ceilings: What Homeowners Should Expect",,,565,640,143388,False,,,h-full w-full object-cover transition duration-500 group-hover:scale-[1.015]
/tmp/epf-blog-image-html/blog.html,/gallery/drywall-repair/drywall-repair.webp,Drywall Repair: Complete DIY & Professional Guide for 2026,,,1529,900,454423,False,,,h-full w-full object-cover transition duration-500 group-hover:scale-[1.015]
/tmp/epf-blog-image-html/blog.html,/blog/POPCORN-CEILING-REMOVAL-PREP.png,The Complete Guide to Popcorn Ceiling Removal in 2026,,,1366,908,2111981,False,,,h-full w-full object-cover transition duration-500 group-hover:scale-[1.015]
/tmp/epf-blog-image-html/blog_how-to-prepare-for-popcorn-ceiling-removal-mississauga.html,/logo.png,Popcorn ceiling removal EPF Pro Services,,,200,56,16050,False,,,w-auto h-14 md:h-16 object-contain
/tmp/epf-blog-image-html/blog_how-to-prepare-for-popcorn-ceiling-removal-mississauga.html,/gallery/PopcornCeilingRemoval/popcorn-ceiling-removal1.jpg,How to Prepare Your Home for Popcorn Ceiling Removal in Mississauga,,,500,667,116399,False,,,mx-auto max-h-[520px] w-full bg-slate-100 object-contain p-4 md:p-6
/tmp/epf-blog-image-html/blog_how-to-prepare-for-popcorn-ceiling-removal-mississauga.html,/blog/POPCORN-CEILING-REMOVAL-PREP.png,Mississauga popcorn ceiling removal preparation with covered floors and sealed vents,,,1366,908,2111981,False,,,h-48 w-full object-cover
/tmp/epf-blog-image-html/blog_how-to-prepare-for-popcorn-ceiling-removal-mississauga.html,/gallery/PopcornCeilingRemoval/popcorn-ceiling-removal5.jpg,Ceiling smoothing after painted popcorn ceiling preparation in Mississauga,,,500,667,228007,False,,,h-48 w-full object-cover
/tmp/epf-blog-image-html/blog_how-to-prepare-for-popcorn-ceiling-removal-mississauga.html,/gallery/PopcornCeilingRemoval/popcorn-ceiling-removal9.jpg,Finished smooth ceiling after popcorn ceiling removal and cleanup in Mississauga,,,500,667,113877,False,,,h-48 w-full object-cover
/tmp/epf-blog-image-html/blog_how-seasonal-humidity-and-temperature-changes-affect-drywall-hamilton.html,/logo.png,EPF Pro Services,,,200,56,16050,False,,,h-auto w-36 shrink-0 object-contain sm:w-44 md:w-48
/tmp/epf-blog-image-html/blog_how-seasonal-humidity-and-temperature-changes-affect-drywall-hamilton.html,/blog/drywall-repair00001.PNG,Drywall repair in Hamilton after seasonal cracks and moisture damage,,,640,427,536490,False,,,mx-auto max-h-[520px] w-full bg-slate-100 object-contain p-4 md:p-6
/tmp/epf-blog-image-html/blog_how-seasonal-humidity-and-temperature-changes-affect-drywall-hamilton.html,/gallery/drywall-repair/drywall-repair-service00002.webp,Smooth drywall repair surface in Hamilton after seasonal issues,,,320,320,32773,False,,,w-full
/tmp/epf-blog-image-html/blog_how-seasonal-humidity-and-temperature-changes-affect-drywall-hamilton.html,/blog/drywall-repair00001.PNG,Drywall repair in Hamilton after seasonal cracks and moisture damage,,,640,427,536490,False,,,h-48 w-full object-cover
/tmp/epf-blog-image-html/blog_how-seasonal-humidity-and-temperature-changes-affect-drywall-hamilton.html,/gallery/drywall-repair/drywall-repair-service00004.webp,Ceiling drywall repair in Hamilton after moisture and seasonal movement,,,240,320,35083,False,,,h-48 w-full object-cover
/tmp/epf-blog-image-html/blog_how-seasonal-humidity-and-temperature-changes-affect-drywall-hamilton.html,/gallery/drywall-repair/drywall-repair-service00003.webp,Paint-ready drywall repair in Hamilton home,,,240,320,29333,False,,,h-48 w-full object-cover
/tmp/epf-blog-image-html/blog_drywall-contractor-burlington-guide.html,/logo.png,EPF Pro Services,,,200,56,16050,False,,,h-auto w-36 shrink-0 object-contain sm:w-44 md:w-48
/tmp/epf-blog-image-html/blog_drywall-contractor-burlington-guide.html,/blog/drywall-contractor-burlington-guide-featured.png,Burlington home interior with drywall repair and installation prep under clean protection.,1600,900,1672,941,2125545,False,,,h-auto w-full object-cover
/tmp/epf-blog-image-html/blog_drywall-contractor-burlington-guide.html,/blog/drywall-contractor-burlington-guide-featured.png,Burlington home interior with drywall repair and installation prep under clean protection.,,,1672,941,2125545,False,,,h-48 w-full object-cover
/tmp/epf-blog-image-html/blog_drywall-contractor-burlington-guide.html,/gallery/drywall-installation/drywall-installation-hero.webp,Drywall board installation before taping and finishing,,,1529,900,454423,False,,,h-48 w-full object-cover
/tmp/epf-blog-image-html/blog_drywall-contractor-burlington-guide.html,/gallery/drywall-repair/drywall-repair-service00003.webp,Drywall taping and compound work before sanding,,,240,320,29333,False,,,h-48 w-full object-cover
/tmp/epf-blog-image-html/blog_ceiling-imperfections-after-popcorn-removal.html,/logo.png,Popcorn ceiling removal EPF Pro Services,,,200,56,16050,False,,,w-auto h-14 md:h-16 object-contain
/tmp/epf-blog-image-html/blog_ceiling-imperfections-after-popcorn-removal.html,/blog/ceiling-imperfections-after-popcorn-removal-featured.jpg,Scraped drywall ceiling with visible seams and gouges inspected under raking light,1600,900,1536,1024,296893,False,,,h-auto w-full object-cover
/tmp/epf-blog-image-html/blog_ceiling-imperfections-after-popcorn-removal.html,/blog/ceiling-imperfections-after-popcorn-removal-featured.jpg,Scraped drywall ceiling with visible seams and gouges inspected under raking light,,,1536,1024,296893,False,,,h-48 w-full object-cover
/tmp/epf-blog-image-html/blog_ceiling-imperfections-after-popcorn-removal.html,/blog/popcorn-ceiling-removal-mistakes-damaged-ceiling.png,Damaged ceiling surface with scrape marks after popcorn texture removal,,,1536,1024,2952106,False,,,h-48 w-full object-cover
/tmp/epf-blog-image-html/blog_ceiling-imperfections-after-popcorn-removal.html,/blog/painted-popcorn-ceiling-after-flat-finish.png,"Uniform smooth ceiling after skim coating, primer, and flat paint",,,1536,1024,2076632,False,,,h-48 w-full object-cover
/tmp/epf-blog-image-html/blog_what-affects-popcorn-ceiling-removal-cost-toronto-canada.html,/logo.png,Popcorn ceiling removal EPF Pro Services,,,200,56,16050,False,,,w-auto h-14 md:h-16 object-contain
/tmp/epf-blog-image-html/blog_what-affects-popcorn-ceiling-removal-cost-toronto-canada.html,/blog/popcorn-ceiling-removal-cost-toronto-canada-factors.svg,"Illustration showing the main factors that affect popcorn ceiling removal cost in Toronto, Canada",,,1200,630,4678,False,,,mx-auto max-h-[520px] w-full bg-slate-100 object-contain p-4 md:p-6
/tmp/epf-blog-image-html/blog_what-affects-popcorn-ceiling-removal-cost-toronto-canada.html,/blog/popcorn-ceiling-removal-cost-toronto-canada-factors.svg,"Illustration showing the main factors that affect popcorn ceiling removal cost in Toronto, Canada",,,1200,630,4678,False,,,h-48 w-full object-cover
/tmp/epf-blog-image-html/blog_what-affects-popcorn-ceiling-removal-cost-toronto-canada.html,/blog/popcorn-ceiling-removal-cost-toronto-condo-access.svg,Toronto condo popcorn ceiling removal setup with elevator booking and hallway protection,,,1200,630,3279,False,,,h-48 w-full object-cover
/tmp/epf-blog-image-html/blog_what-affects-popcorn-ceiling-removal-cost-toronto-canada.html,/blog/popcorn-ceiling-removal-cost-toronto-finish-level.svg,Smooth ceiling finish after popcorn removal in a bright Toronto room,,,1200,630,2845,False,,,h-48 w-full object-cover
/tmp/epf-blog-image-html/blog_drywall-repair-mississauga-homes-holes-cracks-leaks.html,/logo.png,EPF Pro Services,,,200,56,16050,False,,,h-auto w-36 shrink-0 object-contain sm:w-44 md:w-48
/tmp/epf-blog-image-html/blog_drywall-repair-mississauga-homes-holes-cracks-leaks.html,/blog/drywall-repair-mississauga-intent.png,Drywall repair in a Mississauga home with protected floors and smooth wall patching,,,1672,941,1740484,False,,,mx-auto max-h-[520px] w-full bg-slate-100 object-contain p-4 md:p-6
/tmp/epf-blog-image-html/blog_drywall-repair-mississauga-homes-holes-cracks-leaks.html,/blog/drywall-repair-mississauga-intent.png,Professional drywall repair in a Mississauga home,,,1672,941,1740484,False,,,w-full
/tmp/epf-blog-image-html/blog_drywall-repair-mississauga-homes-holes-cracks-leaks.html,/blog/drywall-repair-mississauga-intent.png,Drywall repair in a Mississauga home with protected floors and smooth wall patching,,,1672,941,1740484,False,,,h-48 w-full object-cover
/tmp/epf-blog-image-html/blog_drywall-repair-mississauga-homes-holes-cracks-leaks.html,/gallery/drywall-repair/drywall-repair-service00003.webp,Mississauga drywall repair compound finish work,,,240,320,29333,False,,,h-48 w-full object-cover
/tmp/epf-blog-image-html/blog_drywall-patch-repair-mississauga.html,/logo.png,EPF Pro Services,,,200,56,16050,False,,,h-auto w-36 shrink-0 object-contain sm:w-44 md:w-48
/tmp/epf-blog-image-html/blog_drywall-patch-repair-mississauga.html,/blog/drywall-patch-repair-mississauga.png,"Drywall Patch Repair in Mississauga: Holes, Dents, Nail Pops & Trade Cut-Outs",,,1672,941,1825011,False,,,mx-auto max-h-[520px] w-full bg-slate-100 object-contain p-4 md:p-6
/tmp/epf-blog-image-html/blog_drywall-patch-repair-mississauga.html,/gallery/drywall-repair/drywall-repair-service00001.webp,Mississauga drywall repair compound work on a wall patch,,,320,320,40781,False,,,h-48 w-full object-cover
/tmp/epf-blog-image-html/blog_drywall-patch-repair-mississauga.html,/gallery/drywall-repair/drywall-repair-service00002.webp,Ceiling drywall repair after leak damage in Mississauga,,,320,320,32773,False,,,h-48 w-full object-cover
/tmp/epf-blog-image-html/blog_drywall-patch-repair-mississauga.html,/gallery/drywall-repair/drywall-repair-service00003.webp,Paint-ready drywall repair finish after sanding and priming,,,240,320,29333,False,,,h-48 w-full object-cover
/tmp/epf-blog-image-html/blog_popcorn-ceiling-removal-in-oakville-a-practical-homeowner-guide.html,/logo.png,Popcorn ceiling removal EPF Pro Services,,,200,56,16050,False,,,w-auto h-14 md:h-16 object-contain
/tmp/epf-blog-image-html/blog_popcorn-ceiling-removal-in-oakville-a-practical-homeowner-guide.html,/services/popcorn-ceiling-removal/1.webp,Popcorn ceiling removal planning in a Oakville home with protected work area,1600,900,428,571,134273,False,,,h-auto w-full object-cover
/tmp/epf-blog-image-html/blog_popcorn-ceiling-removal-in-oakville-a-practical-homeowner-guide.html,/services/popcorn-ceiling-removal/1.webp,Popcorn ceiling removal planning in a Oakville home with protected work area,,,428,571,134273,False,,,h-48 w-full object-cover
/tmp/epf-blog-image-html/blog_interior-painting-mississauga-prep-finish-guide.html,/logo.png,EPF Pro Services,,,200,56,16050,False,,,h-auto w-36 shrink-0 object-contain sm:w-44 md:w-48
/tmp/epf-blog-image-html/blog_interior-painting-mississauga-prep-finish-guide.html,/blog/interior-painting-mississauga-prep-finish-featured.png,"Interior Painting in Mississauga: Prep, Finish, and Quote Guide",1600,900,1774,887,2070184,False,,,h-auto w-full object-cover
/tmp/epf-blog-image-html/blog_interior-painting-mississauga-prep-finish-guide.html,/services/painting/1.webp,Protected interior room prepared for painting in Mississauga.,,,1024,1024,1913035,False,,,h-48 w-full object-cover
/tmp/epf-blog-image-html/blog_interior-painting-mississauga-prep-finish-guide.html,/services/painting/2.webp,Clean painted wall and trim finish after interior painting.,,,1024,1024,1958531,False,,,h-48 w-full object-cover
/tmp/epf-blog-image-html/blog_interior-painting-mississauga-prep-finish-guide.html,/services/painting/3.webp,Interior painting finish with smooth walls and clean cut lines.,,,1536,1024,3084958,False,,,h-48 w-full object-cover
/tmp/epf-blog-image-html/blog_drywall-installation-steps.html,/logo.png,EPF Pro Services,,,200,56,16050,False,,,h-auto w-36 shrink-0 object-contain sm:w-44 md:w-48
/tmp/epf-blog-image-html/blog_drywall-installation-steps.html,/gallery/drywall-installation/drywall-installation-hero.webp,Drywall installation project detail,,,1529,900,454423,False,,,h-48 w-full object-cover
/tmp/epf-blog-image-html/blog_drywall-installation-steps.html,/gallery/drywall-repair/drywall-repair-service00003.webp,Drywall taping and finish work,,,240,320,29333,False,,,h-48 w-full object-cover
/tmp/epf-blog-image-html/blog_drywall-installation-steps.html,/services/drywall/6.webp,Paint-ready drywall finish,,,640,427,344207,False,,,h-48 w-full object-cover
/tmp/epf-blog-image-html/blog_level-4-vs-level-5-finish-after-popcorn-ceiling-removal.html,/logo.png,Popcorn ceiling removal EPF Pro Services,,,200,56,16050,False,,,w-auto h-14 md:h-16 object-contain
/tmp/epf-blog-image-html/blog_level-4-vs-level-5-finish-after-popcorn-ceiling-removal.html,/gallery/PopcornCeilingRemoval/popcorn-ceiling-removal5.jpg,Level 5 skim coat after popcorn ceiling removal,,,500,667,228007,False,,,mx-auto max-h-[520px] w-full bg-slate-100 object-contain p-4 md:p-6
/tmp/epf-blog-image-html/blog_level-4-vs-level-5-finish-after-popcorn-ceiling-removal.html,/gallery/PopcornCeilingRemoval/popcorn-ceiling-removal5.jpg,Level 5 skim coat after popcorn ceiling removal,,,500,667,228007,False,,,h-48 w-full object-cover
/tmp/epf-blog-image-html/blog_level-4-vs-level-5-finish-after-popcorn-ceiling-removal.html,/gallery/PopcornCeilingRemoval/popcorn-ceiling-removal9.jpg,Smooth ceiling after popcorn removal under pot lights,,,500,667,113877,False,,,h-48 w-full object-cover
/tmp/epf-blog-image-html/blog_level-4-vs-level-5-finish-after-popcorn-ceiling-removal.html,/services/popcorn-ceiling-removal/2.webp,Ceiling inspection after popcorn removal and skim coat,,,380,507,96554,False,,,h-48 w-full object-cover
/tmp/epf-blog-image-html/blog_level-4-vs-level-5-finish-after-popcorn-ceiling-removal.html,/services/popcorn-ceiling-removal/6.webp,Smooth ceiling finish after popcorn ceiling removal in an open room,,,432,288,205502,False,,,h-48 w-full object-cover
/tmp/epf-blog-image-html/blog_level-4-vs-level-5-finish-after-popcorn-ceiling-removal.html,/gallery/PopcornCeilingRemoval/popcorn-ceiling-removal8.jpg,Ceiling surface checked after popcorn removal and finishing,,,500,667,88802,False,,,h-48 w-full object-cover
/tmp/epf-blog-image-html/blog_ceiling-drywall-installation-mississauga.html,/logo.png,EPF Pro Services,,,200,56,16050,False,,,h-auto w-36 shrink-0 object-contain sm:w-44 md:w-48
/tmp/epf-blog-image-html/blog_ceiling-drywall-installation-mississauga.html,/gallery/drywall-repair/drywall-repair-service00002.webp,Ceiling drywall installation after an opened-up ceiling in Mississauga,,,320,320,32773,False,,,mx-auto max-h-[520px] w-full bg-slate-100 object-contain p-4 md:p-6
/tmp/epf-blog-image-html/blog_ceiling-drywall-installation-mississauga.html,/gallery/drywall-repair/drywall-repair-service00002.webp,Ceiling drywall installation after an opened-up ceiling in Mississauga,,,320,320,32773,False,,,h-48 w-full object-cover
/tmp/epf-blog-image-html/blog_ceiling-drywall-installation-mississauga.html,/services/drywall/2.webp,Mississauga ceiling drywall finishing around lights and vents,,,640,427,402646,False,,,h-48 w-full object-cover
/tmp/epf-blog-image-html/blog_ceiling-drywall-installation-mississauga.html,/gallery/drywall-repair/drywall-repair-service00003.webp,Level 5 ceiling finish ready for primer in Mississauga,,,240,320,29333,False,,,h-48 w-full object-cover
/tmp/epf-blog-image-html/blog_drywall-contractor-oakville-guide.html,/logo.png,EPF Pro Services,,,200,56,16050,False,,,h-auto w-36 shrink-0 object-contain sm:w-44 md:w-48
/tmp/epf-blog-image-html/blog_drywall-contractor-oakville-guide.html,/blog/drywall-contractor-oakville-guide-featured.png,"Oakville bright room with drywall finishing, protected floor, and smooth wall prep.",1600,900,1672,941,2200904,False,,,h-auto w-full object-cover
/tmp/epf-blog-image-html/blog_drywall-contractor-oakville-guide.html,/blog/drywall-contractor-oakville-guide-featured.png,"Oakville bright room with drywall finishing, protected floor, and smooth wall prep.",,,1672,941,2200904,False,,,h-48 w-full object-cover
/tmp/epf-blog-image-html/blog_drywall-contractor-oakville-guide.html,/gallery/drywall-installation/drywall-installation-hero.webp,Drywall board installation before taping and finishing,,,1529,900,454423,False,,,h-48 w-full object-cover
/tmp/epf-blog-image-html/blog_drywall-contractor-oakville-guide.html,/gallery/drywall-repair/drywall-repair-service00003.webp,Drywall taping and compound work before sanding,,,240,320,29333,False,,,h-48 w-full object-cover
/tmp/epf-blog-image-html/blog_how-to-patch-drywall.html,/logo.png,EPF Pro Services,,,200,56,16050,False,,,h-auto w-36 shrink-0 object-contain sm:w-44 md:w-48
/tmp/epf-blog-image-html/blog_how-to-patch-drywall.html,/blog/drywall-repair-mistakes.png,How to Patch Drywall: Best Repair Methods for Small and Large Holes,,,640,427,479993,False,,,mx-auto max-h-[520px] w-full bg-slate-100 object-contain p-4 md:p-6
/tmp/epf-blog-image-html/blog_how-to-patch-drywall.html,/blog/drywall-repair-patching-services.png,Drywall repair and patching services image showing a taper finishing a damaged wall patch,,,400,267,219524,False,,,w-full
/tmp/epf-blog-image-html/blog_how-to-patch-drywall.html,/blog/drywall-repair.png,Drywall repair image added at the bottom of the article,,,640,427,533201,False,,,w-full object-cover
/tmp/epf-blog-image-html/blog_how-to-patch-drywall.html,/blog/drywall-repair-patching-services.png,Drywall repair and patching services image with a taper smoothing a wall repair,,,400,267,219524,False,,,h-48 w-full object-cover
/tmp/epf-blog-image-html/blog_how-to-patch-drywall.html,/gallery/drywall-repair/drywall-repair-service00007.webp,Drywall repair prep before final paint,,,240,320,31806,False,,,h-48 w-full object-cover
/tmp/epf-blog-image-html/blog_how-to-choose-a-popcorn-ceiling-removal-contractor-in-mississauga.html,/logo.png,Popcorn ceiling removal EPF Pro Services,,,200,56,16050,False,,,w-auto h-14 md:h-16 object-contain
/tmp/epf-blog-image-html/blog_how-to-choose-a-popcorn-ceiling-removal-contractor-in-mississauga.html,/blog/popcorn-ceiling-removal-contractor-mississauga.PNG,Professional popcorn ceiling removal contractor in Mississauga creating a smooth ceiling finish,,,640,427,554584,False,,,mx-auto max-h-[520px] w-full bg-slate-100 object-contain p-4 md:p-6
/tmp/epf-blog-image-html/blog_how-to-choose-a-popcorn-ceiling-removal-contractor-in-mississauga.html,/blog/popcorn-ceiling-removal-contractor-mississauga.PNG,Popcorn ceiling removal contractor in Mississauga smoothing a ceiling for a Level 5 finish,,,640,427,554584,False,,,w-full
/tmp/epf-blog-image-html/blog_how-to-choose-a-popcorn-ceiling-removal-contractor-in-mississauga.html,/blog/popcorn-ceiling-removal-contractor-mississauga.PNG,Professional popcorn ceiling removal contractor in Mississauga creating a smooth ceiling finish,,,640,427,554584,False,,,h-48 w-full object-cover
/tmp/epf-blog-image-html/blog_how-to-choose-a-popcorn-ceiling-removal-contractor-in-mississauga.html,/gallery/PopcornCeilingRemoval/popcorn-ceiling-removal1.jpg,Protected Mississauga room ready for popcorn ceiling removal,,,500,667,116399,False,,,h-48 w-full object-cover
/tmp/epf-blog-image-html/blog_how-to-choose-a-popcorn-ceiling-removal-contractor-in-mississauga.html,/gallery/PopcornCeilingRemoval/popcorn-ceiling-removal9.jpg,Finished smooth ceiling after professional popcorn ceiling removal in Mississauga,,,500,667,113877,False,,,h-48 w-full object-cover
/tmp/epf-blog-image-html/blog_before-you-rent-popcorn-ceiling-removal-tools.html,/logo.png,Popcorn ceiling removal EPF Pro Services,,,200,56,16050,False,,,w-auto h-14 md:h-16 object-contain
/tmp/epf-blog-image-html/blog_before-you-rent-popcorn-ceiling-removal-tools.html,/blog/popcorn-ceiling-removal-tools.png,Popcorn ceiling removal tools and rental guide for homeowners,,,666,1364,1516542,False,,,mx-auto max-h-[520px] w-full bg-slate-100 object-contain p-4 md:p-6
/tmp/epf-blog-image-html/blog_before-you-rent-popcorn-ceiling-removal-tools.html,/blog/popcorn-ceiling-removal-tools.png,Popcorn ceiling removal tools and rental guide for homeowners,,,666,1364,1516542,False,,,h-48 w-full object-cover
/tmp/epf-blog-image-html/blog_before-you-rent-popcorn-ceiling-removal-tools.html,/blog/POPCORN-CEILING-REMOVAL-PREP.png,Room setup before popcorn ceiling removal and tool use,,,1366,908,2111981,False,,,h-48 w-full object-cover
/tmp/epf-blog-image-html/blog_before-you-rent-popcorn-ceiling-removal-tools.html,/gallery/PopcornCeilingRemoval/popcorn-ceiling-removal9.jpg,Smooth ceiling after popcorn texture removal and refinishing,,,500,667,113877,False,,,h-48 w-full object-cover
/tmp/epf-blog-image-html/blog_basement-drywall-taping-mudding-mississauga.html,/logo.png,EPF Pro Services,,,200,56,16050,False,,,h-auto w-36 shrink-0 object-contain sm:w-44 md:w-48
/tmp/epf-blog-image-html/blog_basement-drywall-taping-mudding-mississauga.html,/blog/basement-drywall-taping-mudding-mississauga-featured.webp,Basement drywall with feathered joint compound across wall and ceiling seams and a protected floor,1600,900,1536,1024,104954,False,,,h-auto w-full object-cover
/tmp/epf-blog-image-html/blog_basement-drywall-taping-mudding-mississauga.html,/blog/drywall-contractor-basement-renovation-mississauga-featured.png,Illustrative basement drywall installation with taped seams and a stair opening,768,432,1672,941,2011624,False,,,mb-4 aspect-video w-full rounded-lg object-cover
/tmp/epf-blog-image-html/blog_basement-drywall-taping-mudding-mississauga.html,/blog/level-5-drywall-finishing-oakville-featured.png,Illustrative room prepared for further drywall surface finishing,768,432,1686,933,1782644,False,,,mb-4 aspect-video w-full rounded-lg object-cover
/tmp/epf-blog-image-html/blog_basement-drywall-taping-mudding-mississauga.html,/blog/basement-drywall-taping-mudding-mississauga-featured.webp,Basement drywall with feathered joint compound across wall and ceiling seams and a protected floor,,,1536,1024,104954,False,,,h-48 w-full object-cover
/tmp/epf-blog-image-html/blog_basement-drywall-taping-mudding-mississauga.html,/blog/drywall-contractor-basement-renovation-mississauga-featured.png,"Illustrative basement with taped drywall, a stair opening, and a long ceiling bulkhead",,,1672,941,2011624,False,,,h-48 w-full object-cover
/tmp/epf-blog-image-html/blog_basement-drywall-taping-mudding-mississauga.html,/blog/level-5-drywall-finishing-oakville-featured.png,"Illustrative room with broad drywall finishing coats, protected floors, and a sanding tool",,,1686,933,1782644,False,,,h-48 w-full object-cover
/tmp/epf-blog-image-html/blog_cost-to-remove-popcorn-ceiling-hamilton.html,/logo.png,Popcorn ceiling removal EPF Pro Services,,,200,56,16050,False,,,w-auto h-14 md:h-16 object-contain
/tmp/epf-blog-image-html/blog_cost-to-remove-popcorn-ceiling-hamilton.html,/blog/hamilton-popcorn-ceiling-removal.PNG,Cost to remove popcorn ceiling in Hamilton project example with smooth ceiling finish after popcorn texture removal,,,1024,1536,3134113,False,,,mx-auto max-h-[520px] w-full bg-slate-100 object-contain p-4 md:p-6
/tmp/epf-blog-image-html/blog_cost-to-remove-popcorn-ceiling-hamilton.html,/blog/hamilton-popcorn-ceiling-removal.PNG,Cost to remove popcorn ceiling in Hamilton project example with smooth ceiling finish after popcorn texture removal,,,1024,1536,3134113,False,,,h-48 w-full object-cover
/tmp/epf-blog-image-html/blog_cost-to-remove-popcorn-ceiling-hamilton.html,/services/popcorn-ceiling-removal/2.webp,Level 5 skim coat after popcorn ceiling removal in a Hamilton home,,,380,507,96554,False,,,h-48 w-full object-cover
/tmp/epf-blog-image-html/blog_cost-to-remove-popcorn-ceiling-hamilton.html,/services/popcorn-ceiling-removal/3.webp,Smooth finished ceiling after popcorn texture removal in Hamilton,,,380,507,71046,False,,,h-48 w-full object-cover
/tmp/epf-blog-image-html/blog_why-remove-stucco-ceiling.html,/logo.png,Popcorn ceiling removal EPF Pro Services,,,200,56,16050,False,,,w-auto h-14 md:h-16 object-contain
/tmp/epf-blog-image-html/blog_why-remove-stucco-ceiling.html,/blog/remove-popcorn-ceilings.PNG,Why Remove a Stucco Ceiling? 7 Benefits of Smooth Ceilings,,,427,640,587648,False,,,mx-auto max-h-[520px] w-full bg-slate-100 object-contain p-4 md:p-6
/tmp/epf-blog-image-html/blog_why-remove-stucco-ceiling.html,/blog/why-remove-stucco-ceiling-benefits.svg,"Illustration showing why homeowners remove stucco ceilings for a brighter, cleaner, more modern smooth ceiling finish",,,1200,720,4430,False,,,w-full
/tmp/epf-blog-image-html/blog_why-remove-stucco-ceiling.html,/blog/why-remove-stucco-ceiling-benefits.svg,Why remove a stucco ceiling illustration showing textured ceiling before and smooth ceiling after,,,1200,720,4430,False,,,h-48 w-full object-cover
/tmp/epf-blog-image-html/blog_why-remove-stucco-ceiling.html,/services/popcorn-ceiling-removal/2.webp,Skim coating after stucco ceiling removal,,,380,507,96554,False,,,h-48 w-full object-cover
/tmp/epf-blog-image-html/blog_why-remove-stucco-ceiling.html,/services/popcorn-ceiling-removal/3.webp,Bright room with smooth ceiling after stucco ceiling removal,,,380,507,71046,False,,,h-48 w-full object-cover
/tmp/epf-blog-image-html/blog_drywall-installation-oakville-basement-finishing.html,/logo.png,EPF Pro Services,,,200,56,16050,False,,,h-auto w-36 shrink-0 object-contain sm:w-44 md:w-48
/tmp/epf-blog-image-html/blog_drywall-installation-oakville-basement-finishing.html,/gallery/drywall-repair/drywall-repair-service00004.webp,Oakville basement drywall installation with finished bulkheads,,,240,320,35083,False,,,mx-auto max-h-[520px] w-full bg-slate-100 object-contain p-4 md:p-6
/tmp/epf-blog-image-html/blog_drywall-installation-oakville-basement-finishing.html,/gallery/drywall-repair/drywall-repair-service00004.webp,Oakville basement drywall installation with finished bulkheads,,,240,320,35083,False,,,h-48 w-full object-cover
/tmp/epf-blog-image-html/blog_drywall-installation-oakville-basement-finishing.html,/services/drywall/4.webp,Oakville basement drywall finishing before primer,,,640,427,426434,False,,,h-48 w-full object-cover
/tmp/epf-blog-image-html/blog_drywall-installation-oakville-basement-finishing.html,/services/drywall/6.webp,Completed Oakville basement drywall and finishing work,,,640,427,344207,False,,,h-48 w-full object-cover
/tmp/epf-blog-image-html/blog_how-seasonal-humidity-and-temperature-changes-affect-drywall-oakville.html,/logo.png,EPF Pro Services,,,200,56,16050,False,,,h-auto w-36 shrink-0 object-contain sm:w-44 md:w-48
/tmp/epf-blog-image-html/blog_how-seasonal-humidity-and-temperature-changes-affect-drywall-oakville.html,/blog/drywall-repair00002.PNG,Drywall repair in Oakville after cracks and bubbling paint,,,640,427,537886,False,,,mx-auto max-h-[520px] w-full bg-slate-100 object-contain p-4 md:p-6
/tmp/epf-blog-image-html/blog_how-seasonal-humidity-and-temperature-changes-affect-drywall-oakville.html,/gallery/drywall-repair/drywall-repair-service00005.webp,Finished drywall repair in a bright Oakville interior,,,148,320,25001,False,,,w-full
/tmp/epf-blog-image-html/blog_how-seasonal-humidity-and-temperature-changes-affect-drywall-oakville.html,/blog/drywall-repair00002.PNG,Drywall repair in Oakville after cracks and bubbling paint,,,640,427,537886,False,,,h-48 w-full object-cover
/tmp/epf-blog-image-html/blog_how-seasonal-humidity-and-temperature-changes-affect-drywall-oakville.html,/gallery/drywall-repair/drywall-repair-service00002.webp,Ceiling drywall repair in Oakville after humidity and condensation issues,,,320,320,32773,False,,,h-48 w-full object-cover
/tmp/epf-blog-image-html/blog_how-seasonal-humidity-and-temperature-changes-affect-drywall-oakville.html,/gallery/drywall-repair/drywall-repair-service00001.webp,Smooth paint-ready drywall repair in Oakville home,,,320,320,40781,False,,,h-48 w-full object-cover
/tmp/epf-blog-image-html/blog_how-to-repair-large-drywall-holes-properly.html,/logo.png,EPF Pro Services,,,200,56,16050,False,,,h-auto w-36 shrink-0 object-contain sm:w-44 md:w-48
/tmp/epf-blog-image-html/blog_how-to-repair-large-drywall-holes-properly.html,/gallery/drywall-repair/drywall-repair-service00004.webp,Large drywall hole repair before finishing coats,,,240,320,35083,False,,,mx-auto max-h-[520px] w-full bg-slate-100 object-contain p-4 md:p-6
/tmp/epf-blog-image-html/blog_how-to-repair-large-drywall-holes-properly.html,/blog/drywall-repair.png,Drywall repair image added at the bottom of the article,,,640,427,533201,False,,,w-full object-cover
/tmp/epf-blog-image-html/blog_how-to-repair-large-drywall-holes-properly.html,/gallery/drywall-repair/drywall-repair-service00004.webp,Large drywall hole repair before finishing coats,,,240,320,35083,False,,,h-48 w-full object-cover
/tmp/epf-blog-image-html/blog_how-to-repair-large-drywall-holes-properly.html,/gallery/drywall-repair/drywall-repair-service00005.webp,Drywall replacement section after trade cut-out repair,,,148,320,25001,False,,,h-48 w-full object-cover
/tmp/epf-blog-image-html/blog_how-to-repair-large-drywall-holes-properly.html,/gallery/drywall-repair/drywall-repair-service00007.webp,Large drywall repair sanded smooth and ready for primer,,,240,320,31806,False,,,h-48 w-full object-cover
/tmp/epf-blog-image-html/blog_wall-damage-before-selling-your-home.html,/logo.png,Popcorn ceiling removal EPF Pro Services,,,200,56,16050,False,,,w-auto h-14 md:h-16 object-contain
/tmp/epf-blog-image-html/blog_wall-damage-before-selling-your-home.html,/blog/drywall-repair-patching-services.png,Wall patch and drywall repair before selling a home,,,400,267,219524,False,,,mx-auto max-h-[520px] w-full bg-slate-100 object-contain p-4 md:p-6
/tmp/epf-blog-image-html/blog_wall-damage-before-selling-your-home.html,/blog/drywall-repair-patching-services.png,Wall patch and drywall repair before selling a home,,,400,267,219524,False,,,h-48 w-full object-cover
/tmp/epf-blog-image-html/blog_wall-damage-before-selling-your-home.html,/blog/water-damaged-drywall.PNG,Water damaged drywall that should be repaired before listing,,,427,640,533376,False,,,h-48 w-full object-cover
/tmp/epf-blog-image-html/blog_wall-damage-before-selling-your-home.html,/gallery/drywall-repair/drywall-repair-service00004.webp,Smooth finished wall after professional drywall repair,,,240,320,35083,False,,,h-48 w-full object-cover
/tmp/epf-blog-image-html/blog_condo-drywall-installation-toronto-project.html,/logo.png,EPF Pro Services,,,200,56,16050,False,,,h-auto w-36 shrink-0 object-contain sm:w-44 md:w-48
/tmp/epf-blog-image-html/blog_condo-drywall-installation-toronto-project.html,/gallery/drywall-repair/drywall-repair-service00007.webp,Toronto condo drywall project around concrete columns,,,240,320,31806,False,,,mx-auto max-h-[520px] w-full bg-slate-100 object-contain p-4 md:p-6
/tmp/epf-blog-image-html/blog_condo-drywall-installation-toronto-project.html,/gallery/drywall-repair/drywall-repair-service00007.webp,Toronto condo drywall project around concrete columns,,,240,320,31806,False,,,h-48 w-full object-cover
/tmp/epf-blog-image-html/blog_condo-drywall-installation-toronto-project.html,/services/drywall/3.webp,Toronto condo drywall finishing project,,,640,427,394175,False,,,h-48 w-full object-cover
/tmp/epf-blog-image-html/blog_condo-drywall-installation-toronto-project.html,/services/drywall/2.webp,Completed condo drywall installation in Toronto,,,640,427,402646,False,,,h-48 w-full object-cover
/tmp/epf-blog-image-html/blog_diy-drywall-repair-vs-hiring-a-professional.html,/logo.png,EPF Pro Services,,,200,56,16050,False,,,h-auto w-36 shrink-0 object-contain sm:w-44 md:w-48
/tmp/epf-blog-image-html/blog_diy-drywall-repair-vs-hiring-a-professional.html,/gallery/drywall-repair/drywall-repair-service00003.webp,Drywall repair finishing work in a bright room,,,240,320,29333,False,,,mx-auto max-h-[520px] w-full bg-slate-100 object-contain p-4 md:p-6
/tmp/epf-blog-image-html/blog_diy-drywall-repair-vs-hiring-a-professional.html,/blog/drywall-repair.png,Drywall repair image added at the bottom of the article,,,640,427,533201,False,,,w-full object-cover
/tmp/epf-blog-image-html/blog_diy-drywall-repair-vs-hiring-a-professional.html,/gallery/drywall-repair/drywall-repair-service00003.webp,Drywall repair finishing work in a bright room,,,240,320,29333,False,,,h-48 w-full object-cover
/tmp/epf-blog-image-html/blog_diy-drywall-repair-vs-hiring-a-professional.html,/gallery/drywall-repair/drywall-repair-service00007.webp,DIY-style wall patch compared with a wider finished repair,,,240,320,31806,False,,,h-48 w-full object-cover
/tmp/epf-blog-image-html/blog_diy-drywall-repair-vs-hiring-a-professional.html,/gallery/drywall-repair/drywall-repair-service00001.webp,Professional drywall repair ready for primer,,,320,320,40781,False,,,h-48 w-full object-cover
/tmp/epf-blog-image-html/blog_how-seasonal-humidity-and-temperature-changes-affect-drywall-mississauga.html,/logo.png,EPF Pro Services,,,200,56,16050,False,,,h-auto w-36 shrink-0 object-contain sm:w-44 md:w-48
/tmp/epf-blog-image-html/blog_how-seasonal-humidity-and-temperature-changes-affect-drywall-mississauga.html,/blog/drywall-repair00003.PNG,Drywall repair in a Mississauga home after seasonal cracks and bubbling paint,,,640,427,539755,False,,,mx-auto max-h-[520px] w-full bg-slate-100 object-contain p-4 md:p-6
/tmp/epf-blog-image-html/blog_how-seasonal-humidity-and-temperature-changes-affect-drywall-mississauga.html,/gallery/drywall-repair/drywall-repair-service00004.webp,Smooth drywall surface after repair in a bright Mississauga room,,,240,320,35083,False,,,w-full
/tmp/epf-blog-image-html/blog_how-seasonal-humidity-and-temperature-changes-affect-drywall-mississauga.html,/blog/drywall-repair00003.PNG,Drywall repair in a Mississauga home after seasonal cracks and bubbling paint,,,640,427,539755,False,,,h-48 w-full object-cover
/tmp/epf-blog-image-html/blog_how-seasonal-humidity-and-temperature-changes-affect-drywall-mississauga.html,/gallery/drywall-repair/drywall-repair-service00002.webp,Ceiling drywall repair after moisture and seasonal movement,,,320,320,32773,False,,,h-48 w-full object-cover
/tmp/epf-blog-image-html/blog_how-seasonal-humidity-and-temperature-changes-affect-drywall-mississauga.html,/gallery/drywall-repair/drywall-repair-service00003.webp,Paint-ready drywall repair with smooth finish,,,240,320,29333,False,,,h-48 w-full object-cover
/tmp/epf-blog-image-html/blog_mistakes-to-avoid-when-patching-drywall.html,/logo.png,EPF Pro Services,,,200,56,16050,False,,,h-auto w-36 shrink-0 object-contain sm:w-44 md:w-48
/tmp/epf-blog-image-html/blog_mistakes-to-avoid-when-patching-drywall.html,/blog/drywall-repair-mistakes.png,Common drywall repair mistakes that leave visible patch lines,,,640,427,479993,False,,,mx-auto max-h-[520px] w-full bg-slate-100 object-contain p-4 md:p-6
/tmp/epf-blog-image-html/blog_mistakes-to-avoid-when-patching-drywall.html,/blog/drywall-repair-mistakes.png,DIY drywall repair mistakes showing visible patch lines and uneven finishing,,,640,427,479993,False,,,w-full
/tmp/epf-blog-image-html/blog_mistakes-to-avoid-when-patching-drywall.html,/blog/drywall-repair.png,Drywall repair image added at the bottom of the article,,,640,427,533201,False,,,w-full object-cover
/tmp/epf-blog-image-html/blog_mistakes-to-avoid-when-patching-drywall.html,/blog/drywall-repair-mistakes.png,Common drywall repair mistakes that leave visible patch lines,,,640,427,479993,False,,,h-48 w-full object-cover
/tmp/epf-blog-image-html/blog_mistakes-to-avoid-when-patching-drywall.html,/gallery/drywall-repair/drywall-repair-service00003.webp,Drywall patch sanded and widened for smoother blending,,,240,320,29333,False,,,h-48 w-full object-cover
/tmp/epf-blog-image-html/blog_mistakes-to-avoid-when-patching-drywall.html,/gallery/drywall-repair/drywall-repair-service00007.webp,Drywall repair ready for primer after final surface checks,,,240,320,31806,False,,,h-48 w-full object-cover
/tmp/epf-blog-image-html/blog_asbestos-popcorn-ceiling-testing-mississauga.html,/logo.png,Popcorn ceiling removal EPF Pro Services,,,200,56,16050,False,,,w-auto h-14 md:h-16 object-contain
/tmp/epf-blog-image-html/blog_asbestos-popcorn-ceiling-testing-mississauga.html,/blog/asbestos-popcorn-ceiling-testing-mississauga-featured.png,Contractor checking an older popcorn ceiling before removal in Mississauga,1600,900,1672,941,2021561,False,,,h-auto w-full object-cover
/tmp/epf-blog-image-html/blog_asbestos-popcorn-ceiling-testing-mississauga.html,/blog/asbestos-popcorn-ceiling-testing-mississauga-featured.png,Contractor checking an older popcorn ceiling before removal in Mississauga,,,1672,941,2021561,False,,,h-48 w-full object-cover
/tmp/epf-blog-image-html/blog_asbestos-popcorn-ceiling-testing-mississauga.html,/blog/popcorn-ceiling-removal-quote-checklist.png,Popcorn ceiling quote checklist before removal,,,1672,941,2347713,False,,,h-48 w-full object-cover
/tmp/epf-blog-image-html/blog_asbestos-popcorn-ceiling-testing-mississauga.html,/services/popcorn-ceiling-removal/1.webp,Protected room before popcorn ceiling work begins,,,428,571,134273,False,,,h-48 w-full object-cover
/tmp/epf-blog-image-html/blog_drywall-repair-after-electrical-plumbing-mississauga.html,/logo.png,EPF Pro Services,,,200,56,16050,False,,,h-auto w-36 shrink-0 object-contain sm:w-44 md:w-48
/tmp/epf-blog-image-html/blog_drywall-repair-after-electrical-plumbing-mississauga.html,/blog/drywall-repair-after-electrical-plumbing-mississauga.png,Drywall Repair After Electrical or Plumbing Work in Mississauga,,,1672,941,1805745,False,,,mx-auto max-h-[520px] w-full bg-slate-100 object-contain p-4 md:p-6
/tmp/epf-blog-image-html/blog_drywall-repair-after-electrical-plumbing-mississauga.html,/gallery/drywall-repair/drywall-repair-service00001.webp,Mississauga drywall repair compound work on a wall patch,,,320,320,40781,False,,,h-48 w-full object-cover
/tmp/epf-blog-image-html/blog_drywall-repair-after-electrical-plumbing-mississauga.html,/gallery/drywall-repair/drywall-repair-service00002.webp,Ceiling drywall repair after leak damage in Mississauga,,,320,320,32773,False,,,h-48 w-full object-cover
/tmp/epf-blog-image-html/blog_drywall-repair-after-electrical-plumbing-mississauga.html,/gallery/drywall-repair/drywall-repair-service00003.webp,Paint-ready drywall repair finish after sanding and priming,,,240,320,29333,False,,,h-48 w-full object-cover
/tmp/epf-blog-image-html/blog_basement-drywall-install-mississauga-project.html,/logo.png,EPF Pro Services,,,200,56,16050,False,,,h-auto w-36 shrink-0 object-contain sm:w-44 md:w-48
/tmp/epf-blog-image-html/blog_basement-drywall-install-mississauga-project.html,/gallery/drywall-repair/drywall-repair-service00004.webp,Mississauga basement drywall project with boxed soffits,,,240,320,35083,False,,,mx-auto max-h-[520px] w-full bg-slate-100 object-contain p-4 md:p-6
/tmp/epf-blog-image-html/blog_basement-drywall-install-mississauga-project.html,/gallery/drywall-repair/drywall-repair-service00004.webp,Mississauga basement drywall project with boxed soffits,,,240,320,35083,False,,,h-48 w-full object-cover
/tmp/epf-blog-image-html/blog_basement-drywall-install-mississauga-project.html,/services/drywall/4.webp,Mississauga basement finishing project before primer,,,640,427,426434,False,,,h-48 w-full object-cover
/tmp/epf-blog-image-html/blog_basement-drywall-install-mississauga-project.html,/services/drywall/6.webp,Completed basement drywall install in Mississauga,,,640,427,344207,False,,,h-48 w-full object-cover
/tmp/epf-blog-image-html/blog_dustless-popcorn-ceiling-removal-oakville.html,/logo.png,Popcorn ceiling removal EPF Pro Services,,,200,56,16050,False,,,w-auto h-14 md:h-16 object-contain
/tmp/epf-blog-image-html/blog_dustless-popcorn-ceiling-removal-oakville.html,/blog/dustless-popcorn-ceiling-removal-oakville-featured.png,Dust-controlled popcorn ceiling removal setup with HEPA sanding equipment in an Oakville-style room.,1600,900,1745,901,2204641,False,,,h-auto w-full object-cover
/tmp/epf-blog-image-html/blog_dustless-popcorn-ceiling-removal-oakville.html,/blog/dustless-popcorn-ceiling-removal-oakville-featured.png,Dust-controlled popcorn ceiling removal setup with HEPA sanding equipment in an Oakville-style room.,,,1745,901,2204641,False,,,h-48 w-full object-cover
/tmp/epf-blog-image-html/blog_dustless-popcorn-ceiling-removal-oakville.html,/blog/hepa-sanding-containment-smooth-ceiling.png,HEPA sanding and containment for smooth ceiling work.,,,1672,941,1925997,False,,,h-48 w-full object-cover
/tmp/epf-blog-image-html/blog_basement-drywall-taping-mudding-toronto.html,/logo.png,EPF Pro Services,,,200,56,16050,False,,,h-auto w-36 shrink-0 object-contain sm:w-44 md:w-48
/tmp/epf-blog-image-html/blog_basement-drywall-taping-mudding-toronto.html,/blog/basement-drywall-taping-mudding-toronto-featured.webp,"Compact basement with taped drywall seams, a stepped bulkhead, and stairs at the end",1600,900,1536,1024,73956,False,,,h-auto w-full object-cover
/tmp/epf-blog-image-html/blog_basement-drywall-taping-mudding-toronto.html,/blog/drywall-contractor-basement-renovation-mississauga-featured.png,Illustrative basement wall and ceiling joints during finishing,768,432,1672,941,2011624,False,,,mb-4 aspect-video w-full rounded-lg object-cover
/tmp/epf-blog-image-html/blog_basement-drywall-taping-mudding-toronto.html,/blog/level-5-drywall-finishing-oakville-featured.png,Illustrative broad drywall finishing in a room with side light,768,432,1686,933,1782644,False,,,mb-4 aspect-video w-full rounded-lg object-cover
/tmp/epf-blog-image-html/blog_basement-drywall-taping-mudding-toronto.html,/blog/basement-drywall-taping-mudding-toronto-featured.webp,"Compact basement with taped drywall seams, a stepped bulkhead, and stairs at the end",,,1536,1024,73956,False,,,h-48 w-full object-cover
/tmp/epf-blog-image-html/blog_basement-drywall-taping-mudding-toronto.html,/blog/drywall-contractor-basement-renovation-mississauga-featured.png,"Illustrative basement with taped ceiling seams, a stair opening, and a long bulkhead",,,1672,941,2011624,False,,,h-48 w-full object-cover
/tmp/epf-blog-image-html/blog_basement-drywall-taping-mudding-toronto.html,/blog/level-5-drywall-finishing-oakville-featured.png,"Illustrative room with broad compound coats, protected flooring, and a drywall sanding tool",,,1686,933,1782644,False,,,h-48 w-full object-cover
/tmp/epf-blog-image-html/blog_how-to-prepare-for-popcorn-ceiling-removal-oakville.html,/logo.png,Popcorn ceiling removal EPF Pro Services,,,200,56,16050,False,,,w-auto h-14 md:h-16 object-contain
/tmp/epf-blog-image-html/blog_how-to-prepare-for-popcorn-ceiling-removal-oakville.html,/blog/POPCORN-CEILINGREMOVAL-OAKVILLE.png,Oakville popcorn ceiling removal prep with protected floors and cleared room access,,,1366,908,2223321,False,,,mx-auto max-h-[520px] w-full bg-slate-100 object-contain p-4 md:p-6
/tmp/epf-blog-image-html/blog_how-to-prepare-for-popcorn-ceiling-removal-oakville.html,/blog/POPCORN-CEILINGREMOVAL-OAKVILLE.png,Oakville popcorn ceiling removal prep with protected floors and cleared room access,,,1366,908,2223321,False,,,h-48 w-full object-cover
/tmp/epf-blog-image-html/blog_how-to-prepare-for-popcorn-ceiling-removal-oakville.html,/gallery/PopcornCeilingRemoval/popcorn-ceiling-removal5.jpg,Ceiling smoothing after painted popcorn ceiling preparation in Oakville,,,500,667,228007,False,,,h-48 w-full object-cover
/tmp/epf-blog-image-html/blog_how-to-prepare-for-popcorn-ceiling-removal-oakville.html,/gallery/PopcornCeilingRemoval/popcorn-ceiling-removal9.jpg,Finished smooth ceiling after popcorn ceiling removal and cleanup in Oakville,,,500,667,113877,False,,,h-48 w-full object-cover
/tmp/epf-blog-image-html/blog_garage-drywall-repair-before-painting.html,/logo.png,EPF Pro Services,,,200,56,16050,False,,,h-auto w-36 shrink-0 object-contain sm:w-44 md:w-48
/tmp/epf-blog-image-html/blog_garage-drywall-repair-before-painting.html,/blog/garage-drywall-repair-before-painting-featured.webp,Garage wall with prepared joints and spot-primed repairs above a protected floor,1600,900,1536,1024,75772,False,,,h-auto w-full object-cover
/tmp/epf-blog-image-html/blog_garage-drywall-repair-before-painting.html,/blog/garage-drywall-repair-before-painting-featured.webp,Garage wall with prepared joints and spot-primed repairs above a protected floor,,,1536,1024,75772,False,,,h-48 w-full object-cover
/tmp/epf-blog-image-html/blog_garage-drywall-repair-before-painting.html,/blog/why-garage-drywall-tape-peels-featured.webp,Curled paper drywall tape along a garage wall joint beside a door track,,,1536,1024,51908,False,,,h-48 w-full object-cover
/tmp/epf-blog-image-html/blog_garage-drywall-repair-before-painting.html,/blog/garage-drywall-finishing-levels-featured.webp,Empty garage with compound-finished wall and ceiling joints under side light,,,1536,1024,81020,False,,,h-48 w-full object-cover
/tmp/epf-blog-image-html/blog_drywall-tape-repair.html,/logo.png,EPF Pro Services,,,200,56,16050,False,,,h-auto w-36 shrink-0 object-contain sm:w-44 md:w-48
/tmp/epf-blog-image-html/blog_drywall-installation-mississauga-timeline-finish-levels.html,/logo.png,EPF Pro Services,,,200,56,16050,False,,,h-auto w-36 shrink-0 object-contain sm:w-44 md:w-48
/tmp/epf-blog-image-html/blog_drywall-installation-mississauga-timeline-finish-levels.html,/gallery/drywall-installation/drywall-installation-hero.webp,Drywall installation in progress with smooth finish prep,,,1529,900,454423,False,,,mx-auto max-h-[520px] w-full bg-slate-100 object-contain p-4 md:p-6
/tmp/epf-blog-image-html/blog_drywall-installation-mississauga-timeline-finish-levels.html,/gallery/drywall-installation/drywall-installation-hero.webp,Drywall installation in progress with smooth finish prep,,,1529,900,454423,False,,,h-48 w-full object-cover
/tmp/epf-blog-image-html/blog_drywall-installation-mississauga-timeline-finish-levels.html,/gallery/drywall-repair/drywall-repair-service00001.webp,Drywall seams taped and ready for compound,,,320,320,40781,False,,,h-48 w-full object-cover
/tmp/epf-blog-image-html/blog_drywall-installation-mississauga-timeline-finish-levels.html,/gallery/drywall-repair/drywall-repair-service00004.webp,Finished drywall surface ready for paint,,,240,320,35083,False,,,h-48 w-full object-cover
/tmp/epf-blog-image-html/blog_water-damaged-popcorn-ceiling-repair-remove-replace.html,/logo.png,Popcorn ceiling removal EPF Pro Services,,,200,56,16050,False,,,w-auto h-14 md:h-16 object-contain
/tmp/epf-blog-image-html/blog_water-damaged-popcorn-ceiling-repair-remove-replace.html,/blog/water-damaged-popcorn-ceiling-repair-featured.jpg,Water-stained popcorn ceiling being assessed with a moisture meter in a protected room,1600,900,1536,1024,511826,False,,,h-auto w-full object-cover
/tmp/epf-blog-image-html/blog_water-damaged-popcorn-ceiling-repair-remove-replace.html,/blog/water-damaged-popcorn-ceiling-repair-featured.jpg,Water-stained popcorn ceiling being assessed with a moisture meter in a protected room,,,1536,1024,511826,False,,,h-48 w-full object-cover
/tmp/epf-blog-image-html/blog_water-damaged-popcorn-ceiling-repair-remove-replace.html,/blog/ceiling-leak-repair-smooth-finish.png,Ceiling leak area repaired and prepared for a smooth finish,,,1672,941,2146692,False,,,h-48 w-full object-cover
/tmp/epf-blog-image-html/blog_water-damaged-popcorn-ceiling-repair-remove-replace.html,/services/popcorn-ceiling-removal/3.webp,"Finished smooth white ceiling after repair, primer, and flat ceiling paint",,,380,507,71046,False,,,h-48 w-full object-cover
/tmp/epf-blog-image-html/blog_retape-or-replace-garage-drywall.html,/logo.png,EPF Pro Services,,,200,56,16050,False,,,h-auto w-36 shrink-0 object-contain sm:w-44 md:w-48
/tmp/epf-blog-image-html/blog_retape-or-replace-garage-drywall.html,/blog/retape-or-replace-garage-drywall-featured.webp,Impact damage in a lower garage drywall panel with intact surrounding walls,1600,900,1536,1024,91910,False,,,h-auto w-full object-cover
/tmp/epf-blog-image-html/blog_retape-or-replace-garage-drywall.html,/blog/retape-or-replace-garage-drywall-featured.webp,Impact damage in a lower garage drywall panel with intact surrounding walls,,,1536,1024,91910,False,,,h-48 w-full object-cover
/tmp/epf-blog-image-html/blog_retape-or-replace-garage-drywall.html,/blog/why-garage-drywall-tape-peels-featured.webp,Curled paper drywall tape along a garage wall joint beside a door track,,,1536,1024,51908,False,,,h-48 w-full object-cover
/tmp/epf-blog-image-html/blog_retape-or-replace-garage-drywall.html,/blog/garage-drywall-repair-cost-factors-featured.webp,Protected garage floor beneath several wall joint repairs and a ceiling patch,,,1536,1024,98870,False,,,h-48 w-full object-cover
/tmp/epf-blog-image-html/blog_what-happens-after-popcorn-ceiling-removal.html,/logo.png,Popcorn ceiling removal EPF Pro Services,,,200,56,16050,False,,,w-auto h-14 md:h-16 object-contain
/tmp/epf-blog-image-html/blog_what-happens-after-popcorn-ceiling-removal.html,/blog/popcrorn-removal-smooth.png,Smooth ceiling after popcorn ceiling removal and final finishing,,,666,1364,1669369,False,,,mx-auto max-h-[520px] w-full bg-slate-100 object-contain p-4 md:p-6
/tmp/epf-blog-image-html/blog_what-happens-after-popcorn-ceiling-removal.html,/blog/popcrorn-removal-smooth.png,Smooth ceiling after popcorn ceiling removal and final finishing,,,666,1364,1669369,False,,,h-48 w-full object-cover
/tmp/epf-blog-image-html/blog_what-happens-after-popcorn-ceiling-removal.html,/gallery/PopcornCeilingRemoval/popcorn-ceiling-removal5.jpg,Ceiling surface being smoothed after popcorn texture removal,,,500,667,228007,False,,,h-48 w-full object-cover
/tmp/epf-blog-image-html/blog_what-happens-after-popcorn-ceiling-removal.html,/gallery/PopcornCeilingRemoval/popcorn-ceiling-removal9.jpg,"Finished ceiling after popcorn removal, cleanup, and paint prep",,,500,667,113877,False,,,h-48 w-full object-cover
/tmp/epf-blog-image-html/blog_basement-drywall-taping-mudding-oakville.html,/logo.png,EPF Pro Services,,,200,56,16050,False,,,h-auto w-36 shrink-0 object-contain sm:w-44 md:w-48
/tmp/epf-blog-image-html/blog_basement-drywall-taping-mudding-oakville.html,/blog/basement-drywall-taping-mudding-oakville-featured.webp,Basement recreation room with taped drywall seams and daylight falling along a long wall,1600,900,1536,1024,84454,False,,,h-auto w-full object-cover
/tmp/epf-blog-image-html/blog_basement-drywall-taping-mudding-oakville.html,/blog/level-5-drywall-finishing-oakville-featured.png,Illustrative room with broad drywall finishing coats,768,432,1686,933,1782644,False,,,mb-4 aspect-video w-full rounded-lg object-cover
/tmp/epf-blog-image-html/blog_basement-drywall-taping-mudding-oakville.html,/blog/drywall-contractor-basement-renovation-mississauga-featured.png,Illustrative basement drywall with a long bulkhead and stair opening,768,432,1672,941,2011624,False,,,mb-4 aspect-video w-full rounded-lg object-cover
/tmp/epf-blog-image-html/blog_basement-drywall-taping-mudding-oakville.html,/blog/basement-drywall-taping-mudding-oakville-featured.webp,Basement recreation room with taped drywall seams and daylight falling along a long wall,,,1536,1024,84454,False,,,h-48 w-full object-cover
/tmp/epf-blog-image-html/blog_basement-drywall-taping-mudding-oakville.html,/blog/drywall-contractor-basement-renovation-mississauga-featured.png,"Illustrative basement with taped ceiling seams, a stair opening, and a long bulkhead",,,1672,941,2011624,False,,,h-48 w-full object-cover
/tmp/epf-blog-image-html/blog_basement-drywall-taping-mudding-oakville.html,/blog/level-5-drywall-finishing-oakville-featured.png,"Illustrative room with broad compound coats, protected flooring, and a drywall sanding tool",,,1686,933,1782644,False,,,h-48 w-full object-cover
/tmp/epf-blog-image-html/blog_baseboard-installation-guide-mississauga-gta.html,/logo.png,EPF Pro Services,,,200,56,16050,False,,,h-auto w-36 shrink-0 object-contain sm:w-44 md:w-48
/tmp/epf-blog-image-html/blog_baseboard-installation-guide-mississauga-gta.html,/gallery/baseboard-installation/baseboard-installation00001.jpg,Newly installed baseboards with perfect corners,,,464,469,68044,False,,,h-48 w-full object-cover
/tmp/epf-blog-image-html/blog_baseboard-installation-guide-mississauga-gta.html,/gallery/baseboard-installation/baseboard-installation00002.jpg,Baseboard replacement before and after comparison,,,481,471,58669,False,,,h-48 w-full object-cover
/tmp/epf-blog-image-html/blog_baseboard-installation-guide-mississauga-gta.html,/gallery/baseboard-installation/baseboard-installation00003.jpg,Professional baseboard installation in progress,,,492,472,58496,False,,,h-48 w-full object-cover
/tmp/epf-blog-image-html/blog_baseboard-installation-mississauga-cost-materials-guide.html,/logo.png,EPF Pro Services,,,200,56,16050,False,,,h-auto w-36 shrink-0 object-contain sm:w-44 md:w-48
/tmp/epf-blog-image-html/blog_baseboard-installation-mississauga-cost-materials-guide.html,/blog/baseboard-installation-mississauga-featured.png,New white baseboards being installed along a finished floor in a Mississauga home.,1600,900,1672,941,2232101,False,,,h-auto w-full object-cover
/tmp/epf-blog-image-html/blog_baseboard-installation-mississauga-cost-materials-guide.html,/blog/baseboard-installation-mississauga-featured.png,New white baseboards being installed along a finished floor in a Mississauga home.,,,1672,941,2232101,False,,,h-48 w-full object-cover
/tmp/epf-blog-image-html/blog_baseboard-installation-mississauga-cost-materials-guide.html,/gallery/baseboard-installation/baseboard-installation00001.jpg,Finished white baseboard installation along a clean interior wall.,,,464,469,68044,False,,,h-48 w-full object-cover
/tmp/epf-blog-image-html/blog_baseboard-installation-mississauga-cost-materials-guide.html,/gallery/baseboard-installation/baseboard-installation00002.jpg,Baseboard trim detail around an interior corner.,,,481,471,58669,False,,,h-48 w-full object-cover
/tmp/epf-blog-image-html/blog_baseboard-installation-mississauga-cost-materials-guide.html,/gallery/baseboard-installation/baseboard-installation00003.jpg,Baseboard installation beside finished flooring.,,,492,472,58496,False,,,h-48 w-full object-cover
/tmp/epf-blog-image-html/blog_drywall-hanging-taping-finishing-gta.html,/logo.png,EPF Pro Services,,,200,56,16050,False,,,h-auto w-36 shrink-0 object-contain sm:w-44 md:w-48
/tmp/epf-blog-image-html/blog_drywall-hanging-taping-finishing-gta.html,/services/drywall/1.webp,Drywall hanging stage in a GTA renovation,,,640,427,404646,False,,,mx-auto max-h-[520px] w-full bg-slate-100 object-contain p-4 md:p-6
/tmp/epf-blog-image-html/blog_drywall-hanging-taping-finishing-gta.html,/services/drywall/1.webp,Drywall hanging stage in a GTA renovation,,,640,427,404646,False,,,h-48 w-full object-cover
/tmp/epf-blog-image-html/blog_drywall-hanging-taping-finishing-gta.html,/gallery/drywall-repair/drywall-repair-service00003.webp,Drywall taping and sanding sequence in the GTA,,,240,320,29333,False,,,h-48 w-full object-cover
/tmp/epf-blog-image-html/blog_drywall-hanging-taping-finishing-gta.html,/gallery/drywall-installation/drywall-installation-hero.webp,Paint-ready drywall finish in the GTA,,,1529,900,454423,False,,,h-48 w-full object-cover
/tmp/epf-blog-image-html/blog_drywall-crack-repair-mississauga.html,/logo.png,EPF Pro Services,,,200,56,16050,False,,,h-auto w-36 shrink-0 object-contain sm:w-44 md:w-48
/tmp/epf-blog-image-html/blog_drywall-crack-repair-mississauga.html,/blog/drywall-crack-repair-mississauga.png,Drywall Crack Repair in Mississauga Homes and Condos,,,1672,941,1850798,False,,,mx-auto max-h-[520px] w-full bg-slate-100 object-contain p-4 md:p-6
/tmp/epf-blog-image-html/blog_drywall-crack-repair-mississauga.html,/gallery/drywall-repair/drywall-repair-service00001.webp,Mississauga drywall repair compound work on a wall patch,,,320,320,40781,False,,,h-48 w-full object-cover
/tmp/epf-blog-image-html/blog_drywall-crack-repair-mississauga.html,/gallery/drywall-repair/drywall-repair-service00002.webp,Ceiling drywall repair after leak damage in Mississauga,,,320,320,32773,False,,,h-48 w-full object-cover
/tmp/epf-blog-image-html/blog_drywall-crack-repair-mississauga.html,/gallery/drywall-repair/drywall-repair-service00003.webp,Paint-ready drywall repair finish after sanding and priming,,,240,320,29333,False,,,h-48 w-full object-cover
/tmp/epf-blog-image-html/blog_painted-vs-unpainted-popcorn-ceiling-removal-hamilton.html,/logo.png,Popcorn ceiling removal EPF Pro Services,,,200,56,16050,False,,,w-auto h-14 md:h-16 object-contain
/tmp/epf-blog-image-html/blog_painted-vs-unpainted-popcorn-ceiling-removal-hamilton.html,/blog/hamilton-popcorn-ceiling-removal.PNG,Painted vs unpainted popcorn ceiling removal in Hamilton,,,1024,1536,3134113,False,,,mx-auto max-h-[520px] w-full bg-slate-100 object-contain p-4 md:p-6
/tmp/epf-blog-image-html/blog_painted-vs-unpainted-popcorn-ceiling-removal-hamilton.html,/blog/hamilton-popcorn-ceiling-removal.PNG,Painted vs unpainted popcorn ceiling removal in Hamilton,,,1024,1536,3134113,False,,,h-48 w-full object-cover
/tmp/epf-blog-image-html/blog_painted-vs-unpainted-popcorn-ceiling-removal-hamilton.html,/gallery/PopcornCeilingRemoval/popcorn-ceiling-removal5.jpg,Hamilton ceiling smoothing after painted popcorn texture disruption,,,500,667,228007,False,,,h-48 w-full object-cover
/tmp/epf-blog-image-html/blog_painted-vs-unpainted-popcorn-ceiling-removal-hamilton.html,/gallery/PopcornCeilingRemoval/popcorn-ceiling-removal9.jpg,Smooth finished ceiling after popcorn ceiling removal in Hamilton,,,500,667,113877,False,,,h-48 w-full object-cover
/tmp/epf-blog-image-html/blog_commercial-drywall-installation-mississauga.html,/logo.png,EPF Pro Services,,,200,56,16050,False,,,h-auto w-36 shrink-0 object-contain sm:w-44 md:w-48
/tmp/epf-blog-image-html/blog_commercial-drywall-installation-mississauga.html,/gallery/drywall-repair/drywall-repair-service00005.webp,Commercial drywall installation for tenant buildout in Mississauga,,,148,320,25001,False,,,mx-auto max-h-[520px] w-full bg-slate-100 object-contain p-4 md:p-6
/tmp/epf-blog-image-html/blog_commercial-drywall-installation-mississauga.html,/gallery/drywall-repair/drywall-repair-service00005.webp,Commercial drywall installation for tenant buildout in Mississauga,,,148,320,25001,False,,,h-48 w-full object-cover
/tmp/epf-blog-image-html/blog_commercial-drywall-installation-mississauga.html,/services/drywall/1.webp,Office drywall hanging and finishing in Mississauga,,,640,427,404646,False,,,h-48 w-full object-cover
/tmp/epf-blog-image-html/blog_commercial-drywall-installation-mississauga.html,/services/drywall/6.webp,Finished commercial drywall space ready for paint,,,640,427,344207,False,,,h-48 w-full object-cover
/tmp/epf-blog-image-html/blog_interior-painting-oakville-premium-finish-prep-guide.html,/logo.png,EPF Pro Services,,,200,56,16050,False,,,h-auto w-36 shrink-0 object-contain sm:w-44 md:w-48
/tmp/epf-blog-image-html/blog_interior-painting-oakville-premium-finish-prep-guide.html,/blog/interior-painting-oakville-premium-prep-featured.png,Interior Painting in Oakville: Premium Finish Starts With Prep,1600,900,1774,887,2124140,False,,,h-auto w-full object-cover
/tmp/epf-blog-image-html/blog_interior-painting-oakville-premium-finish-prep-guide.html,/services/painting/3.webp,Oakville interior painting setup with wall preparation and protected floor.,,,1536,1024,3084958,False,,,h-48 w-full object-cover
/tmp/epf-blog-image-html/blog_interior-painting-oakville-premium-finish-prep-guide.html,/services/painting/5.webp,Smooth painted interior wall with clean trim detail.,,,1024,1024,1836703,False,,,h-48 w-full object-cover
/tmp/epf-blog-image-html/blog_interior-painting-oakville-premium-finish-prep-guide.html,/services/painting/6.webp,Finished painted room with clean ceiling and wall transitions.,,,1024,1024,1851762,False,,,h-48 w-full object-cover
/tmp/epf-blog-image-html/blog_level-4-vs-level-5-drywall-finish-gta.html,/logo.png,EPF Pro Services,,,200,56,16050,False,,,h-auto w-36 shrink-0 object-contain sm:w-44 md:w-48
/tmp/epf-blog-image-html/blog_level-4-vs-level-5-drywall-finish-gta.html,/gallery/drywall-repair/drywall-repair-service00003.webp,Drywall finishing stage before a Level 5 result,,,240,320,29333,False,,,mx-auto max-h-[520px] w-full bg-slate-100 object-contain p-4 md:p-6
/tmp/epf-blog-image-html/blog_level-4-vs-level-5-drywall-finish-gta.html,/gallery/drywall-repair/drywall-repair-service00003.webp,Drywall finishing stage before a Level 5 result,,,240,320,29333,False,,,h-48 w-full object-cover
/tmp/epf-blog-image-html/blog_level-4-vs-level-5-drywall-finish-gta.html,/services/drywall/6.webp,Smooth drywall finish in a bright GTA room,,,640,427,344207,False,,,h-48 w-full object-cover
/tmp/epf-blog-image-html/blog_level-4-vs-level-5-drywall-finish-gta.html,/gallery/drywall-installation/drywall-installation-hero.webp,Straight drywall walls and ceilings with premium finish quality,,,1529,900,454423,False,,,h-48 w-full object-cover
/tmp/epf-blog-image-html/blog_drywall-repair-cost-grimsby.html,/logo.png,EPF Pro Services,,,200,56,16050,False,,,h-auto w-36 shrink-0 object-contain sm:w-44 md:w-48
/tmp/epf-blog-image-html/blog_drywall-repair-cost-grimsby.html,/blog/drywall-repair-cost-grimsby-featured.png,Small drywall holes and patch repair setup in a Grimsby-style home,1600,900,1672,941,1777371,False,,,h-auto w-full object-cover
/tmp/epf-blog-image-html/blog_drywall-repair-cost-grimsby.html,/blog/drywall-repair-cost-grimsby-featured.png,Small drywall holes and patch repair setup in a Grimsby-style home,,,1672,941,1777371,False,,,h-48 w-full object-cover
/tmp/epf-blog-image-html/blog_drywall-repair-cost-grimsby.html,/gallery/drywall-repair/drywall-repair-service00002.webp,Drywall repair area prepared before compound and sanding,,,320,320,32773,False,,,h-48 w-full object-cover
/tmp/epf-blog-image-html/blog_drywall-repair-cost-grimsby.html,/gallery/drywall-repair/drywall-repair-service00003.webp,Smooth drywall compound finish before painting,,,240,320,29333,False,,,h-48 w-full object-cover
/tmp/epf-blog-image-html/blog_how-to-prepare-for-popcorn-ceiling-removal-hamilton.html,/logo.png,Popcorn ceiling removal EPF Pro Services,,,200,56,16050,False,,,w-auto h-14 md:h-16 object-contain
/tmp/epf-blog-image-html/blog_how-to-prepare-for-popcorn-ceiling-removal-hamilton.html,/blog/popcorn-ceiling-removal-tools.png,How to Prepare Your Home for Popcorn Ceiling Removal in Hamilton,,,666,1364,1516542,False,,,mx-auto max-h-[520px] w-full bg-slate-100 object-contain p-4 md:p-6
/tmp/epf-blog-image-html/blog_how-to-prepare-for-popcorn-ceiling-removal-hamilton.html,/blog/image.png,Hamilton popcorn ceiling removal preparation with covered room and clear ceiling access,,,1366,908,2097865,False,,,h-48 w-full object-cover
/tmp/epf-blog-image-html/blog_how-to-prepare-for-popcorn-ceiling-removal-hamilton.html,/gallery/PopcornCeilingRemoval/popcorn-ceiling-removal5.jpg,Hamilton ceiling smoothing after popcorn removal prep,,,500,667,228007,False,,,h-48 w-full object-cover
/tmp/epf-blog-image-html/blog_how-to-prepare-for-popcorn-ceiling-removal-hamilton.html,/gallery/PopcornCeilingRemoval/popcorn-ceiling-removal9.jpg,Finished smooth ceiling after popcorn ceiling removal in Hamilton,,,500,667,113877,False,,,h-48 w-full object-cover
/tmp/epf-blog-image-html/blog_basement-drywall-contractor-hamilton.html,/logo.png,EPF Pro Services,,,200,56,16050,False,,,h-auto w-36 shrink-0 object-contain sm:w-44 md:w-48
/tmp/epf-blog-image-html/blog_basement-drywall-contractor-hamilton.html,/blog/basement-drywall-contractor-hamilton-featured.png,"Hamilton basement with drywall board installed, protected floor, and taping tools ready for finishing.",1600,900,1662,946,1840279,False,,,h-auto w-full object-cover
/tmp/epf-blog-image-html/blog_basement-drywall-contractor-hamilton.html,/blog/basement-drywall-contractor-hamilton-featured.png,"Hamilton basement with drywall board installed, protected floor, and taping tools ready for finishing.",,,1662,946,1840279,False,,,h-48 w-full object-cover
/tmp/epf-blog-image-html/blog_basement-drywall-contractor-hamilton.html,/gallery/drywall-installation/drywall-installation-hero.webp,Drywall board installation before taping and finishing,,,1529,900,454423,False,,,h-48 w-full object-cover
/tmp/epf-blog-image-html/blog_basement-drywall-contractor-hamilton.html,/gallery/drywall-repair/drywall-repair-service00003.webp,Drywall taping and compound work before sanding,,,240,320,29333,False,,,h-48 w-full object-cover
/tmp/epf-blog-image-html/blog_drywall-repair-drying-time-before-primer-paint.html,/logo.png,EPF Pro Services,,,200,56,16050,False,,,h-auto w-36 shrink-0 object-contain sm:w-44 md:w-48
/tmp/epf-blog-image-html/blog_drywall-repair-drying-time-before-primer-paint.html,/blog/drywall-repair-drying-time-featured.png,Drywall finishing stages drying in a protected Ontario room with HEPA sanding equipment,1600,900,1536,1024,2205129,False,,,h-auto w-full object-cover
/tmp/epf-blog-image-html/blog_drywall-repair-drying-time-before-primer-paint.html,/blog/drywall-repair-drying-time-featured.png,Drywall finishing stages drying in a protected Ontario room with HEPA sanding equipment,,,1536,1024,2205129,False,,,h-48 w-full object-cover
/tmp/epf-blog-image-html/blog_drywall-repair-drying-time-before-primer-paint.html,/gallery/drywall-installation/drywall-installation-hero.webp,New drywall joints taped and coated before the next finishing stage,,,1529,900,454423,False,,,h-48 w-full object-cover
/tmp/epf-blog-image-html/blog_drywall-repair-drying-time-before-primer-paint.html,/blog/popcorn-ceiling-removal-timeline-skim-coat-drying.png,Ceiling skim coat drying before sanding and primer,,,1536,1024,2057866,False,,,h-48 w-full object-cover
/tmp/epf-blog-image-html/blog_interior-painting-sheen-guide.html,/logo.png,EPF Pro Services,,,200,56,16050,False,,,h-auto w-36 shrink-0 object-contain sm:w-44 md:w-48
/tmp/epf-blog-image-html/blog_interior-painting-sheen-guide.html,/services/painting/1.webp,Interior painting room preparation with protected floors and trim,,,1024,1024,1913035,False,,,h-48 w-full object-cover
/tmp/epf-blog-image-html/blog_interior-painting-sheen-guide.html,/services/painting/3.webp,Freshly painted interior wall with clean trim lines,,,1536,1024,3084958,False,,,h-48 w-full object-cover
/tmp/epf-blog-image-html/blog_interior-painting-sheen-guide.html,/services/painting/6.webp,Finished interior painting with clean wall and ceiling transitions,,,1024,1024,1851762,False,,,h-48 w-full object-cover
/tmp/epf-blog-image-html/blog_popcorn-ceiling-removal-with-pot-lights-mississauga.html,/logo.png,Popcorn ceiling removal EPF Pro Services,,,200,56,16050,False,,,w-auto h-14 md:h-16 object-contain
/tmp/epf-blog-image-html/blog_popcorn-ceiling-removal-with-pot-lights-mississauga.html,/blog/popcorn-ceiling-removal-with-pot-lights-mississauga-featured.png,Contractor inspecting a smooth ceiling around pot lights after popcorn removal,1600,900,1672,941,1817340,False,,,h-auto w-full object-cover
/tmp/epf-blog-image-html/blog_popcorn-ceiling-removal-with-pot-lights-mississauga.html,/blog/popcorn-ceiling-removal-with-pot-lights-mississauga-featured.png,Contractor inspecting a smooth ceiling around pot lights after popcorn removal,,,1672,941,1817340,False,,,h-48 w-full object-cover
/tmp/epf-blog-image-html/blog_popcorn-ceiling-removal-with-pot-lights-mississauga.html,/services/popcorn-ceiling-removal/2.webp,Skim coating a ceiling before pot light finish checks,,,380,507,96554,False,,,h-48 w-full object-cover
/tmp/epf-blog-image-html/blog_popcorn-ceiling-removal-with-pot-lights-mississauga.html,/services/popcorn-ceiling-removal/6.webp,Finished smooth ceiling after popcorn removal and paint,,,432,288,205502,False,,,h-48 w-full object-cover
/tmp/epf-blog-image-html/blog_oakville-popcorn-ceiling-removal-guide.html,/logo.png,Popcorn ceiling removal EPF Pro Services,,,200,56,16050,False,,,w-auto h-14 md:h-16 object-contain
/tmp/epf-blog-image-html/blog_oakville-popcorn-ceiling-removal-guide.html,/services/popcorn-ceiling-removal/1.webp,Bronte Oakville popcorn ceiling removal before and after photo,,,428,571,134273,False,,,h-48 w-full object-cover
/tmp/epf-blog-image-html/blog_oakville-popcorn-ceiling-removal-guide.html,/services/popcorn-ceiling-removal/2.webp,HEPA dust containment during Oakville popcorn ceiling removal,,,380,507,96554,False,,,h-48 w-full object-cover
/tmp/epf-blog-image-html/blog_oakville-popcorn-ceiling-removal-guide.html,/services/popcorn-ceiling-removal/3.webp,Oakville Level 5 skim coat inspection under light,,,380,507,71046,False,,,h-48 w-full object-cover
/tmp/epf-blog-image-html/blog_popcorn-ceiling-removal-cost-oakville.html,/logo.png,Popcorn ceiling removal EPF Pro Services,,,200,56,16050,False,,,w-auto h-14 md:h-16 object-contain
/tmp/epf-blog-image-html/blog_popcorn-ceiling-removal-cost-oakville.html,/blog/popcorn-ceiling-removal-cost-oakville-featured.png,Protected Oakville living room prepared for popcorn ceiling removal cost assessment,1600,900,1672,941,2074175,False,,,h-auto w-full object-cover
/tmp/epf-blog-image-html/blog_popcorn-ceiling-removal-cost-oakville.html,/blog/popcorn-ceiling-removal-cost-oakville-featured.png,Protected Oakville living room prepared for popcorn ceiling removal cost assessment,,,1672,941,2074175,False,,,h-48 w-full object-cover
/tmp/epf-blog-image-html/blog_popcorn-ceiling-removal-cost-oakville.html,/services/popcorn-ceiling-removal/1.webp,Protected room before popcorn ceiling removal in Oakville,,,428,571,134273,False,,,h-48 w-full object-cover
/tmp/epf-blog-image-html/blog_popcorn-ceiling-removal-cost-oakville.html,/blog/hepa-sanding-containment-smooth-ceiling.png,HEPA dust control setup for smooth ceiling sanding,,,1672,941,1925997,False,,,h-48 w-full object-cover
/tmp/epf-blog-image-html/blog_commercial-fit-out-drywall-project-burlington.html,/logo.png,EPF Pro Services,,,200,56,16050,False,,,h-auto w-36 shrink-0 object-contain sm:w-44 md:w-48
/tmp/epf-blog-image-html/blog_commercial-fit-out-drywall-project-burlington.html,/gallery/drywall-repair/drywall-repair-service00005.webp,Commercial fit-out drywall project in Burlington,,,148,320,25001,False,,,mx-auto max-h-[520px] w-full bg-slate-100 object-contain p-4 md:p-6
/tmp/epf-blog-image-html/blog_commercial-fit-out-drywall-project-burlington.html,/gallery/drywall-repair/drywall-repair-service00005.webp,Commercial fit-out drywall project in Burlington,,,148,320,25001,False,,,h-48 w-full object-cover
/tmp/epf-blog-image-html/blog_commercial-fit-out-drywall-project-burlington.html,/services/drywall/1.webp,Burlington commercial drywall finishing project,,,640,427,404646,False,,,h-48 w-full object-cover
/tmp/epf-blog-image-html/blog_commercial-fit-out-drywall-project-burlington.html,/services/drywall/6.webp,Completed Burlington commercial drywall project,,,640,427,344207,False,,,h-48 w-full object-cover
/tmp/epf-blog-image-html/blog_drywall-repair-after-plumbing-electrical-work.html,/logo.png,EPF Pro Services,,,200,56,16050,False,,,h-auto w-36 shrink-0 object-contain sm:w-44 md:w-48
/tmp/epf-blog-image-html/blog_drywall-repair-after-plumbing-electrical-work.html,/blog/drywall-repair-after-electrical-plumbing-mississauga.png,drywall patch after plumbing repair,,,1672,941,1805745,False,,,mx-auto max-h-[520px] w-full bg-slate-100 object-contain p-4 md:p-6
/tmp/epf-blog-image-html/blog_drywall-repair-after-plumbing-electrical-work.html,/blog/drywall-repair-after-electrical-plumbing-mississauga.png,drywall patch after plumbing repair,,,1672,941,1805745,False,,,h-48 w-full object-cover
/tmp/epf-blog-image-html/blog_drywall-repair-after-plumbing-electrical-work.html,/gallery/drywall-repair/drywall-repair-service00004.webp,smooth drywall finishing before painting,,,240,320,35083,False,,,h-48 w-full object-cover
/tmp/epf-blog-image-html/blog_drywall-repair-after-plumbing-electrical-work.html,/gallery/drywall-repair/drywall-repair-service00002.webp,Burlington ceiling drywall repair after leak,,,320,320,32773,False,,,h-48 w-full object-cover
/tmp/epf-blog-image-html/blog_basement-drywall-taping-mudding-hamilton.html,/logo.png,EPF Pro Services,,,200,56,16050,False,,,h-auto w-36 shrink-0 object-contain sm:w-44 md:w-48
/tmp/epf-blog-image-html/blog_basement-drywall-taping-mudding-hamilton.html,/blog/basement-drywall-taping-mudding-hamilton-featured.webp,Boarded basement walls and ceiling with taped joints around a boxed column and bulkhead,1600,900,1536,1024,63372,False,,,h-auto w-full object-cover
/tmp/epf-blog-image-html/blog_basement-drywall-taping-mudding-hamilton.html,/blog/drywall-contractor-basement-renovation-mississauga-featured.png,Illustrative basement board installation and taped ceiling,768,432,1672,941,2011624,False,,,mb-4 aspect-video w-full rounded-lg object-cover
/tmp/epf-blog-image-html/blog_basement-drywall-taping-mudding-hamilton.html,/blog/level-5-drywall-finishing-oakville-featured.png,Illustrative room with drywall finishing materials and protected floors,768,432,1686,933,1782644,False,,,mb-4 aspect-video w-full rounded-lg object-cover
/tmp/epf-blog-image-html/blog_basement-drywall-taping-mudding-hamilton.html,/blog/basement-drywall-taping-mudding-hamilton-featured.webp,Boarded basement walls and ceiling with taped joints around a boxed column and bulkhead,,,1536,1024,63372,False,,,h-48 w-full object-cover
/tmp/epf-blog-image-html/blog_basement-drywall-taping-mudding-hamilton.html,/blog/drywall-contractor-basement-renovation-mississauga-featured.png,"Illustrative basement with taped ceiling seams, a stair opening, and a long bulkhead",,,1672,941,2011624,False,,,h-48 w-full object-cover
/tmp/epf-blog-image-html/blog_basement-drywall-taping-mudding-hamilton.html,/blog/level-5-drywall-finishing-oakville-featured.png,"Illustrative room with broad compound coats, protected flooring, and a drywall sanding tool",,,1686,933,1782644,False,,,h-48 w-full object-cover
/tmp/epf-blog-image-html/blog_interior-painting-burlington-walls-trim-ceilings-guide.html,/logo.png,EPF Pro Services,,,200,56,16050,False,,,h-auto w-36 shrink-0 object-contain sm:w-44 md:w-48
/tmp/epf-blog-image-html/blog_interior-painting-burlington-walls-trim-ceilings-guide.html,/blog/interior-painting-burlington-walls-trim-ceilings-featured.png,"Interior Painting in Burlington: Walls, Trim, Ceilings, and Prep",1600,900,1693,929,2290613,False,,,h-auto w-full object-cover
/tmp/epf-blog-image-html/blog_interior-painting-burlington-walls-trim-ceilings-guide.html,/services/painting/2.webp,Burlington interior wall prepared for painting with protected trim.,,,1024,1024,1958531,False,,,h-48 w-full object-cover
/tmp/epf-blog-image-html/blog_interior-painting-burlington-walls-trim-ceilings-guide.html,/services/painting/4.webp,Interior painting detail with clean trim and wall finish.,,,1024,1536,2186185,False,,,h-48 w-full object-cover
/tmp/epf-blog-image-html/blog_interior-painting-burlington-walls-trim-ceilings-guide.html,/services/painting/5.webp,Freshly painted interior space with smooth wall finish.,,,1024,1024,1836703,False,,,h-48 w-full object-cover
/tmp/epf-blog-image-html/blog_painted-popcorn-ceiling-removal-scrape-or-skim-coat.html,/logo.png,Popcorn ceiling removal EPF Pro Services,,,200,56,16050,False,,,w-auto h-14 md:h-16 object-contain
/tmp/epf-blog-image-html/blog_painted-popcorn-ceiling-removal-scrape-or-skim-coat.html,/blog/painted-popcorn-ceiling-before-removal.png,Protected room with painted popcorn ceiling before removal,1600,900,1536,1024,2943011,False,,,h-auto w-full object-cover
/tmp/epf-blog-image-html/blog_painted-popcorn-ceiling-removal-scrape-or-skim-coat.html,/blog/painted-popcorn-ceiling-before-removal.png,Protected room with painted popcorn ceiling before removal,,,1536,1024,2943011,False,,,w-full
/tmp/epf-blog-image-html/blog_painted-popcorn-ceiling-removal-scrape-or-skim-coat.html,/blog/painted-popcorn-ceiling-skim-coat-process.png,Skim coating process after painted popcorn ceiling prep,,,1536,1024,2541625,False,,,w-full
/tmp/epf-blog-image-html/blog_painted-popcorn-ceiling-removal-scrape-or-skim-coat.html,/blog/painted-popcorn-ceiling-after-flat-finish.png,Finished smooth flat ceiling after painted popcorn ceiling removal,,,1536,1024,2076632,False,,,w-full
/tmp/epf-blog-image-html/blog_painted-popcorn-ceiling-removal-scrape-or-skim-coat.html,/blog/painted-popcorn-ceiling-before-removal.png,Protected room with painted popcorn ceiling before removal,,,1536,1024,2943011,False,,,h-48 w-full object-cover
/tmp/epf-blog-image-html/blog_painted-popcorn-ceiling-removal-scrape-or-skim-coat.html,/blog/painted-popcorn-ceiling-skim-coat-process.png,Skim coating process after painted popcorn ceiling prep,,,1536,1024,2541625,False,,,h-48 w-full object-cover
/tmp/epf-blog-image-html/blog_painted-popcorn-ceiling-removal-scrape-or-skim-coat.html,/blog/painted-popcorn-ceiling-after-flat-finish.png,Finished smooth flat ceiling after painted popcorn ceiling removal,,,1536,1024,2076632,False,,,h-48 w-full object-cover
/tmp/epf-blog-image-html/blog_how-long-does-popcorn-ceiling-removal-take.html,/logo.png,Popcorn ceiling removal EPF Pro Services,,,200,56,16050,False,,,w-auto h-14 md:h-16 object-contain
/tmp/epf-blog-image-html/blog_how-long-does-popcorn-ceiling-removal-take.html,/blog/popcorn-ceiling-removal-time.png,Popcorn ceiling removal timeline guide for homeowners,,,666,1364,1681806,False,,,mx-auto max-h-[520px] w-full bg-slate-100 object-contain p-4 md:p-6
/tmp/epf-blog-image-html/blog_how-long-does-popcorn-ceiling-removal-take.html,/blog/popcorn-ceiling-removal-time.png,Popcorn ceiling removal timeline guide for homeowners,,,666,1364,1681806,False,,,h-48 w-full object-cover
/tmp/epf-blog-image-html/blog_how-long-does-popcorn-ceiling-removal-take.html,/gallery/PopcornCeilingRemoval/popcorn-ceiling-removal5.jpg,Ceiling smoothing stage after popcorn ceiling texture comes down,,,500,667,228007,False,,,h-48 w-full object-cover
/tmp/epf-blog-image-html/blog_how-long-does-popcorn-ceiling-removal-take.html,/gallery/PopcornCeilingRemoval/popcorn-ceiling-removal9.jpg,Finished smooth ceiling after popcorn ceiling removal and paint prep,,,500,667,113877,False,,,h-48 w-full object-cover
/tmp/epf-blog-image-html/blog_drywall-repair-cost-burlington.html,/logo.png,EPF Pro Services,,,200,56,16050,False,,,h-auto w-36 shrink-0 object-contain sm:w-44 md:w-48
/tmp/epf-blog-image-html/blog_drywall-repair-cost-burlington.html,/blog/drywall-repair-cost-burlington-featured.png,Drywall repair cost guide image showing wall and ceiling patches in a Burlington-style home,1600,900,1672,941,1965816,False,,,h-auto w-full object-cover
/tmp/epf-blog-image-html/blog_drywall-repair-cost-burlington.html,/blog/drywall-repair-cost-burlington-featured.png,Drywall repair cost guide image showing wall and ceiling patches in a Burlington-style home,,,1672,941,1965816,False,,,h-48 w-full object-cover
/tmp/epf-blog-image-html/blog_drywall-repair-cost-burlington.html,/gallery/drywall-repair/drywall-repair-service00002.webp,Drywall repair area prepared before compound and sanding,,,320,320,32773,False,,,h-48 w-full object-cover
/tmp/epf-blog-image-html/blog_drywall-repair-cost-burlington.html,/gallery/drywall-repair/drywall-repair-service00003.webp,Smooth drywall compound finish before painting,,,240,320,29333,False,,,h-48 w-full object-cover
/tmp/epf-blog-image-html/blog_skim-coating-after-popcorn-ceiling-removal-mississauga.html,/logo.png,Popcorn ceiling removal EPF Pro Services,,,200,56,16050,False,,,w-auto h-14 md:h-16 object-contain
/tmp/epf-blog-image-html/blog_skim-coating-after-popcorn-ceiling-removal-mississauga.html,/blog/skim-coating-after-popcorn-ceiling-removal-mississauga-featured.png,Contractor skim coating a ceiling after popcorn removal in Mississauga,1600,900,1672,941,2529238,False,,,h-auto w-full object-cover
/tmp/epf-blog-image-html/blog_skim-coating-after-popcorn-ceiling-removal-mississauga.html,/blog/skim-coating-after-popcorn-ceiling-removal-mississauga-featured.png,Contractor skim coating a ceiling after popcorn removal in Mississauga,,,1672,941,2529238,False,,,h-48 w-full object-cover
/tmp/epf-blog-image-html/blog_skim-coating-after-popcorn-ceiling-removal-mississauga.html,/services/popcorn-ceiling-removal/3.webp,Finished smooth ceiling after skim coating and paint,,,380,507,71046,False,,,h-48 w-full object-cover
/tmp/epf-blog-image-html/blog_skim-coating-after-popcorn-ceiling-removal-mississauga.html,/blog/hepa-sanding-containment-smooth-ceiling.png,Dust-controlled sanding after ceiling skim coating,,,1672,941,1925997,False,,,h-48 w-full object-cover
/tmp/epf-blog-image-html/blog_7-popcorn-ceiling-removal-mistakes-that-make-final-ceiling-look-worse.html,/logo.png,Popcorn ceiling removal EPF Pro Services,,,200,56,16050,False,,,w-auto h-14 md:h-16 object-contain
/tmp/epf-blog-image-html/blog_7-popcorn-ceiling-removal-mistakes-that-make-final-ceiling-look-worse.html,/blog/popcorn-ceiling-removal-mistakes-damaged-ceiling.png,Popcorn ceiling removal mistakes causing gouges and uneven finish,1600,900,1536,1024,2952106,False,,,h-auto w-full object-cover
/tmp/epf-blog-image-html/blog_7-popcorn-ceiling-removal-mistakes-that-make-final-ceiling-look-worse.html,/blog/popcorn-ceiling-removal-mistakes-damaged-ceiling.png,Damaged popcorn ceiling removal project with gouges and uneven drywall after scraping,,,1536,1024,2952106,False,,,w-full
/tmp/epf-blog-image-html/blog_7-popcorn-ceiling-removal-mistakes-that-make-final-ceiling-look-worse.html,/blog/popcorn-ceiling-removal-mistakes-damaged-ceiling.png,Popcorn ceiling removal mistakes causing gouges and uneven finish,,,1536,1024,2952106,False,,,h-48 w-full object-cover
/tmp/epf-blog-image-html/blog_garage-drywall-seams-cracking.html,/logo.png,EPF Pro Services,,,200,56,16050,False,,,h-auto w-36 shrink-0 object-contain sm:w-44 md:w-48
/tmp/epf-blog-image-html/blog_garage-drywall-seams-cracking.html,/blog/garage-drywall-seams-cracking-featured.webp,Narrow vertical seam crack on a gray painted garage wall,1600,900,1536,1024,70326,False,,,h-auto w-full object-cover
/tmp/epf-blog-image-html/blog_garage-drywall-seams-cracking.html,/blog/garage-drywall-seams-cracking-featured.webp,Narrow vertical seam crack on a gray painted garage wall,,,1536,1024,70326,False,,,h-48 w-full object-cover
/tmp/epf-blog-image-html/blog_garage-drywall-seams-cracking.html,/blog/why-garage-drywall-tape-peels-featured.webp,Curled paper drywall tape along a garage wall joint beside a door track,,,1536,1024,51908,False,,,h-48 w-full object-cover
/tmp/epf-blog-image-html/blog_garage-drywall-seams-cracking.html,/blog/garage-drywall-tape-repair-keeps-failing-featured.webp,Reopened vertical garage wall seam through a wider older painted patch,,,1536,1024,98184,False,,,h-48 w-full object-cover
/tmp/epf-blog-image-html/blog_popcorn-ceiling-removal-cost.html,/logo.png,Popcorn ceiling removal EPF Pro Services,,,200,56,16050,False,,,w-auto h-14 md:h-16 object-contain
/tmp/epf-blog-image-html/blog_popcorn-ceiling-removal-cost.html,/gallery/popcorn-ceiling-removal.jpeg,Popcorn Ceiling Removal Cost,,,480,640,75580,False,,,mx-auto max-h-[520px] w-full bg-slate-100 object-contain p-4 md:p-6
/tmp/epf-blog-image-html/blog_popcorn-ceiling-removal-cost.html,/services/popcorn-ceiling-removal/1.webp,Popcorn ceiling removal containment setup before project start,,,428,571,134273,False,,,h-48 w-full object-cover
/tmp/epf-blog-image-html/blog_popcorn-ceiling-removal-cost.html,/services/popcorn-ceiling-removal/2.webp,Fresh skim coat on ceiling after popcorn texture removal,,,380,507,96554,False,,,h-48 w-full object-cover
/tmp/epf-blog-image-html/blog_popcorn-ceiling-removal-cost.html,/services/popcorn-ceiling-removal/3.webp,Smooth finished ceiling after popcorn removal project in the GTA,,,380,507,71046,False,,,h-48 w-full object-cover
/tmp/epf-blog-image-html/blog_toronto-leslieville-transform-your-space-the-benefits-of-popcorn-ceiling-removal-1763412835685.html,/logo.png,Popcorn ceiling removal EPF Pro Services,,,200,56,16050,False,,,w-auto h-14 md:h-16 object-contain
/tmp/epf-blog-image-html/blog_toronto-leslieville-transform-your-space-the-benefits-of-popcorn-ceiling-removal-1763412835685.html,/services/popcorn-ceiling-removal/1.webp,Living room transformation after popcorn ceiling removal.,,,428,571,134273,False,,,h-48 w-full object-cover
/tmp/epf-blog-image-html/blog_toronto-leslieville-transform-your-space-the-benefits-of-popcorn-ceiling-removal-1763412835685.html,/services/popcorn-ceiling-removal/2.webp,Protective prep work before popcorn ceiling removal.,,,380,507,96554,False,,,h-48 w-full object-cover
/tmp/epf-blog-image-html/blog_toronto-leslieville-transform-your-space-the-benefits-of-popcorn-ceiling-removal-1763412835685.html,/services/popcorn-ceiling-removal/3.webp,Post-removal cleanup and tools.,,,380,507,71046,False,,,h-48 w-full object-cover
/tmp/epf-blog-image-html/blog_what-are-popcorn-ceilings.html,/logo.png,Popcorn ceiling removal EPF Pro Services,,,200,56,16050,False,,,w-auto h-14 md:h-16 object-contain
/tmp/epf-blog-image-html/blog_what-are-popcorn-ceilings.html,/blog/what-is-popcorn-ceiling.PNG,Close look at a popcorn ceiling texture,,,640,427,619976,False,,,mx-auto max-h-[520px] w-full bg-slate-100 object-contain p-4 md:p-6
/tmp/epf-blog-image-html/blog_what-are-popcorn-ceilings.html,/blog/what-is-popcorn-ceiling.PNG,What a popcorn ceiling looks like in an older home,,,640,427,619976,False,,,w-full
/tmp/epf-blog-image-html/blog_what-are-popcorn-ceilings.html,/blog/what-is-popcorn-ceiling.PNG,Close look at a popcorn ceiling texture,,,640,427,619976,False,,,h-48 w-full object-cover
/tmp/epf-blog-image-html/blog_what-are-popcorn-ceilings.html,/services/popcorn-ceiling-removal/2.webp,Ceiling skim coat after popcorn ceiling removal,,,380,507,96554,False,,,h-48 w-full object-cover
/tmp/epf-blog-image-html/blog_what-are-popcorn-ceilings.html,/services/popcorn-ceiling-removal/3.webp,Smooth ceiling finish after popcorn ceiling removal,,,380,507,71046,False,,,h-48 w-full object-cover
/tmp/epf-blog-image-html/blog_popcorn-ceiling-removal-hamilton-local-guide.html,/logo.png,Popcorn ceiling removal EPF Pro Services,,,200,56,16050,False,,,w-auto h-14 md:h-16 object-contain
/tmp/epf-blog-image-html/blog_popcorn-ceiling-removal-hamilton-local-guide.html,/blog/popcorn-ceiling-removal-hamilton-local-guide-featured.png,Contractor using dust control during popcorn ceiling removal in a protected Hamilton room,1600,900,1536,1024,2591250,False,,,h-auto w-full object-cover
/tmp/epf-blog-image-html/blog_popcorn-ceiling-removal-hamilton-local-guide.html,/blog/popcorn-ceiling-removal-hamilton-local-guide-featured.png,Contractor using dust control during popcorn ceiling removal in a protected Hamilton room,,,1536,1024,2591250,False,,,h-48 w-full object-cover
/tmp/epf-blog-image-html/blog_popcorn-ceiling-removal-hamilton-local-guide.html,/services/popcorn-ceiling-removal/1.webp,Protected room before popcorn ceiling removal in Hamilton,,,428,571,134273,False,,,h-48 w-full object-cover
/tmp/epf-blog-image-html/blog_popcorn-ceiling-removal-hamilton-local-guide.html,/blog/hepa-sanding-containment-smooth-ceiling.png,HEPA sanding setup for smooth ceiling refinishing in Hamilton,,,1672,941,1925997,False,,,h-48 w-full object-cover
/tmp/epf-blog-image-html/blog_popcorn-ceiling-removal-hamilton-local-guide.html,/services/popcorn-ceiling-removal/3.webp,Finished smooth ceiling after popcorn ceiling removal in a Hamilton-area home,,,380,507,71046,False,,,h-48 w-full object-cover
/tmp/epf-blog-image-html/blog_basement-drywall-taping-mudding-grimsby.html,/logo.png,EPF Pro Services,,,200,56,16050,False,,,h-auto w-36 shrink-0 object-contain sm:w-44 md:w-48
/tmp/epf-blog-image-html/blog_basement-drywall-taping-mudding-grimsby.html,/blog/basement-drywall-taping-mudding-grimsby-featured.webp,Basement drywall finishing around a doorway and short partition beside a storage area,1600,900,1536,1024,92864,False,,,h-auto w-full object-cover
/tmp/epf-blog-image-html/blog_basement-drywall-taping-mudding-grimsby.html,/blog/drywall-contractor-basement-renovation-mississauga-featured.png,Illustrative basement drywall around a doorway and stair area,768,432,1672,941,2011624,False,,,mb-4 aspect-video w-full rounded-lg object-cover
/tmp/epf-blog-image-html/blog_basement-drywall-taping-mudding-grimsby.html,/blog/level-5-drywall-finishing-oakville-featured.png,Illustrative room with broad drywall surface preparation,768,432,1686,933,1782644,False,,,mb-4 aspect-video w-full rounded-lg object-cover
/tmp/epf-blog-image-html/blog_basement-drywall-taping-mudding-grimsby.html,/blog/basement-drywall-taping-mudding-grimsby-featured.webp,Basement drywall finishing around a doorway and short partition beside a storage area,,,1536,1024,92864,False,,,h-48 w-full object-cover
/tmp/epf-blog-image-html/blog_basement-drywall-taping-mudding-grimsby.html,/blog/drywall-contractor-basement-renovation-mississauga-featured.png,"Illustrative basement with taped ceiling seams, a stair opening, and a long bulkhead",,,1672,941,2011624,False,,,h-48 w-full object-cover
/tmp/epf-blog-image-html/blog_basement-drywall-taping-mudding-grimsby.html,/blog/level-5-drywall-finishing-oakville-featured.png,"Illustrative room with broad compound coats, protected flooring, and a drywall sanding tool",,,1686,933,1782644,False,,,h-48 w-full object-cover
/tmp/epf-blog-image-html/blog_interior-painting-ancaster-older-home-prep-guide.html,/logo.png,EPF Pro Services,,,200,56,16050,False,,,h-auto w-36 shrink-0 object-contain sm:w-44 md:w-48
/tmp/epf-blog-image-html/blog_interior-painting-ancaster-older-home-prep-guide.html,/blog/interior-painting-ancaster-older-home-prep-featured.png,Interior Painting in Ancaster: Older Home Prep and Clean Finishes,1600,900,1659,948,2125733,False,,,h-auto w-full object-cover
/tmp/epf-blog-image-html/blog_interior-painting-ancaster-older-home-prep-guide.html,/services/painting/4.webp,Ancaster interior wall preparation before painting.,,,1024,1536,2186185,False,,,h-48 w-full object-cover
/tmp/epf-blog-image-html/blog_interior-painting-ancaster-older-home-prep-guide.html,/services/painting/1.webp,Protected floor and trim before interior painting.,,,1024,1024,1913035,False,,,h-48 w-full object-cover
/tmp/epf-blog-image-html/blog_interior-painting-ancaster-older-home-prep-guide.html,/services/painting/6.webp,Finished interior paint with clean wall and ceiling transitions.,,,1024,1024,1851762,False,,,h-48 w-full object-cover
/tmp/epf-blog-image-html/blog_benefits-of-removing-popcorn-ceilings.html,/logo.png,Popcorn ceiling removal EPF Pro Services,,,200,56,16050,False,,,w-auto h-14 md:h-16 object-contain
/tmp/epf-blog-image-html/blog_benefits-of-removing-popcorn-ceilings.html,/blog/why-remove-stucco-ceiling-benefits.svg,Benefits of Removing Popcorn Ceilings and Replacing Them With a Smooth Finish,,,1200,720,4430,False,,,mx-auto max-h-[520px] w-full bg-slate-100 object-contain p-4 md:p-6
/tmp/epf-blog-image-html/blog_benefits-of-removing-popcorn-ceilings.html,/blog/benefits-of-popcorn-ceiling-removal.png,Benefits of removing popcorn ceilings and replacing them with a smooth finish,,,640,427,547588,False,,,w-full
/tmp/epf-blog-image-html/blog_benefits-of-removing-popcorn-ceilings.html,/blog/benefits-of-popcorn-ceiling-removal.png,Benefits of removing popcorn ceilings and replacing them with a smooth finish,,,640,427,547588,False,,,h-48 w-full object-cover
/tmp/epf-blog-image-html/blog_benefits-of-removing-popcorn-ceilings.html,/services/popcorn-ceiling-removal/2.webp,Skim coating after popcorn ceiling removal,,,380,507,96554,False,,,h-48 w-full object-cover
/tmp/epf-blog-image-html/blog_benefits-of-removing-popcorn-ceilings.html,/services/popcorn-ceiling-removal/3.webp,Bright room after popcorn ceiling removal and smooth refinishing,,,380,507,71046,False,,,h-48 w-full object-cover
/tmp/epf-blog-image-html/blog_drywall-repair-vs-skimming-garage-walls.html,/logo.png,EPF Pro Services,,,200,56,16050,False,,,h-auto w-36 shrink-0 object-contain sm:w-44 md:w-48
/tmp/epf-blog-image-html/blog_drywall-repair-vs-skimming-garage-walls.html,/blog/drywall-repair-vs-skimming-garage-walls-featured.webp,Broad skim-coat passes blending into a retained gray garage wall,1600,900,1536,1024,96466,False,,,h-auto w-full object-cover
/tmp/epf-blog-image-html/blog_drywall-repair-vs-skimming-garage-walls.html,/blog/drywall-repair-vs-skimming-garage-walls-featured.webp,Broad skim-coat passes blending into a retained gray garage wall,,,1536,1024,96466,False,,,h-48 w-full object-cover
/tmp/epf-blog-image-html/blog_drywall-repair-vs-skimming-garage-walls.html,/blog/garage-drywall-finishing-levels-featured.webp,Empty garage with compound-finished wall and ceiling joints under side light,,,1536,1024,81020,False,,,h-48 w-full object-cover
/tmp/epf-blog-image-html/blog_drywall-repair-vs-skimming-garage-walls.html,/blog/fix-bad-drywall-finishing-garage-featured.webp,Unfinished garage wall with uneven compound ridges and visible fastener spots,,,1536,1024,78846,False,,,h-48 w-full object-cover
/tmp/epf-blog-image-html/blog_popcorn-ceiling-removal-dundas-local-guide.html,/logo.png,Popcorn ceiling removal EPF Pro Services,,,200,56,16050,False,,,w-auto h-14 md:h-16 object-contain
/tmp/epf-blog-image-html/blog_popcorn-ceiling-removal-dundas-local-guide.html,/blog/popcorn-ceiling-removal-dundas-local-guide-featured.png,Dundas older home room protected before popcorn ceiling removal,1600,900,1536,1024,2740297,False,,,h-auto w-full object-cover
/tmp/epf-blog-image-html/blog_popcorn-ceiling-removal-dundas-local-guide.html,/blog/popcorn-ceiling-removal-dundas-local-guide-featured.png,Dundas older home room protected before popcorn ceiling removal,,,1536,1024,2740297,False,,,h-48 w-full object-cover
/tmp/epf-blog-image-html/blog_popcorn-ceiling-removal-dundas-local-guide.html,/services/popcorn-ceiling-removal/2.webp,Skim coating stage after popcorn ceiling removal in a Dundas-style room,,,380,507,96554,False,,,h-48 w-full object-cover
/tmp/epf-blog-image-html/blog_popcorn-ceiling-removal-dundas-local-guide.html,/blog/hepa-sanding-containment-smooth-ceiling.png,Dust-controlled sanding setup for Dundas popcorn ceiling removal,,,1672,941,1925997,False,,,h-48 w-full object-cover
/tmp/epf-blog-image-html/blog_popcorn-ceiling-removal-dundas-local-guide.html,/services/popcorn-ceiling-removal/3.webp,Finished smooth ceiling after popcorn ceiling removal in Dundas,,,380,507,71046,False,,,h-48 w-full object-cover
/tmp/epf-blog-image-html/blog_repairing-water-damaged-drywall.html,/logo.png,EPF Pro Services,,,200,56,16050,False,,,h-auto w-36 shrink-0 object-contain sm:w-44 md:w-48
/tmp/epf-blog-image-html/blog_repairing-water-damaged-drywall.html,/blog/water-damaged-drywall.PNG,Water-stained wall showing damaged drywall after a leak,,,427,640,533376,False,,,mx-auto max-h-[520px] w-full bg-slate-100 object-contain p-4 md:p-6
/tmp/epf-blog-image-html/blog_repairing-water-damaged-drywall.html,/blog/water-damaged-drywall.PNG,Water-stained wall showing visible drywall damage from moisture,,,427,640,533376,False,,,w-full
/tmp/epf-blog-image-html/blog_repairing-water-damaged-drywall.html,/blog/drywall-repair.png,Drywall repair image added at the bottom of the article,,,640,427,533201,False,,,w-full object-cover
/tmp/epf-blog-image-html/blog_repairing-water-damaged-drywall.html,/blog/water-damaged-drywall.PNG,Water-stained wall showing damaged drywall after a leak,,,427,640,533376,False,,,h-48 w-full object-cover
/tmp/epf-blog-image-html/blog_repairing-water-damaged-drywall.html,/gallery/drywall-repair/drywall-repair-service00004.webp,Drywall section opened and rebuilt after damage,,,240,320,35083,False,,,h-48 w-full object-cover
/tmp/epf-blog-image-html/blog_repairing-water-damaged-drywall.html,/gallery/drywall-repair/drywall-repair-service00007.webp,Drywall repair surface prepared for primer after restoration,,,240,320,31806,False,,,h-48 w-full object-cover
/tmp/epf-blog-image-html/blog_drywall-repair-complete-guide.html,/logo.png,EPF Pro Services,,,200,56,16050,False,,,h-auto w-36 shrink-0 object-contain sm:w-44 md:w-48
/tmp/epf-blog-image-html/blog_drywall-repair-complete-guide.html,/gallery/drywall-repair/drywall-repair.webp,Drywall Repair: Complete DIY & Professional Guide for 2026,,,1529,900,454423,False,,,mx-auto max-h-[520px] w-full bg-slate-100 object-contain p-4 md:p-6
/tmp/epf-blog-image-html/blog_drywall-repair-complete-guide.html,/gallery/drywall-repair/drywall-repair-service00001.webp,Drywall repair patch and finish work,,,320,320,40781,False,,,h-48 w-full object-cover
/tmp/epf-blog-image-html/blog_drywall-repair-complete-guide.html,/gallery/drywall-repair/drywall-repair-service00004.webp,Finished drywall surface after repair,,,240,320,35083,False,,,h-48 w-full object-cover
/tmp/epf-blog-image-html/blog_drywall-repair-complete-guide.html,/gallery/drywall-repair/drywall-repair-service00007.webp,Drywall repair sanding and prep,,,240,320,31806,False,,,h-48 w-full object-cover
/tmp/epf-blog-image-html/blog_why-garage-drywall-tape-peels.html,/logo.png,EPF Pro Services,,,200,56,16050,False,,,h-auto w-36 shrink-0 object-contain sm:w-44 md:w-48
/tmp/epf-blog-image-html/blog_why-garage-drywall-tape-peels.html,/blog/why-garage-drywall-tape-peels-featured.webp,Curled paper drywall tape along a garage wall joint beside a door track,1600,900,1536,1024,51908,False,,,h-auto w-full object-cover
/tmp/epf-blog-image-html/blog_why-garage-drywall-tape-peels.html,/blog/why-garage-drywall-tape-peels-featured.webp,Curled paper drywall tape along a garage wall joint beside a door track,,,1536,1024,51908,False,,,h-48 w-full object-cover
/tmp/epf-blog-image-html/blog_why-garage-drywall-tape-peels.html,/blog/retape-or-replace-garage-drywall-featured.webp,Impact damage in a lower garage drywall panel with intact surrounding walls,,,1536,1024,91910,False,,,h-48 w-full object-cover
/tmp/epf-blog-image-html/blog_why-garage-drywall-tape-peels.html,/blog/garage-drywall-tape-repair-keeps-failing-featured.webp,Reopened vertical garage wall seam through a wider older painted patch,,,1536,1024,98184,False,,,h-48 w-full object-cover
/tmp/epf-blog-image-html/blog_popcorn-ceiling-removal-cost-mississauga-what-to-expect.html,/logo.png,Popcorn ceiling removal EPF Pro Services,,,200,56,16050,False,,,w-auto h-14 md:h-16 object-contain
/tmp/epf-blog-image-html/blog_popcorn-ceiling-removal-cost-mississauga-what-to-expect.html,/gallery/popcorn-ceiling-removal.jpeg,Popcorn Ceiling Removal Cost Mississauga: What You Should Actually Expect in the Quote,,,480,640,75580,False,,,mx-auto max-h-[520px] w-full bg-slate-100 object-contain p-4 md:p-6
/tmp/epf-blog-image-html/blog_popcorn-ceiling-removal-cost-mississauga-what-to-expect.html,/gallery/PopcornCeilingRemoval/popcorn-ceiling-removal1.jpg,Protected Mississauga room before popcorn ceiling removal starts,,,500,667,116399,False,,,h-48 w-full object-cover
/tmp/epf-blog-image-html/blog_popcorn-ceiling-removal-cost-mississauga-what-to-expect.html,/gallery/PopcornCeilingRemoval/popcorn-ceiling-removal5.jpg,Skim coating after popcorn ceiling removal in Mississauga,,,500,667,228007,False,,,h-48 w-full object-cover
/tmp/epf-blog-image-html/blog_popcorn-ceiling-removal-cost-mississauga-what-to-expect.html,/gallery/PopcornCeilingRemoval/popcorn-ceiling-removal9.jpg,Finished smooth ceiling after popcorn removal in Mississauga home,,,500,667,113877,False,,,h-48 w-full object-cover
/tmp/epf-blog-image-html/blog_drywall-repair-mistakes-homeowners-make.html,/logo.png,EPF Pro Services,,,200,56,16050,False,,,h-auto w-36 shrink-0 object-contain sm:w-44 md:w-48
/tmp/epf-blog-image-html/blog_drywall-repair-mistakes-homeowners-make.html,/blog/ drywall-repair-mistakes.PNG,7 Drywall Repair Mistakes Homeowners Make Before Calling a Pro,,,640,640,843440,False,,,mx-auto max-h-[520px] w-full bg-slate-100 object-contain p-4 md:p-6
/tmp/epf-blog-image-html/blog_drywall-repair-mistakes-homeowners-make.html,/blog/drywall-repair.png,Drywall repair image added at the bottom of the article,,,640,427,533201,False,,,w-full object-cover
/tmp/epf-blog-image-html/blog_popcorn-ceiling-removal-in-older-hamilton-homes.html,/logo.png,Popcorn ceiling removal EPF Pro Services,,,200,56,16050,False,,,w-auto h-14 md:h-16 object-contain
/tmp/epf-blog-image-html/blog_popcorn-ceiling-removal-in-older-hamilton-homes.html,/blog/hamilton-popcorn-ceiling-removal.PNG,Popcorn ceiling removal in older Hamilton homes,,,1024,1536,3134113,False,,,mx-auto max-h-[520px] w-full bg-slate-100 object-contain p-4 md:p-6
/tmp/epf-blog-image-html/blog_popcorn-ceiling-removal-in-older-hamilton-homes.html,/blog/hamilton-popcorn-ceiling-removal.PNG,Popcorn ceiling removal in older Hamilton homes,,,1024,1536,3134113,False,,,h-48 w-full object-cover
/tmp/epf-blog-image-html/blog_popcorn-ceiling-removal-in-older-hamilton-homes.html,/gallery/PopcornCeilingRemoval/popcorn-ceiling-removal5.jpg,Older Hamilton ceiling smoothing after popcorn texture removal,,,500,667,228007,False,,,h-48 w-full object-cover
/tmp/epf-blog-image-html/blog_popcorn-ceiling-removal-in-older-hamilton-homes.html,/gallery/PopcornCeilingRemoval/popcorn-ceiling-removal9.jpg,Smooth finished ceiling after popcorn ceiling removal in an older Hamilton home,,,500,667,113877,False,,,h-48 w-full object-cover
/tmp/epf-blog-image-html/blog_should-you-remove-popcorn-ceilings-before-selling-your-home.html,/logo.png,Popcorn ceiling removal EPF Pro Services,,,200,56,16050,False,,,w-auto h-14 md:h-16 object-contain
/tmp/epf-blog-image-html/blog_should-you-remove-popcorn-ceilings-before-selling-your-home.html,/services/popcorn-ceiling-removal/1.webp,Living room ceiling prepped for popcorn ceiling removal before a home sale,,,428,571,134273,False,,,h-48 w-full object-cover
/tmp/epf-blog-image-html/blog_should-you-remove-popcorn-ceilings-before-selling-your-home.html,/services/popcorn-ceiling-removal/2.webp,Contractor smoothing a ceiling after popcorn texture removal,,,380,507,96554,False,,,h-48 w-full object-cover
/tmp/epf-blog-image-html/blog_should-you-remove-popcorn-ceilings-before-selling-your-home.html,/services/popcorn-ceiling-removal/3.webp,Bright smooth ceiling finish that appeals to home buyers,,,380,507,71046,False,,,h-48 w-full object-cover
/tmp/epf-blog-image-html/blog_drywall-repair-after-electrical-or-plumbing-work.html,/logo.png,EPF Pro Services,,,200,56,16050,False,,,h-auto w-36 shrink-0 object-contain sm:w-44 md:w-48
/tmp/epf-blog-image-html/blog_drywall-repair-after-electrical-or-plumbing-work.html,/blog/drywall-repiar-wall.PNG,Drywall wall repair opening after electrical or plumbing work,,,320,320,211964,False,,,mx-auto max-h-[520px] w-full bg-slate-100 object-contain p-4 md:p-6
/tmp/epf-blog-image-html/blog_drywall-repair-after-electrical-or-plumbing-work.html,/blog/drywall-repiar-wall.PNG,Drywall wall repair opening after electrical or plumbing work,,,320,320,211964,False,,,h-48 w-full object-cover
/tmp/epf-blog-image-html/blog_how-to-prepare-for-popcorn-ceiling-removal.html,/logo.png,Popcorn ceiling removal EPF Pro Services,,,200,56,16050,False,,,w-auto h-14 md:h-16 object-contain
/tmp/epf-blog-image-html/blog_how-to-prepare-for-popcorn-ceiling-removal.html,/blog/POPCORN-CEILING-REMOVAL-PREP.png,Popcorn ceiling removal preparation with covered floors and sealed room containment,,,1366,908,2111981,False,,,mx-auto max-h-[520px] w-full bg-slate-100 object-contain p-4 md:p-6
/tmp/epf-blog-image-html/blog_how-to-prepare-for-popcorn-ceiling-removal.html,/blog/POPCORN-CEILING-REMOVAL-PREP.png,Popcorn ceiling removal preparation with covered floors and sealed room containment,,,1366,908,2111981,False,,,h-48 w-full object-cover
/tmp/epf-blog-image-html/blog_how-to-prepare-for-popcorn-ceiling-removal.html,/gallery/PopcornCeilingRemoval/popcorn-ceiling-removal5.jpg,Ceiling smoothing after popcorn ceiling prep,,,500,667,228007,False,,,h-48 w-full object-cover
/tmp/epf-blog-image-html/blog_how-to-prepare-for-popcorn-ceiling-removal.html,/gallery/PopcornCeilingRemoval/popcorn-ceiling-removal9.jpg,Finished smooth ceiling after popcorn removal cleanup,,,500,667,113877,False,,,h-48 w-full object-cover
/tmp/epf-blog-image-html/blog_drywall-repair-mississauga-before-painting.html,/logo.png,EPF Pro Services,,,200,56,16050,False,,,h-auto w-36 shrink-0 object-contain sm:w-44 md:w-48
/tmp/epf-blog-image-html/blog_drywall-repair-mississauga-before-painting.html,/blog/drywall-repar-Mississauga.PNG,Drywall repair in a Mississauga home before painting,,,1024,1024,2020484,False,,,mx-auto max-h-[520px] w-full bg-slate-100 object-contain p-4 md:p-6
/tmp/epf-blog-image-html/blog_drywall-repair-mississauga-before-painting.html,/blog/drywall-repair.png,Drywall repair image added at the bottom of the article,,,640,427,533201,False,,,w-full object-cover
/tmp/epf-blog-image-html/blog_drywall-repair-mississauga-before-painting.html,/blog/drywall-repar-Mississauga.PNG,Drywall repair in a Mississauga home before painting,,,1024,1024,2020484,False,,,h-48 w-full object-cover
/tmp/epf-blog-image-html/blog_drywall-repair-mississauga-before-painting.html,/gallery/drywall-repair/drywall-repair-service00003.webp,Drywall patch sanded and prepared before primer,,,240,320,29333,False,,,h-48 w-full object-cover
/tmp/epf-blog-image-html/blog_drywall-repair-mississauga-before-painting.html,/gallery/drywall-repair/drywall-repair-service00007.webp,Final drywall repair checks before painting,,,240,320,31806,False,,,h-48 w-full object-cover
/tmp/epf-blog-image-html/blog_mississauga-popcorn-ceiling-removal-guide.html,/logo.png,Popcorn ceiling removal EPF Pro Services,,,200,56,16050,False,,,w-auto h-14 md:h-16 object-contain
/tmp/epf-blog-image-html/blog_mississauga-popcorn-ceiling-removal-guide.html,/services/popcorn-ceiling-removal/1.webp,Popcorn ceiling removal project detail,,,428,571,134273,False,,,h-48 w-full object-cover
/tmp/epf-blog-image-html/blog_mississauga-popcorn-ceiling-removal-guide.html,/services/popcorn-ceiling-removal/2.webp,Before and after ceiling smoothing,,,380,507,96554,False,,,h-48 w-full object-cover
/tmp/epf-blog-image-html/blog_mississauga-popcorn-ceiling-removal-guide.html,/services/popcorn-ceiling-removal/3.webp,Ceiling primed and paint-ready,,,380,507,71046,False,,,h-48 w-full object-cover
/tmp/epf-blog-image-html/blog_painted-popcorn-ceiling-removal-oakville.html,/logo.png,Popcorn ceiling removal EPF Pro Services,,,200,56,16050,False,,,w-auto h-14 md:h-16 object-contain
/tmp/epf-blog-image-html/blog_painted-popcorn-ceiling-removal-oakville.html,/blog/painted-popcorn-ceiling-removal-oakville-featured.png,Painted popcorn ceiling being prepared for removal and skim coating in a protected Oakville room.,1600,900,1717,916,2553358,False,,,h-auto w-full object-cover
/tmp/epf-blog-image-html/blog_painted-popcorn-ceiling-removal-oakville.html,/blog/painted-popcorn-ceiling-removal-oakville-featured.png,Painted popcorn ceiling being prepared for removal and skim coating in a protected Oakville room.,,,1717,916,2553358,False,,,h-48 w-full object-cover
/tmp/epf-blog-image-html/blog_painted-popcorn-ceiling-removal-oakville.html,/blog/painted-popcorn-ceiling-skim-coat-process.png,Skim coating process after painted popcorn ceiling preparation.,,,1536,1024,2541625,False,,,h-48 w-full object-cover
/tmp/epf-blog-image-html/blog_painted-popcorn-ceiling-removal-oakville.html,/services/popcorn-ceiling-removal/2.webp,Smooth ceiling inspection after popcorn texture removal.,,,380,507,96554,False,,,h-48 w-full object-cover
/tmp/epf-blog-image-html/blog_taking-off-popcorn-ceiling-how-the-process-actually-works.html,/logo.png,Popcorn ceiling removal EPF Pro Services,,,200,56,16050,False,,,w-auto h-14 md:h-16 object-contain
/tmp/epf-blog-image-html/blog_taking-off-popcorn-ceiling-how-the-process-actually-works.html,/gallery/PopcornCeilingRemoval/popcorn-ceiling-removal1.jpg,Room protection before taking off popcorn ceiling texture,,,500,667,116399,False,,,mx-auto max-h-[520px] w-full bg-slate-100 object-contain p-4 md:p-6
/tmp/epf-blog-image-html/blog_taking-off-popcorn-ceiling-how-the-process-actually-works.html,/gallery/PopcornCeilingRemoval/popcorn-ceiling-removal1.jpg,Room protection before taking off popcorn ceiling texture,,,500,667,116399,False,,,h-48 w-full object-cover
/tmp/epf-blog-image-html/blog_taking-off-popcorn-ceiling-how-the-process-actually-works.html,/services/popcorn-ceiling-removal/1.webp,Taking off popcorn ceiling with controlled removal methods,,,428,571,134273,False,,,h-48 w-full object-cover
/tmp/epf-blog-image-html/blog_taking-off-popcorn-ceiling-how-the-process-actually-works.html,/gallery/PopcornCeilingRemoval/popcorn-ceiling-removal9.jpg,Smooth ceiling after taking off popcorn ceiling texture,,,500,667,113877,False,,,h-48 w-full object-cover
/tmp/epf-blog-image-html/blog_taking-off-popcorn-ceiling-how-the-process-actually-works.html,/services/popcorn-ceiling-removal/4.webp,Popcorn ceiling being removed in a protected room,,,380,380,56525,False,,,h-48 w-full object-cover
/tmp/epf-blog-image-html/blog_taking-off-popcorn-ceiling-how-the-process-actually-works.html,/gallery/PopcornCeilingRemoval/popcorn-ceiling-removal10.jpg,Completed room after taking off popcorn ceiling,,,500,667,236295,False,,,h-48 w-full object-cover
/tmp/epf-blog-image-html/blog_stucco-popcorn-stipple-ceiling-oakville.html,/logo.png,Popcorn ceiling removal EPF Pro Services,,,200,56,16050,False,,,w-auto h-14 md:h-16 object-contain
/tmp/epf-blog-image-html/blog_stucco-popcorn-stipple-ceiling-oakville.html,/blog/stucco-popcorn-stipple-ceiling-oakville-featured.png,Textured Oakville ceiling being compared with a smoother prepared ceiling area.,1600,900,1758,895,2569597,False,,,h-auto w-full object-cover
/tmp/epf-blog-image-html/blog_stucco-popcorn-stipple-ceiling-oakville.html,/blog/stucco-popcorn-stipple-ceiling-oakville-featured.png,Textured Oakville ceiling being compared with a smoother prepared ceiling area.,,,1758,895,2569597,False,,,h-48 w-full object-cover
/tmp/epf-blog-image-html/blog_stucco-popcorn-stipple-ceiling-oakville.html,/services/popcorn-ceiling-removal/1.webp,Protected room before textured ceiling removal.,,,428,571,134273,False,,,h-48 w-full object-cover
/tmp/epf-blog-image-html/blog_popcorn-ceiling-removal-cost-timeline.html,/logo.png,Popcorn ceiling removal EPF Pro Services,,,200,56,16050,False,,,w-auto h-14 md:h-16 object-contain
/tmp/epf-blog-image-html/blog_popcorn-ceiling-removal-cost-timeline.html,/blog/popcorn-ceiling-removal-timeline-small-bedroom-prep.png,Small bedroom protected before popcorn ceiling removal starts,1600,900,1536,1024,2672212,False,,,h-auto w-full object-cover
/tmp/epf-blog-image-html/blog_popcorn-ceiling-removal-cost-timeline.html,/blog/popcorn-ceiling-removal-timeline-small-bedroom-prep.png,Small bedroom protected before popcorn ceiling removal starts,,,1536,1024,2672212,False,,,w-full
/tmp/epf-blog-image-html/blog_popcorn-ceiling-removal-cost-timeline.html,/blog/popcorn-ceiling-removal-timeline-skim-coat-drying.png,Skim coat drying after popcorn ceiling removal in a protected room,,,1536,1024,2057866,False,,,w-full
/tmp/epf-blog-image-html/blog_popcorn-ceiling-removal-cost-timeline.html,/blog/popcorn-ceiling-removal-timeline-homeowner-prep.png,Homeowner prep before popcorn ceiling removal start day,,,1536,1024,2317491,False,,,w-full
/tmp/epf-blog-image-html/blog_popcorn-ceiling-removal-cost-timeline.html,/blog/popcorn-ceiling-removal-timeline-small-bedroom-prep.png,Small bedroom protected before popcorn ceiling removal starts,,,1536,1024,2672212,False,,,h-48 w-full object-cover
/tmp/epf-blog-image-html/blog_popcorn-ceiling-removal-cost-timeline.html,/blog/popcorn-ceiling-removal-timeline-skim-coat-drying.png,Skim coat drying after popcorn ceiling removal in a protected room,,,1536,1024,2057866,False,,,h-48 w-full object-cover
/tmp/epf-blog-image-html/blog_popcorn-ceiling-removal-cost-timeline.html,/blog/popcorn-ceiling-removal-timeline-homeowner-prep.png,Homeowner prep before popcorn ceiling removal start day,,,1536,1024,2317491,False,,,h-48 w-full object-cover
/tmp/epf-blog-image-html/blog_drywall-repair-mistakes-that-show-through-paint.html,/logo.png,EPF Pro Services,,,200,56,16050,False,,,h-auto w-36 shrink-0 object-contain sm:w-44 md:w-48
/tmp/epf-blog-image-html/blog_drywall-repair-mistakes-that-show-through-paint.html,/blog/drywall-repair-mistakes-show-through-paint.png,Visible drywall patch mistake after paint,1600,900,1536,1024,2242304,False,,,h-auto w-full object-cover
/tmp/epf-blog-image-html/blog_drywall-repair-mistakes-that-show-through-paint.html,/blog/drywall-repair-mistakes-show-through-paint.png,Drywall repair patch showing through paint because of ridges and poor feathering,,,1536,1024,2242304,False,,,w-full
/tmp/epf-blog-image-html/blog_drywall-repair-mistakes-that-show-through-paint.html,/blog/drywall-repair-mistakes-show-through-paint.png,Visible drywall patch mistake after paint,,,1536,1024,2242304,False,,,h-48 w-full object-cover
/tmp/epf-blog-image-html/blog_drywall-contractor-basement-renovation-mississauga.html,/logo.png,EPF Pro Services,,,200,56,16050,False,,,h-auto w-36 shrink-0 object-contain sm:w-44 md:w-48
/tmp/epf-blog-image-html/blog_drywall-contractor-basement-renovation-mississauga.html,/blog/drywall-contractor-basement-renovation-mississauga-featured.png,Mississauga basement renovation with drywall board installation and taping prep.,1600,900,1672,941,2011624,False,,,h-auto w-full object-cover
/tmp/epf-blog-image-html/blog_drywall-contractor-basement-renovation-mississauga.html,/blog/drywall-contractor-basement-renovation-mississauga-featured.png,Mississauga basement renovation with drywall board installation and taping prep.,,,1672,941,2011624,False,,,h-48 w-full object-cover
/tmp/epf-blog-image-html/blog_drywall-contractor-basement-renovation-mississauga.html,/gallery/drywall-installation/drywall-installation-hero.webp,Drywall board installation before taping and finishing,,,1529,900,454423,False,,,h-48 w-full object-cover
/tmp/epf-blog-image-html/blog_drywall-contractor-basement-renovation-mississauga.html,/gallery/drywall-repair/drywall-repair-service00003.webp,Drywall taping and compound work before sanding,,,240,320,29333,False,,,h-48 w-full object-cover
/tmp/epf-blog-image-html/blog_drywall-repair-oakville-homes-smooth-walls-premium-finishes.html,/logo.png,EPF Pro Services,,,200,56,16050,False,,,h-auto w-36 shrink-0 object-contain sm:w-44 md:w-48
/tmp/epf-blog-image-html/blog_drywall-repair-oakville-homes-smooth-walls-premium-finishes.html,/blog/drywall-repair-oakville-intent.png,Premium drywall repair in an Oakville home with large windows and smooth walls,,,1672,941,1936960,False,,,mx-auto max-h-[520px] w-full bg-slate-100 object-contain p-4 md:p-6
/tmp/epf-blog-image-html/blog_drywall-repair-oakville-homes-smooth-walls-premium-finishes.html,/blog/drywall-repair-oakville-intent.png,Professional drywall repair in a bright Oakville interior,,,1672,941,1936960,False,,,w-full
/tmp/epf-blog-image-html/blog_drywall-repair-oakville-homes-smooth-walls-premium-finishes.html,/blog/drywall-repair-oakville-intent.png,Premium drywall repair in an Oakville home with large windows and smooth walls,,,1672,941,1936960,False,,,h-48 w-full object-cover
/tmp/epf-blog-image-html/blog_drywall-repair-oakville-homes-smooth-walls-premium-finishes.html,/gallery/drywall-repair/drywall-repair-service00007.webp,Oakville drywall repair ready for primer,,,240,320,31806,False,,,h-48 w-full object-cover
/tmp/epf-blog-image-html/blog_popcorn-ceiling-removal-guide.html,/logo.png,Popcorn ceiling removal EPF Pro Services,,,200,56,16050,False,,,w-auto h-14 md:h-16 object-contain
/tmp/epf-blog-image-html/blog_popcorn-ceiling-removal-guide.html,/blog/POPCORN-CEILING-REMOVAL-PREP.png,The Complete Guide to Popcorn Ceiling Removal in 2026,,,1366,908,2111981,False,,,mx-auto max-h-[520px] w-full bg-slate-100 object-contain p-4 md:p-6
/tmp/epf-blog-image-html/blog_popcorn-ceiling-removal-guide.html,/gallery/PopcornCeilingRemoval/popcorn-ceiling-removal1.jpg,HEPA dust-controlled popcorn ceiling removal in a kitchen,,,500,667,116399,False,,,h-48 w-full object-cover
/tmp/epf-blog-image-html/blog_popcorn-ceiling-removal-guide.html,/gallery/PopcornCeilingRemoval/popcorn-ceiling-removal5.jpg,Level 5 skim coating during popcorn ceiling resurfacing,,,500,667,228007,False,,,h-48 w-full object-cover
/tmp/epf-blog-image-html/blog_popcorn-ceiling-removal-guide.html,/gallery/PopcornCeilingRemoval/popcorn-ceiling-removal9.jpg,Finished smooth ceiling with pot lights,,,500,667,113877,False,,,h-48 w-full object-cover
/tmp/epf-blog-image-html/blog_basement-drywall-repair-burlington.html,/logo.png,EPF Pro Services,,,200,56,16050,False,,,h-auto w-36 shrink-0 object-contain sm:w-44 md:w-48
/tmp/epf-blog-image-html/blog_basement-drywall-repair-burlington.html,/blog/drywall-repair-burlington-intent.png,basement drywall repair Burlington,,,1672,941,1779884,False,,,mx-auto max-h-[520px] w-full bg-slate-100 object-contain p-4 md:p-6
/tmp/epf-blog-image-html/blog_basement-drywall-repair-burlington.html,/blog/drywall-repair-burlington-intent.png,basement drywall repair Burlington,,,1672,941,1779884,False,,,h-48 w-full object-cover
/tmp/epf-blog-image-html/blog_basement-drywall-repair-burlington.html,/gallery/drywall-repair/drywall-repair-service00004.webp,Burlington basement ceiling drywall patch,,,240,320,35083,False,,,h-48 w-full object-cover
/tmp/epf-blog-image-html/blog_basement-drywall-repair-burlington.html,/gallery/drywall-repair/drywall-repair-service00003.webp,smooth drywall finish after Burlington basement repair,,,240,320,29333,False,,,h-48 w-full object-cover
/tmp/epf-blog-image-html/blog_drywall-repair-vs-replacement.html,/logo.png,EPF Pro Services,,,200,56,16050,False,,,h-auto w-36 shrink-0 object-contain sm:w-44 md:w-48
/tmp/epf-blog-image-html/blog_drywall-repair-vs-replacement.html,/blog/drywall-repair-patching-services.png,Drywall repair vs replacement guide for homeowners,,,400,267,219524,False,,,mx-auto max-h-[520px] w-full bg-slate-100 object-contain p-4 md:p-6
/tmp/epf-blog-image-html/blog_drywall-repair-vs-replacement.html,/blog/drywall-repair-patching-services.png,Drywall repair vs replacement guide for homeowners,,,400,267,219524,False,,,h-48 w-full object-cover
/tmp/epf-blog-image-html/blog_drywall-repair-vs-replacement.html,/gallery/drywall-repair/drywall-repair-service00003.webp,Paint-ready drywall repair on a visible wall,,,240,320,29333,False,,,h-48 w-full object-cover
/tmp/epf-blog-image-html/blog_drywall-repair-vs-replacement.html,/gallery/drywall-repair/drywall-repair-service00007.webp,Drywall section opened for broader replacement after damage,,,240,320,31806,False,,,h-48 w-full object-cover
/tmp/epf-blog-image-html/blog_level-5-drywall-finishing-oakville.html,/logo.png,EPF Pro Services,,,200,56,16050,False,,,h-auto w-36 shrink-0 object-contain sm:w-44 md:w-48
/tmp/epf-blog-image-html/blog_level-5-drywall-finishing-oakville.html,/blog/level-5-drywall-finishing-oakville-featured.png,Oakville room with Level 5 drywall skim coat prep and smooth ceiling finishing.,1600,900,1686,933,1782644,False,,,h-auto w-full object-cover
/tmp/epf-blog-image-html/blog_level-5-drywall-finishing-oakville.html,/blog/level-5-drywall-finishing-oakville-featured.png,Oakville room with Level 5 drywall skim coat prep and smooth ceiling finishing.,,,1686,933,1782644,False,,,h-48 w-full object-cover
/tmp/epf-blog-image-html/blog_level-5-drywall-finishing-oakville.html,/gallery/drywall-installation/drywall-installation-hero.webp,Drywall board installation before taping and finishing,,,1529,900,454423,False,,,h-48 w-full object-cover
/tmp/epf-blog-image-html/blog_level-5-drywall-finishing-oakville.html,/gallery/drywall-repair/drywall-repair-service00003.webp,Drywall taping and compound work before sanding,,,240,320,29333,False,,,h-48 w-full object-cover
/tmp/epf-blog-image-html/blog_drywall-contractors-near-me.html,/logo.png,EPF Pro Services,,,200,56,16050,False,,,h-auto w-36 shrink-0 object-contain sm:w-44 md:w-48
/tmp/epf-blog-image-html/blog_drywall-contractors-near-me.html,/blog/drywall-contractor-near-me.PNG,Drywall contractor finishing newly installed walls in an Ontario home,,,640,427,514916,False,,,mx-auto max-h-[520px] w-full bg-slate-100 object-contain p-4 md:p-6
/tmp/epf-blog-image-html/blog_drywall-contractors-near-me.html,/blog/drywall-contractor-near-me.PNG,Local drywall contractor completing wall finishing work for a clean paint-ready result,,,640,427,514916,False,,,w-full
/tmp/epf-blog-image-html/blog_drywall-contractors-near-me.html,/blog/drywall-contractor-near-me.PNG,Drywall contractor finishing newly installed walls in an Ontario home,,,640,427,514916,False,,,h-48 w-full object-cover
/tmp/epf-blog-image-html/blog_drywall-contractors-near-me.html,/services/drywall/6.webp,Smooth drywall finish in a bright room after professional installation,,,640,427,344207,False,,,h-48 w-full object-cover
/tmp/epf-blog-image-html/blog_drywall-contractors-near-me.html,/gallery/drywall-installation/drywall-installation-hero.webp,Drywall installation crew working through wall and ceiling boarding,,,1529,900,454423,False,,,h-48 w-full object-cover
/tmp/epf-blog-image-html/blog_remove-popcorn-ceilings.html,/logo.png,Popcorn ceiling removal EPF Pro Services,,,200,56,16050,False,,,w-auto h-14 md:h-16 object-contain
/tmp/epf-blog-image-html/blog_remove-popcorn-ceilings.html,/blog/remove-popcorn-ceilings.PNG,Should I remove popcorn ceiling texture before painting? Popcorn ceiling removal guide with smooth ceiling finish example,,,427,640,587648,False,,,mx-auto max-h-[520px] w-full bg-slate-100 object-contain p-4 md:p-6
/tmp/epf-blog-image-html/blog_remove-popcorn-ceilings.html,/blog/remove-popcorn-ceilings.PNG,Should I remove popcorn ceiling texture before painting? Popcorn ceiling removal guide with smooth ceiling finish example,,,427,640,587648,False,,,h-48 w-full object-cover
/tmp/epf-blog-image-html/blog_remove-popcorn-ceilings.html,/services/popcorn-ceiling-removal/2.webp,Skim coating after popcorn ceiling removal for a smooth ceiling finish,,,380,507,96554,False,,,h-48 w-full object-cover
/tmp/epf-blog-image-html/blog_remove-popcorn-ceilings.html,/services/popcorn-ceiling-removal/3.webp,Finished room with smooth ceiling after professional popcorn ceiling removal,,,380,507,71046,False,,,h-48 w-full object-cover
/tmp/epf-blog-image-html/blog_painted-vs-unpainted-popcorn-ceiling-removal-mississauga.html,/logo.png,Popcorn ceiling removal EPF Pro Services,,,200,56,16050,False,,,w-auto h-14 md:h-16 object-contain
/tmp/epf-blog-image-html/blog_painted-vs-unpainted-popcorn-ceiling-removal-mississauga.html,/blog/painted-vs-unpainted-popcorn-ceiling-removal-mississauga-featured.png,Contractor testing painted popcorn ceiling texture in a protected Mississauga room,1600,900,1672,941,2812406,False,,,h-auto w-full object-cover
/tmp/epf-blog-image-html/blog_painted-vs-unpainted-popcorn-ceiling-removal-mississauga.html,/blog/painted-vs-unpainted-popcorn-ceiling-removal-mississauga-featured.png,Contractor testing painted popcorn ceiling texture in a protected Mississauga room,,,1672,941,2812406,False,,,h-48 w-full object-cover
/tmp/epf-blog-image-html/blog_painted-vs-unpainted-popcorn-ceiling-removal-mississauga.html,/services/popcorn-ceiling-removal/2.webp,Skim coating stage after popcorn ceiling removal,,,380,507,96554,False,,,h-48 w-full object-cover
/tmp/epf-blog-image-html/blog_painted-vs-unpainted-popcorn-ceiling-removal-mississauga.html,/blog/hepa-sanding-containment-smooth-ceiling.png,HEPA sanding setup for smooth ceiling finishing,,,1672,941,1925997,False,,,h-48 w-full object-cover
/tmp/epf-blog-image-html/blog_whole-house-interior-painting-mississauga-planning-guide.html,/logo.png,EPF Pro Services,,,200,56,16050,False,,,h-auto w-36 shrink-0 object-contain sm:w-44 md:w-48
/tmp/epf-blog-image-html/blog_whole-house-interior-painting-mississauga-planning-guide.html,/blog/whole-house-interior-painting-mississauga-planning-guide-featured.jpg,Connected Mississauga home interior protected for a whole-house painting sequence.,1600,900,1536,1024,381202,False,,,h-auto w-full object-cover
/tmp/epf-blog-image-html/blog_whole-house-interior-painting-mississauga-planning-guide.html,/blog/whole-house-interior-painting-mississauga-planning-guide-featured.jpg,Connected Mississauga home interior protected for a whole-house painting sequence.,,,1536,1024,381202,False,,,h-48 w-full object-cover
/tmp/epf-blog-image-html/blog_whole-house-interior-painting-mississauga-planning-guide.html,/services/painting/1.webp,Protected floor and trim during interior wall preparation.,,,1024,1024,1913035,False,,,h-48 w-full object-cover
/tmp/epf-blog-image-html/blog_whole-house-interior-painting-mississauga-planning-guide.html,/services/painting/3.webp,Interior wall finish with clean transitions at painted trim.,,,1536,1024,3084958,False,,,h-48 w-full object-cover
/tmp/epf-blog-image-html/blog_whole-house-interior-painting-mississauga-planning-guide.html,/services/painting/6.webp,Completed interior painting with smooth walls and ceiling edges.,,,1024,1024,1851762,False,,,h-48 w-full object-cover
/tmp/epf-blog-image-html/blog_why-scraping-alone-does-not-create-a-smooth-ceiling.html,/logo.png,EPF Pro Services,,,200,56,16050,False,,,h-auto w-36 shrink-0 object-contain sm:w-44 md:w-48
/tmp/epf-blog-image-html/blog_why-scraping-alone-does-not-create-a-smooth-ceiling.html,/blog/scraping-alone-not-smooth-ceiling.png,Ceiling after scraping popcorn but before skim coat,1600,900,1536,1024,2367001,False,,,h-auto w-full object-cover
/tmp/epf-blog-image-html/blog_why-scraping-alone-does-not-create-a-smooth-ceiling.html,/blog/scraping-alone-not-smooth-ceiling.png,Ceiling after popcorn scraping showing seams and uneven areas before skim coating,,,1536,1024,2367001,False,,,w-full
/tmp/epf-blog-image-html/blog_why-scraping-alone-does-not-create-a-smooth-ceiling.html,/blog/scraping-alone-not-smooth-ceiling.png,Ceiling after scraping popcorn but before skim coat,,,1536,1024,2367001,False,,,h-48 w-full object-cover
/tmp/epf-blog-image-html/blog_drywall-contractor-mississauga-guide.html,/logo.png,EPF Pro Services,,,200,56,16050,False,,,h-auto w-36 shrink-0 object-contain sm:w-44 md:w-48
/tmp/epf-blog-image-html/blog_drywall-contractor-mississauga-guide.html,/blog/drywall-contractor-mississauga-guide-featured.png,Mississauga room with drywall installation and repair prep under clean floor protection.,1600,900,1689,931,2035881,False,,,h-auto w-full object-cover
/tmp/epf-blog-image-html/blog_drywall-contractor-mississauga-guide.html,/blog/drywall-contractor-mississauga-guide-featured.png,Mississauga room with drywall installation and repair prep under clean floor protection.,,,1689,931,2035881,False,,,h-48 w-full object-cover
/tmp/epf-blog-image-html/blog_drywall-contractor-mississauga-guide.html,/gallery/drywall-installation/drywall-installation-hero.webp,Drywall board installation before taping and finishing,,,1529,900,454423,False,,,h-48 w-full object-cover
/tmp/epf-blog-image-html/blog_drywall-contractor-mississauga-guide.html,/gallery/drywall-repair/drywall-repair-service00003.webp,Drywall taping and compound work before sanding,,,240,320,29333,False,,,h-48 w-full object-cover
/tmp/epf-blog-image-html/blog_how-to-prepare-for-popcorn-ceiling-removal-dundas.html,/logo.png,Popcorn ceiling removal EPF Pro Services,,,200,56,16050,False,,,w-auto h-14 md:h-16 object-contain
/tmp/epf-blog-image-html/blog_how-to-prepare-for-popcorn-ceiling-removal-dundas.html,/blog/image.png,Dundas popcorn ceiling removal prep in an older room with hardwood protection,,,1366,908,2097865,False,,,mx-auto max-h-[520px] w-full bg-slate-100 object-contain p-4 md:p-6
/tmp/epf-blog-image-html/blog_how-to-prepare-for-popcorn-ceiling-removal-dundas.html,/blog/image.png,Dundas popcorn ceiling removal prep in an older room with hardwood protection,,,1366,908,2097865,False,,,h-48 w-full object-cover
/tmp/epf-blog-image-html/blog_how-to-prepare-for-popcorn-ceiling-removal-dundas.html,/gallery/PopcornCeilingRemoval/popcorn-ceiling-removal5.jpg,Ceiling smoothing stage after popcorn ceiling preparation in Dundas,,,500,667,228007,False,,,h-48 w-full object-cover
/tmp/epf-blog-image-html/blog_how-to-prepare-for-popcorn-ceiling-removal-dundas.html,/gallery/PopcornCeilingRemoval/popcorn-ceiling-removal9.jpg,Finished smooth ceiling after popcorn ceiling removal in Dundas,,,500,667,113877,False,,,h-48 w-full object-cover
/tmp/epf-blog-image-html/blog_drywall-installation-after-water-damage-mississauga.html,/logo.png,EPF Pro Services,,,200,56,16050,False,,,h-auto w-36 shrink-0 object-contain sm:w-44 md:w-48
/tmp/epf-blog-image-html/blog_drywall-installation-after-water-damage-mississauga.html,/gallery/drywall-repair/drywall-repair-service00002.webp,Ceiling drywall replacement after water damage in Mississauga,,,320,320,32773,False,,,mx-auto max-h-[520px] w-full bg-slate-100 object-contain p-4 md:p-6
/tmp/epf-blog-image-html/blog_drywall-installation-after-water-damage-mississauga.html,/gallery/drywall-repair/drywall-repair-service00002.webp,Ceiling drywall replacement after water damage in Mississauga,,,320,320,32773,False,,,h-48 w-full object-cover
/tmp/epf-blog-image-html/blog_drywall-installation-after-water-damage-mississauga.html,/services/drywall/5.webp,Mississauga water-damage drywall replacement before finish coats,,,640,427,400936,False,,,h-48 w-full object-cover
/tmp/epf-blog-image-html/blog_drywall-installation-after-water-damage-mississauga.html,/gallery/drywall-repair/drywall-repair-service00003.webp,Final smooth drywall finish after water damage replacement,,,240,320,29333,False,,,h-48 w-full object-cover
/tmp/epf-blog-image-html/blog_ceiling-drywall-repair-burlington-water-damage.html,/logo.png,EPF Pro Services,,,200,56,16050,False,,,h-auto w-36 shrink-0 object-contain sm:w-44 md:w-48
/tmp/epf-blog-image-html/blog_ceiling-drywall-repair-burlington-water-damage.html,/blog/drywall-repair-burlington-intent.png,Burlington ceiling drywall repair after leak,,,1672,941,1779884,False,,,mx-auto max-h-[520px] w-full bg-slate-100 object-contain p-4 md:p-6
/tmp/epf-blog-image-html/blog_ceiling-drywall-repair-burlington-water-damage.html,/blog/drywall-repair-burlington-intent.png,Burlington ceiling drywall repair after leak,,,1672,941,1779884,False,,,h-48 w-full object-cover
/tmp/epf-blog-image-html/blog_ceiling-drywall-repair-burlington-water-damage.html,/gallery/drywall-repair/drywall-repair-service00002.webp,drywall repair Mississauga ceiling patch,,,320,320,32773,False,,,h-48 w-full object-cover
/tmp/epf-blog-image-html/blog_ceiling-drywall-repair-burlington-water-damage.html,/gallery/drywall-repair/drywall-repair-service00003.webp,smooth drywall finishing before painting,,,240,320,29333,False,,,h-48 w-full object-cover
/tmp/epf-blog-image-html/blog_how-to-choose-popcorn-ceiling-removal-contractor-oakville.html,/logo.png,Popcorn ceiling removal EPF Pro Services,,,200,56,16050,False,,,w-auto h-14 md:h-16 object-contain
/tmp/epf-blog-image-html/blog_how-to-choose-popcorn-ceiling-removal-contractor-oakville.html,/blog/oakville-popcorn-ceiling-removal-contractor-guide-featured.png,Oakville room sealed for popcorn ceiling removal with HEPA dust control equipment,1600,900,1672,941,2181924,False,,,h-auto w-full object-cover
/tmp/epf-blog-image-html/blog_how-to-choose-popcorn-ceiling-removal-contractor-oakville.html,/blog/oakville-popcorn-ceiling-removal-contractor-guide-featured.png,Oakville room sealed for popcorn ceiling removal with HEPA dust control equipment,,,1672,941,2181924,False,,,h-48 w-full object-cover
/tmp/epf-blog-image-html/blog_how-to-choose-popcorn-ceiling-removal-contractor-oakville.html,/services/popcorn-ceiling-removal/2.webp,Ceiling skim coat after popcorn texture removal,,,380,507,96554,False,,,h-48 w-full object-cover
/tmp/epf-blog-image-html/blog_how-to-choose-popcorn-ceiling-removal-contractor-oakville.html,/services/popcorn-ceiling-removal/3.webp,Finished smooth ceiling after popcorn removal,,,380,507,71046,False,,,h-48 w-full object-cover
/tmp/epf-blog-image-html/blog_how-long-does-popcorn-ceiling-removal-take-hamilton.html,/logo.png,Popcorn ceiling removal EPF Pro Services,,,200,56,16050,False,,,w-auto h-14 md:h-16 object-contain
/tmp/epf-blog-image-html/blog_how-long-does-popcorn-ceiling-removal-take-hamilton.html,/blog/popcorn-ceiling-removal-time.png,How long popcorn ceiling removal takes in Hamilton,,,666,1364,1681806,False,,,mx-auto max-h-[520px] w-full bg-slate-100 object-contain p-4 md:p-6
/tmp/epf-blog-image-html/blog_how-long-does-popcorn-ceiling-removal-take-hamilton.html,/blog/popcorn-ceiling-removal-time.png,How long popcorn ceiling removal takes in Hamilton,,,666,1364,1681806,False,,,h-48 w-full object-cover
/tmp/epf-blog-image-html/blog_how-long-does-popcorn-ceiling-removal-take-hamilton.html,/gallery/PopcornCeilingRemoval/popcorn-ceiling-removal5.jpg,Hamilton ceiling smoothing stage that extends the timeline after texture removal,,,500,667,228007,False,,,h-48 w-full object-cover
/tmp/epf-blog-image-html/blog_how-long-does-popcorn-ceiling-removal-take-hamilton.html,/gallery/PopcornCeilingRemoval/popcorn-ceiling-removal9.jpg,Finished Hamilton ceiling after popcorn removal timeline is complete,,,500,667,113877,False,,,h-48 w-full object-cover
/tmp/epf-blog-image-html/blog_hepa-sanding-containment-smooth-ceiling-projects.html,/logo.png,EPF Pro Services,,,200,56,16050,False,,,h-auto w-36 shrink-0 object-contain sm:w-44 md:w-48
/tmp/epf-blog-image-html/blog_hepa-sanding-containment-smooth-ceiling-projects.html,/blog/hepa-sanding-containment-smooth-ceiling.png,Contractors sanding a smooth ceiling with HEPA dust control,,,1672,941,1925997,False,,,mx-auto max-h-[520px] w-full bg-slate-100 object-contain p-4 md:p-6
/tmp/epf-blog-image-html/blog_hepa-sanding-containment-smooth-ceiling-projects.html,/blog/hepa-sanding-containment-smooth-ceiling.png,Contractors sanding a smooth ceiling with HEPA dust control,,,1672,941,1925997,False,,,h-48 w-full object-cover
/tmp/epf-blog-image-html/blog_hepa-sanding-containment-smooth-ceiling-projects.html,/blog/popcorn-ceiling-removal-quote-checklist.png,Contractor checking ceiling details before a quote,,,1672,941,2347713,False,,,h-48 w-full object-cover
/tmp/epf-blog-image-html/blog_hepa-sanding-containment-smooth-ceiling-projects.html,/blog/ceiling-leak-repair-smooth-finish.png,Ceiling repair before smooth finish,,,1672,941,2146692,False,,,h-48 w-full object-cover
/tmp/epf-blog-image-html/blog_ceiling-rebuild-after-leak-oakville-project.html,/logo.png,EPF Pro Services,,,200,56,16050,False,,,h-auto w-36 shrink-0 object-contain sm:w-44 md:w-48
/tmp/epf-blog-image-html/blog_ceiling-rebuild-after-leak-oakville-project.html,/gallery/drywall-repair/drywall-repair-service00002.webp,Oakville ceiling rebuild after leak with new drywall installed,,,320,320,32773,False,,,mx-auto max-h-[520px] w-full bg-slate-100 object-contain p-4 md:p-6
/tmp/epf-blog-image-html/blog_ceiling-rebuild-after-leak-oakville-project.html,/gallery/drywall-repair/drywall-repair-service00002.webp,Oakville ceiling rebuild after leak with new drywall installed,,,320,320,32773,False,,,h-48 w-full object-cover
/tmp/epf-blog-image-html/blog_ceiling-rebuild-after-leak-oakville-project.html,/services/drywall/2.webp,Oakville ceiling rebuild project during finishing,,,640,427,402646,False,,,h-48 w-full object-cover
/tmp/epf-blog-image-html/blog_ceiling-rebuild-after-leak-oakville-project.html,/services/drywall/6.webp,Completed Oakville ceiling rebuild after leak,,,640,427,344207,False,,,h-48 w-full object-cover
/tmp/epf-blog-image-html/blog_drywall-repair-burlington-homes-ceilings-basements-cracks.html,/logo.png,EPF Pro Services,,,200,56,16050,False,,,h-auto w-36 shrink-0 object-contain sm:w-44 md:w-48
/tmp/epf-blog-image-html/blog_drywall-repair-burlington-homes-ceilings-basements-cracks.html,/blog/drywall-repair-burlington-intent.png,Drywall repair in a Burlington home with clean protected work area,,,1672,941,1779884,False,,,mx-auto max-h-[520px] w-full bg-slate-100 object-contain p-4 md:p-6
/tmp/epf-blog-image-html/blog_drywall-repair-burlington-homes-ceilings-basements-cracks.html,/blog/drywall-repair-burlington-intent.png,Professional drywall repair in a Burlington home,,,1672,941,1779884,False,,,w-full
/tmp/epf-blog-image-html/blog_drywall-repair-burlington-homes-ceilings-basements-cracks.html,/blog/drywall-repair-burlington-intent.png,Drywall repair in a Burlington home with clean protected work area,,,1672,941,1779884,False,,,h-48 w-full object-cover
/tmp/epf-blog-image-html/blog_drywall-repair-burlington-homes-ceilings-basements-cracks.html,/gallery/drywall-repair/drywall-repair-service00001.webp,Burlington drywall repair patch prepared for finishing,,,320,320,40781,False,,,h-48 w-full object-cover
/tmp/epf-blog-image-html/blog_baseboard-installation-after-popcorn-ceiling-removal.html,/logo.png,Popcorn ceiling removal EPF Pro Services,,,200,56,16050,False,,,w-auto h-14 md:h-16 object-contain
/tmp/epf-blog-image-html/blog_baseboard-installation-after-popcorn-ceiling-removal.html,/gallery/baseboard-installation/baseboard-installation00001.jpg,Room with smooth ceiling and new baseboards,,,464,469,68044,False,,,h-48 w-full object-cover
/tmp/epf-blog-image-html/blog_baseboard-installation-after-popcorn-ceiling-removal.html,/gallery/baseboard-installation/baseboard-installation00002.jpg,Old popcorn ceiling with damaged baseboards,,,481,471,58669,False,,,h-48 w-full object-cover
/tmp/epf-blog-image-html/blog_baseboard-installation-after-popcorn-ceiling-removal.html,/gallery/baseboard-installation/baseboard-installation00003.jpg,Modern smooth ceiling with tall baseboards,,,492,472,58496,False,,,h-48 w-full object-cover
/tmp/epf-blog-image-html/blog_popcorn-ceiling-removal-cost-gta-2026-price-guide.html,/logo.png,Popcorn ceiling removal EPF Pro Services,,,200,56,16050,False,,,w-auto h-14 md:h-16 object-contain
/tmp/epf-blog-image-html/blog_popcorn-ceiling-removal-cost-gta-2026-price-guide.html,/services/popcorn-ceiling-removal/3.webp,Finished smooth ceiling after popcorn ceiling removal in a GTA home,1600,900,380,507,71046,False,,,h-auto w-full object-cover
/tmp/epf-blog-image-html/blog_popcorn-ceiling-removal-cost-gta-2026-price-guide.html,/services/popcorn-ceiling-removal/3.webp,Finished smooth ceiling after popcorn ceiling removal in a GTA home,,,380,507,71046,False,,,h-48 w-full object-cover
/tmp/epf-blog-image-html/blog_popcorn-ceiling-removal-cost-gta-2026-price-guide.html,/services/popcorn-ceiling-removal/1.webp,Protected room setup before popcorn ceiling removal,,,428,571,134273,False,,,h-48 w-full object-cover
/tmp/epf-blog-image-html/blog_popcorn-ceiling-removal-cost-gta-2026-price-guide.html,/services/popcorn-ceiling-removal/2.webp,Ceiling skim coat after popcorn texture removal,,,380,507,96554,False,,,h-48 w-full object-cover
/tmp/epf-blog-image-html/blog_wallpaper-removal-toronto-guide.html,/logo.png,EPF Pro Services,,,200,56,16050,False,,,h-auto w-36 shrink-0 object-contain sm:w-44 md:w-48
/tmp/epf-blog-image-html/blog_wallpaper-removal-toronto-guide.html,/services/popcorn-ceiling-removal/1.webp,Popcorn ceiling removal project detail,,,428,571,134273,False,,,h-48 w-full object-cover
/tmp/epf-blog-image-html/blog_wallpaper-removal-toronto-guide.html,/services/popcorn-ceiling-removal/2.webp,Before and after ceiling smoothing,,,380,507,96554,False,,,h-48 w-full object-cover
/tmp/epf-blog-image-html/blog_wallpaper-removal-toronto-guide.html,/services/popcorn-ceiling-removal/3.webp,Ceiling primed and paint-ready,,,380,507,71046,False,,,h-48 w-full object-cover
/tmp/epf-blog-image-html/blog_drywall-repair-before-painting.html,/logo.png,EPF Pro Services,,,200,56,16050,False,,,h-auto w-36 shrink-0 object-contain sm:w-44 md:w-48
/tmp/epf-blog-image-html/blog_fix-bad-drywall-finishing-garage.html,/logo.png,EPF Pro Services,,,200,56,16050,False,,,h-auto w-36 shrink-0 object-contain sm:w-44 md:w-48
/tmp/epf-blog-image-html/blog_fix-bad-drywall-finishing-garage.html,/blog/fix-bad-drywall-finishing-garage-featured.webp,Unfinished garage wall with uneven compound ridges and visible fastener spots,1600,900,1536,1024,78846,False,,,h-auto w-full object-cover
/tmp/epf-blog-image-html/blog_fix-bad-drywall-finishing-garage.html,/blog/fix-bad-drywall-finishing-garage-featured.webp,Unfinished garage wall with uneven compound ridges and visible fastener spots,,,1536,1024,78846,False,,,h-48 w-full object-cover
/tmp/epf-blog-image-html/blog_fix-bad-drywall-finishing-garage.html,/blog/garage-drywall-finishing-levels-featured.webp,Empty garage with compound-finished wall and ceiling joints under side light,,,1536,1024,81020,False,,,h-48 w-full object-cover
/tmp/epf-blog-image-html/blog_fix-bad-drywall-finishing-garage.html,/blog/drywall-repair-vs-skimming-garage-walls-featured.webp,Broad skim-coat passes blending into a retained gray garage wall,,,1536,1024,96466,False,,,h-48 w-full object-cover
/tmp/epf-blog-image-html/blog_how-to-choose-drywall-repair-company-burlington.html,/logo.png,EPF Pro Services,,,200,56,16050,False,,,h-auto w-36 shrink-0 object-contain sm:w-44 md:w-48
/tmp/epf-blog-image-html/blog_how-to-choose-drywall-repair-company-burlington.html,/blog/choosing-drywall-repair-company-burlington-featured.png,Drywall repair company feathering compound on a protected wall in a Burlington home,,,1536,1024,2022745,False,,,mx-auto max-h-[520px] w-full bg-slate-100 object-contain p-4 md:p-6
/tmp/epf-blog-image-html/blog_how-to-choose-drywall-repair-company-burlington.html,/blog/choosing-drywall-repair-company-burlington-featured.png,Drywall repair company feathering compound on a protected wall in a Burlington home,,,1536,1024,2022745,False,,,h-48 w-full object-cover
/tmp/epf-blog-image-html/blog_how-to-choose-drywall-repair-company-burlington.html,/gallery/drywall-repair/drywall-repair-service00001.webp,Drywall patch repair compound applied around a damaged wall area,,,320,320,40781,False,,,h-48 w-full object-cover
/tmp/epf-blog-image-html/blog_how-to-choose-drywall-repair-company-burlington.html,/gallery/drywall-repair/drywall-repair-service00003.webp,Paint-ready drywall repair finish after sanding,,,240,320,29333,False,,,h-48 w-full object-cover
/tmp/epf-blog-image-html/blog_drywall-contractor-hamilton-guide.html,/logo.png,EPF Pro Services,,,200,56,16050,False,,,h-auto w-36 shrink-0 object-contain sm:w-44 md:w-48
/tmp/epf-blog-image-html/blog_drywall-contractor-hamilton-guide.html,/blog/drywall-contractor-hamilton-guide-featured.png,"Hamilton room with new drywall installation, protected floors, and taped seams before finishing.",1600,900,1672,941,2079114,False,,,h-auto w-full object-cover
/tmp/epf-blog-image-html/blog_drywall-contractor-hamilton-guide.html,/blog/drywall-contractor-hamilton-guide-featured.png,"Hamilton room with new drywall installation, protected floors, and taped seams before finishing.",,,1672,941,2079114,False,,,h-48 w-full object-cover
/tmp/epf-blog-image-html/blog_drywall-contractor-hamilton-guide.html,/gallery/drywall-installation/drywall-installation-hero.webp,Drywall board installation before taping and finishing,,,1529,900,454423,False,,,h-48 w-full object-cover
/tmp/epf-blog-image-html/blog_drywall-contractor-hamilton-guide.html,/gallery/drywall-repair/drywall-repair-service00003.webp,Drywall taping and compound work before sanding,,,240,320,29333,False,,,h-48 w-full object-cover
/tmp/epf-blog-image-html/blog_popcorn-ceiling-removal-burlington-local-guide.html,/logo.png,Popcorn ceiling removal EPF Pro Services,,,200,56,16050,False,,,w-auto h-14 md:h-16 object-contain
/tmp/epf-blog-image-html/blog_popcorn-ceiling-removal-burlington-local-guide.html,/blog/popcorn-ceiling-removal-burlington-local-guide-featured.png,Finished smooth ceiling after popcorn ceiling removal in a Burlington-style bright room,1600,900,1672,941,1685435,False,,,h-auto w-full object-cover
/tmp/epf-blog-image-html/blog_popcorn-ceiling-removal-burlington-local-guide.html,/blog/popcorn-ceiling-removal-burlington-local-guide-featured.png,Finished smooth ceiling after popcorn ceiling removal in a Burlington-style bright room,,,1672,941,1685435,False,,,h-48 w-full object-cover
/tmp/epf-blog-image-html/blog_popcorn-ceiling-removal-burlington-local-guide.html,/services/popcorn-ceiling-removal/1.webp,Protected Burlington room before popcorn ceiling removal,,,428,571,134273,False,,,h-48 w-full object-cover
/tmp/epf-blog-image-html/blog_popcorn-ceiling-removal-burlington-local-guide.html,/blog/hepa-sanding-containment-smooth-ceiling.png,HEPA dust control setup for Burlington popcorn ceiling removal,,,1672,941,1925997,False,,,h-48 w-full object-cover
/tmp/epf-blog-image-html/blog_popcorn-ceiling-removal-burlington-local-guide.html,/services/popcorn-ceiling-removal/3.webp,Smooth white ceiling after popcorn texture removal in Burlington,,,380,507,71046,False,,,h-48 w-full object-cover
/tmp/epf-blog-image-html/blog_ceiling-water-damage-drywall-repair-hamilton.html,/logo.png,EPF Pro Services,,,200,56,16050,False,,,h-auto w-36 shrink-0 object-contain sm:w-44 md:w-48
/tmp/epf-blog-image-html/blog_ceiling-water-damage-drywall-repair-hamilton.html,/blog/ceiling-water-damage-drywall-repair-hamilton-featured.png,Ceiling water damage drywall repair setup in a Hamilton-style home,1600,900,1672,941,1888179,False,,,h-auto w-full object-cover
/tmp/epf-blog-image-html/blog_ceiling-water-damage-drywall-repair-hamilton.html,/blog/ceiling-water-damage-drywall-repair-hamilton-featured.png,Ceiling water damage drywall repair setup in a Hamilton-style home,,,1672,941,1888179,False,,,h-48 w-full object-cover
/tmp/epf-blog-image-html/blog_ceiling-water-damage-drywall-repair-hamilton.html,/gallery/drywall-repair/drywall-repair-service00002.webp,Drywall repair area prepared before compound and sanding,,,320,320,32773,False,,,h-48 w-full object-cover
/tmp/epf-blog-image-html/blog_ceiling-water-damage-drywall-repair-hamilton.html,/gallery/drywall-repair/drywall-repair-service00003.webp,Smooth drywall compound finish before painting,,,240,320,29333,False,,,h-48 w-full object-cover
/tmp/epf-blog-image-html/blog_dustless-drywall-repair-mississauga.html,/logo.png,EPF Pro Services,,,200,56,16050,False,,,h-auto w-36 shrink-0 object-contain sm:w-44 md:w-48
/tmp/epf-blog-image-html/blog_dustless-drywall-repair-mississauga.html,/blog/dustless-drywall-repair-mississauga.png,Dustless Drywall Repair in Mississauga: Clean Wall & Ceiling Repairs With Proper Protection,,,1672,941,1871002,False,,,mx-auto max-h-[520px] w-full bg-slate-100 object-contain p-4 md:p-6
/tmp/epf-blog-image-html/blog_dustless-drywall-repair-mississauga.html,/gallery/drywall-repair/drywall-repair-service00001.webp,Mississauga drywall repair compound work on a wall patch,,,320,320,40781,False,,,h-48 w-full object-cover
/tmp/epf-blog-image-html/blog_dustless-drywall-repair-mississauga.html,/gallery/drywall-repair/drywall-repair-service00002.webp,Ceiling drywall repair after leak damage in Mississauga,,,320,320,32773,False,,,h-48 w-full object-cover
/tmp/epf-blog-image-html/blog_dustless-drywall-repair-mississauga.html,/gallery/drywall-repair/drywall-repair-service00003.webp,Paint-ready drywall repair finish after sanding and priming,,,240,320,29333,False,,,h-48 w-full object-cover
/tmp/epf-blog-image-html/blog_dust-control-renovation-gta.html,/logo.png,Popcorn ceiling removal EPF Pro Services,,,200,56,16050,False,,,w-auto h-14 md:h-16 object-contain
/tmp/epf-blog-image-html/blog_dust-control-renovation-gta.html,/services/popcorn-ceiling-removal/1.webp,Popcorn ceiling removal project detail,,,428,571,134273,False,,,h-48 w-full object-cover
/tmp/epf-blog-image-html/blog_dust-control-renovation-gta.html,/services/popcorn-ceiling-removal/2.webp,Before and after ceiling smoothing,,,380,507,96554,False,,,h-48 w-full object-cover
/tmp/epf-blog-image-html/blog_dust-control-renovation-gta.html,/services/popcorn-ceiling-removal/3.webp,Ceiling primed and paint-ready,,,380,507,71046,False,,,h-48 w-full object-cover
/tmp/epf-blog-image-html/blog_drywall-installation-mistakes-uneven-walls.html,/logo.png,EPF Pro Services,,,200,56,16050,False,,,h-auto w-36 shrink-0 object-contain sm:w-44 md:w-48
/tmp/epf-blog-image-html/blog_drywall-installation-mistakes-uneven-walls.html,/blog/drywall-installation00002.PNG,Drywall installation in progress before taping and finishing,,,1536,1024,2388265,False,,,mx-auto max-h-[520px] w-full bg-slate-100 object-contain p-4 md:p-6
/tmp/epf-blog-image-html/blog_drywall-installation-mistakes-uneven-walls.html,/gallery/drywall-installation/drywall-installation-hero.webp,Drywall board installed across walls and ceilings before finish work begins,,,1529,900,454423,False,,,w-full
/tmp/epf-blog-image-html/blog_drywall-installation-mistakes-uneven-walls.html,/blog/drywall-installation00002.PNG,Drywall installation in progress before taping and finishing,,,1536,1024,2388265,False,,,h-48 w-full object-cover
/tmp/epf-blog-image-html/blog_drywall-installation-mistakes-uneven-walls.html,/gallery/drywall-repair/drywall-repair-service00001.webp,Drywall seams taped and prepared for compound,,,320,320,40781,False,,,h-48 w-full object-cover
/tmp/epf-blog-image-html/blog_drywall-installation-mistakes-uneven-walls.html,/services/drywall/6.webp,Paint-ready drywall finish in a renovated room,,,640,427,344207,False,,,h-48 w-full object-cover
/tmp/epf-blog-image-html/blog_garage-drywall-repair-cost-factors.html,/logo.png,EPF Pro Services,,,200,56,16050,False,,,h-auto w-36 shrink-0 object-contain sm:w-44 md:w-48
/tmp/epf-blog-image-html/blog_garage-drywall-repair-cost-factors.html,/blog/garage-drywall-repair-cost-factors-featured.webp,Protected garage floor beneath several wall joint repairs and a ceiling patch,1600,900,1536,1024,98870,False,,,h-auto w-full object-cover
/tmp/epf-blog-image-html/blog_garage-drywall-repair-cost-factors.html,/blog/garage-drywall-repair-cost-factors-featured.webp,Protected garage floor beneath several wall joint repairs and a ceiling patch,,,1536,1024,98870,False,,,h-48 w-full object-cover
/tmp/epf-blog-image-html/blog_garage-drywall-repair-cost-factors.html,/blog/retape-or-replace-garage-drywall-featured.webp,Impact damage in a lower garage drywall panel with intact surrounding walls,,,1536,1024,91910,False,,,h-48 w-full object-cover
/tmp/epf-blog-image-html/blog_garage-drywall-repair-cost-factors.html,/blog/garage-drywall-repair-before-painting-featured.webp,Garage wall with prepared joints and spot-primed repairs above a protected floor,,,1536,1024,75772,False,,,h-48 w-full object-cover
/tmp/epf-blog-image-html/blog_painted-popcorn-stains-problem-ceilings-guide.html,/logo.png,Popcorn ceiling removal EPF Pro Services,,,200,56,16050,False,,,w-auto h-14 md:h-16 object-contain
/tmp/epf-blog-image-html/blog_painted-popcorn-stains-problem-ceilings-guide.html,/gallery/popcorn-ceiling-removal4.jpeg,"Painted Popcorn, Stains, and Problem Ceilings: What Homeowners Should Expect",,,565,640,143388,False,,,mx-auto max-h-[520px] w-full bg-slate-100 object-contain p-4 md:p-6
/tmp/epf-blog-image-html/blog_painted-popcorn-stains-problem-ceilings-guide.html,/services/popcorn-ceiling-removal/1.webp,Painted popcorn ceiling with water stains before removal,,,428,571,134273,False,,,h-48 w-full object-cover
/tmp/epf-blog-image-html/blog_painted-popcorn-stains-problem-ceilings-guide.html,/services/popcorn-ceiling-removal/2.webp,Ceiling crack repair during popcorn removal project,,,380,507,96554,False,,,h-48 w-full object-cover
/tmp/epf-blog-image-html/blog_painted-popcorn-stains-problem-ceilings-guide.html,/services/popcorn-ceiling-removal/3.webp,Smooth repaired ceiling after popcorn texture removal,,,380,507,71046,False,,,h-48 w-full object-cover
/tmp/epf-blog-image-html/blog_why-popcorn-ceiling-removal-needs-skim-coating-hamilton.html,/logo.png,Popcorn ceiling removal EPF Pro Services,,,200,56,16050,False,,,w-auto h-14 md:h-16 object-contain
/tmp/epf-blog-image-html/blog_why-popcorn-ceiling-removal-needs-skim-coating-hamilton.html,/blog/popcrorn-removal-smooth.png,Why popcorn ceiling removal needs skim coating in Hamilton,,,666,1364,1669369,False,,,mx-auto max-h-[520px] w-full bg-slate-100 object-contain p-4 md:p-6
/tmp/epf-blog-image-html/blog_why-popcorn-ceiling-removal-needs-skim-coating-hamilton.html,/blog/popcrorn-removal-smooth.png,Why popcorn ceiling removal needs skim coating in Hamilton,,,666,1364,1669369,False,,,h-48 w-full object-cover
/tmp/epf-blog-image-html/blog_why-popcorn-ceiling-removal-needs-skim-coating-hamilton.html,/gallery/PopcornCeilingRemoval/popcorn-ceiling-removal5.jpg,Hamilton ceiling smoothing after popcorn texture removal,,,500,667,228007,False,,,h-48 w-full object-cover
/tmp/epf-blog-image-html/blog_why-popcorn-ceiling-removal-needs-skim-coating-hamilton.html,/gallery/PopcornCeilingRemoval/popcorn-ceiling-removal9.jpg,Smooth finished ceiling after popcorn removal and skim coating in Hamilton,,,500,667,113877,False,,,h-48 w-full object-cover
/tmp/epf-blog-image-html/blog_what-should-drywall-repair-quote-include.html,/logo.png,EPF Pro Services,,,200,56,16050,False,,,h-auto w-36 shrink-0 object-contain sm:w-44 md:w-48
/tmp/epf-blog-image-html/blog_what-should-drywall-repair-quote-include.html,/blog/drywall-repair-quote-checklist-featured.png,Contractor reviewing a drywall repair quote beside a damaged wall in a protected Ontario home,1600,900,1536,1024,1962584,False,,,h-auto w-full object-cover
/tmp/epf-blog-image-html/blog_what-should-drywall-repair-quote-include.html,/blog/drywall-repair-quote-checklist-featured.png,Contractor reviewing a drywall repair quote beside a damaged wall in a protected Ontario home,,,1536,1024,1962584,False,,,h-48 w-full object-cover
/tmp/epf-blog-image-html/blog_what-should-drywall-repair-quote-include.html,/gallery/drywall-repair/drywall-repair-service00003.webp,Drywall compound feathered beyond a wall repair before sanding,,,240,320,29333,False,,,h-48 w-full object-cover
/tmp/epf-blog-image-html/blog_what-should-drywall-repair-quote-include.html,/gallery/drywall-repair/drywall-repair-service00004.webp,Smooth paint-ready drywall repair after primer inspection,,,240,320,35083,False,,,h-48 w-full object-cover
/tmp/epf-blog-image-html/blog_how-seasonal-humidity-and-temperature-changes-affect-drywall-burlington.html,/logo.png,EPF Pro Services,,,200,56,16050,False,,,h-auto w-36 shrink-0 object-contain sm:w-44 md:w-48
/tmp/epf-blog-image-html/blog_how-seasonal-humidity-and-temperature-changes-affect-drywall-burlington.html,/blog/drywall-repair00004.PNG,Drywall repair in Burlington after seasonal cracks and moisture damage,,,640,427,533042,False,,,mx-auto max-h-[520px] w-full bg-slate-100 object-contain p-4 md:p-6
/tmp/epf-blog-image-html/blog_how-seasonal-humidity-and-temperature-changes-affect-drywall-burlington.html,/gallery/drywall-repair/drywall-repair-service00001.webp,Smooth drywall repair surface in Burlington home after seasonal issues,,,320,320,40781,False,,,w-full
/tmp/epf-blog-image-html/blog_how-seasonal-humidity-and-temperature-changes-affect-drywall-burlington.html,/blog/drywall-repair00004.PNG,Drywall repair in Burlington after seasonal cracks and moisture damage,,,640,427,533042,False,,,h-48 w-full object-cover
/tmp/epf-blog-image-html/blog_how-seasonal-humidity-and-temperature-changes-affect-drywall-burlington.html,/gallery/drywall-repair/drywall-repair-service00002.webp,Ceiling drywall repair after humidity and condensation issues in Burlington,,,320,320,32773,False,,,h-48 w-full object-cover
/tmp/epf-blog-image-html/blog_how-seasonal-humidity-and-temperature-changes-affect-drywall-burlington.html,/gallery/drywall-repair/drywall-repair-service00003.webp,Paint-ready drywall repair in Burlington home,,,240,320,29333,False,,,h-48 w-full object-cover
/tmp/epf-blog-image-html/blog_mississauga-popcorn-ceiling-removal-homeowners-guide.html,/logo.png,Popcorn ceiling removal EPF Pro Services,,,200,56,16050,False,,,w-auto h-14 md:h-16 object-contain
/tmp/epf-blog-image-html/blog_mississauga-popcorn-ceiling-removal-homeowners-guide.html,/gallery/PopcornCeilingRemoval/popcorn-ceiling-removal1.jpg,HEPA dust-controlled popcorn ceiling removal in a Mississauga kitchen,,,500,667,116399,False,,,mx-auto max-h-[520px] w-full bg-slate-100 object-contain p-4 md:p-6
/tmp/epf-blog-image-html/blog_mississauga-popcorn-ceiling-removal-homeowners-guide.html,/gallery/PopcornCeilingRemoval/popcorn-ceiling-removal1.jpg,HEPA dust-controlled popcorn ceiling removal in a Mississauga kitchen,,,500,667,116399,False,,,h-48 w-full object-cover
/tmp/epf-blog-image-html/blog_mississauga-popcorn-ceiling-removal-homeowners-guide.html,/gallery/PopcornCeilingRemoval/popcorn-ceiling-removal5.jpg,Level 5 skim coating during a Mississauga popcorn ceiling resurfacing,,,500,667,228007,False,,,h-48 w-full object-cover
/tmp/epf-blog-image-html/blog_mississauga-popcorn-ceiling-removal-homeowners-guide.html,/gallery/PopcornCeilingRemoval/popcorn-ceiling-removal9.jpg,Finished smooth ceiling with pot lights in a Port Credit renovation,,,500,667,113877,False,,,h-48 w-full object-cover
/tmp/epf-blog-image-html/blog_popcorn-ceiling-removal-before-selling-oakville-home.html,/logo.png,Popcorn ceiling removal EPF Pro Services,,,200,56,16050,False,,,w-auto h-14 md:h-16 object-contain
/tmp/epf-blog-image-html/blog_popcorn-ceiling-removal-before-selling-oakville-home.html,/blog/popcorn-ceiling-removal-before-selling-oakville-home-featured.png,Finished smooth ceiling in a staged Oakville-style living room before selling.,1600,900,1754,896,2011155,False,,,h-auto w-full object-cover
/tmp/epf-blog-image-html/blog_popcorn-ceiling-removal-before-selling-oakville-home.html,/blog/popcorn-ceiling-removal-before-selling-oakville-home-featured.png,Finished smooth ceiling in a staged Oakville-style living room before selling.,,,1754,896,2011155,False,,,h-48 w-full object-cover
/tmp/epf-blog-image-html/blog_popcorn-ceiling-removal-before-selling-oakville-home.html,/services/popcorn-ceiling-removal/3.webp,Finished smooth ceiling after popcorn removal and primer.,,,380,507,71046,False,,,h-48 w-full object-cover
/tmp/epf-blog-image-html/blog_prepare-home-popcorn-ceiling-removal-oakville.html,/logo.png,Popcorn ceiling removal EPF Pro Services,,,200,56,16050,False,,,w-auto h-14 md:h-16 object-contain
/tmp/epf-blog-image-html/blog_prepare-home-popcorn-ceiling-removal-oakville.html,/blog/prepare-home-popcorn-ceiling-removal-oakville-featured.png,Oakville living room prepared with protected furniture before popcorn ceiling removal.,1600,900,1758,895,2110793,False,,,h-auto w-full object-cover
/tmp/epf-blog-image-html/blog_prepare-home-popcorn-ceiling-removal-oakville.html,/blog/prepare-home-popcorn-ceiling-removal-oakville-featured.png,Oakville living room prepared with protected furniture before popcorn ceiling removal.,,,1758,895,2110793,False,,,h-48 w-full object-cover
/tmp/epf-blog-image-html/blog_prepare-home-popcorn-ceiling-removal-oakville.html,/services/popcorn-ceiling-removal/1.webp,Protected room setup before popcorn ceiling removal.,,,428,571,134273,False,,,h-48 w-full object-cover
/tmp/epf-blog-image-html/blog_corner-bead-drywall-repair.html,/logo.png,EPF Pro Services,,,200,56,16050,False,,,h-auto w-36 shrink-0 object-contain sm:w-44 md:w-48
/tmp/epf-blog-image-html/blog_oakville-popcorn-ceiling-removal-before-after.html,/logo.png,Popcorn ceiling removal EPF Pro Services,,,200,56,16050,False,,,w-auto h-14 md:h-16 object-contain
/tmp/epf-blog-image-html/blog_oakville-popcorn-ceiling-removal-before-after.html,/gallery/popcornceilingremoval_4234.jpeg,EPF project example showing a smooth finished ceiling in an empty living area,565,640,565,640,50271,False,,,h-auto w-full object-cover
/tmp/epf-blog-image-html/blog_oakville-popcorn-ceiling-removal-before-after.html,/gallery/popcornceilingremoval_4240.jpeg,Popcorn ceiling texture above a room protected with wall sheeting,533,640,533,640,83886,False,,,h-auto w-full object-cover
/tmp/epf-blog-image-html/blog_oakville-popcorn-ceiling-removal-before-after.html,/gallery/popcorn-ceiling-removal4.jpeg,Vacuum-connected ceiling sander working across textured ceiling,565,640,565,640,143388,False,,,h-auto w-full object-cover
/tmp/epf-blog-image-html/blog_oakville-popcorn-ceiling-removal-before-after.html,/gallery/popcornceilingremoval_4232.jpeg,Contractor using a vacuum system beneath a finished hallway ceiling,480,640,480,640,68027,False,,,h-auto w-full object-cover
/tmp/epf-blog-image-html/blog_oakville-popcorn-ceiling-removal-before-after.html,/gallery/popcorn-ceiling-removal.jpeg,Contractor checking a skim-coated ceiling beside a staircase,480,640,480,640,75580,False,,,h-auto w-full object-cover
/tmp/epf-blog-image-html/blog_oakville-popcorn-ceiling-removal-before-after.html,/gallery/popcornceilingremoval_4241.jpeg,Smooth white ceiling finished around recessed lights,533,640,533,640,22963,False,,,h-auto w-full object-cover
/tmp/epf-blog-image-html/blog_oakville-popcorn-ceiling-removal-before-after.html,/gallery/popcornceilingremoval_4238.jpeg,Finished smooth ceiling with recessed lights and daylight from windows,640,640,640,640,46493,False,,,h-auto w-full object-cover
/tmp/epf-blog-image-html/blog_why-diy-stucco-ceiling-removal-goes-wrong.html,/logo.png,Popcorn ceiling removal EPF Pro Services,,,200,56,16050,False,,,w-auto h-14 md:h-16 object-contain
/tmp/epf-blog-image-html/blog_why-diy-stucco-ceiling-removal-goes-wrong.html,/blog/remove-popcorn-ceilings.PNG,DIY stucco ceiling removal project showing textured ceiling removal work in progress,,,427,640,587648,False,,,mx-auto max-h-[520px] w-full bg-slate-100 object-contain p-4 md:p-6
/tmp/epf-blog-image-html/blog_why-diy-stucco-ceiling-removal-goes-wrong.html,/blog/remove-popcorn-ceilings.PNG,DIY stucco ceiling removal project showing textured ceiling removal work in progress,,,427,640,587648,False,,,h-48 w-full object-cover
/tmp/epf-blog-image-html/blog_why-diy-stucco-ceiling-removal-goes-wrong.html,/services/popcorn-ceiling-removal/2.webp,Skim coat after popcorn ceiling removal,,,380,507,96554,False,,,h-48 w-full object-cover
/tmp/epf-blog-image-html/blog_why-diy-stucco-ceiling-removal-goes-wrong.html,/services/popcorn-ceiling-removal/3.webp,Finished smooth ceiling after professional popcorn ceiling removal,,,380,507,71046,False,,,h-48 w-full object-cover
/tmp/epf-blog-image-html/blog_popcorn-removal-oakville-cost-finish-guide.html,/logo.png,Popcorn ceiling removal EPF Pro Services,,,200,56,16050,False,,,w-auto h-14 md:h-16 object-contain
/tmp/epf-blog-image-html/blog_popcorn-removal-oakville-cost-finish-guide.html,/blog/popcorn-removal-oakville-cost-finish-guide-featured.png,Oakville popcorn ceiling removal setup with protected floors and a ceiling prepared for smooth finishing,1600,900,1672,941,2536889,False,,,h-auto w-full object-cover
/tmp/epf-blog-image-html/blog_popcorn-removal-oakville-cost-finish-guide.html,/blog/popcorn-removal-oakville-cost-finish-guide-featured.png,Oakville popcorn ceiling removal setup with protected floors and a ceiling prepared for smooth finishing,,,1672,941,2536889,False,,,h-48 w-full object-cover
/tmp/epf-blog-image-html/blog_drywall-installation-renovation-triggers-drop-ceiling-open-walls-lighting.html,/logo.png,EPF Pro Services,,,200,56,16050,False,,,h-auto w-36 shrink-0 object-contain sm:w-44 md:w-48
/tmp/epf-blog-image-html/blog_drywall-installation-renovation-triggers-drop-ceiling-open-walls-lighting.html,/gallery/drywall-installation/drywall-installation-hero.webp,"Renovation Triggers: Drywall Installation After Drop Ceilings, Open Walls, and New Lighting",,,1529,900,454423,False,,,mx-auto max-h-[520px] w-full bg-slate-100 object-contain p-4 md:p-6
/tmp/epf-blog-image-html/blog_drywall-installation-renovation-triggers-drop-ceiling-open-walls-lighting.html,/gallery/drywall-installation/drywall-installation-hero.webp,Drywall installation after drop ceiling removal,,,1529,900,454423,False,,,h-48 w-full object-cover
/tmp/epf-blog-image-html/blog_drywall-installation-renovation-triggers-drop-ceiling-open-walls-lighting.html,/gallery/drywall-repair/drywall-repair-service00003.webp,Drywall reinstallation after plumbing wall access,,,240,320,29333,False,,,h-48 w-full object-cover
/tmp/epf-blog-image-html/blog_drywall-installation-renovation-triggers-drop-ceiling-open-walls-lighting.html,/services/drywall/6.webp,Pot light drywall cutout repair and ceiling prep,,,640,427,344207,False,,,h-48 w-full object-cover
/tmp/epf-blog-image-html/blog_drywall-repair-before-selling-home.html,/logo.png,EPF Pro Services,,,200,56,16050,False,,,h-auto w-36 shrink-0 object-contain sm:w-44 md:w-48
/tmp/epf-blog-image-html/blog_garage-drywall-finishing-levels.html,/logo.png,EPF Pro Services,,,200,56,16050,False,,,h-auto w-36 shrink-0 object-contain sm:w-44 md:w-48
/tmp/epf-blog-image-html/blog_garage-drywall-finishing-levels.html,/blog/garage-drywall-finishing-levels-featured.webp,Empty garage with compound-finished wall and ceiling joints under side light,1600,900,1536,1024,81020,False,,,h-auto w-full object-cover
/tmp/epf-blog-image-html/blog_garage-drywall-finishing-levels.html,/blog/garage-drywall-finishing-levels-featured.webp,Empty garage with compound-finished wall and ceiling joints under side light,,,1536,1024,81020,False,,,h-48 w-full object-cover
/tmp/epf-blog-image-html/blog_garage-drywall-finishing-levels.html,/blog/fix-bad-drywall-finishing-garage-featured.webp,Unfinished garage wall with uneven compound ridges and visible fastener spots,,,1536,1024,78846,False,,,h-48 w-full object-cover
/tmp/epf-blog-image-html/blog_garage-drywall-finishing-levels.html,/blog/drywall-repair-vs-skimming-garage-walls-featured.webp,Broad skim-coat passes blending into a retained gray garage wall,,,1536,1024,96466,False,,,h-48 w-full object-cover
/tmp/epf-blog-image-html/blog_ceiling-leak-repairs-before-smooth-ceiling-finishing.html,/logo.png,EPF Pro Services,,,200,56,16050,False,,,h-auto w-36 shrink-0 object-contain sm:w-44 md:w-48
/tmp/epf-blog-image-html/blog_ceiling-leak-repairs-before-smooth-ceiling-finishing.html,/blog/ceiling-leak-repair-smooth-finish.png,Contractors repairing ceiling leak damage before smooth finishing,,,1672,941,2146692,False,,,mx-auto max-h-[520px] w-full bg-slate-100 object-contain p-4 md:p-6
/tmp/epf-blog-image-html/blog_ceiling-leak-repairs-before-smooth-ceiling-finishing.html,/blog/ceiling-leak-repair-smooth-finish.png,Contractors repairing ceiling leak damage before smooth finishing,,,1672,941,2146692,False,,,h-48 w-full object-cover
/tmp/epf-blog-image-html/blog_ceiling-leak-repairs-before-smooth-ceiling-finishing.html,/blog/hepa-sanding-containment-smooth-ceiling.png,HEPA sanding setup for ceiling finishing,,,1672,941,1925997,False,,,h-48 w-full object-cover
/tmp/epf-blog-image-html/blog_ceiling-leak-repairs-before-smooth-ceiling-finishing.html,/blog/water-damaged-drywall.PNG,Ceiling water damage after a leak,,,427,640,533376,False,,,h-48 w-full object-cover
/tmp/epf-blog-image-html/blog_when-popcorn-ceiling-removal-happens-during-renovation.html,/logo.png,Popcorn ceiling removal EPF Pro Services,,,200,56,16050,False,,,w-auto h-14 md:h-16 object-contain
/tmp/epf-blog-image-html/blog_when-popcorn-ceiling-removal-happens-during-renovation.html,/blog/popcorn-ceiling-removal-renovation-sequence-featured.jpg,Protected renovation room with popcorn ceiling preparation and recessed light openings planned before finishing,1600,900,1717,916,363009,False,,,h-auto w-full object-cover
/tmp/epf-blog-image-html/blog_when-popcorn-ceiling-removal-happens-during-renovation.html,/blog/popcorn-ceiling-removal-renovation-sequence-featured.jpg,Protected renovation room with popcorn ceiling preparation and recessed light openings planned before finishing,,,1717,916,363009,False,,,h-48 w-full object-cover
/tmp/epf-blog-image-html/blog_when-popcorn-ceiling-removal-happens-during-renovation.html,/blog/popcorn-ceiling-removal-timeline-homeowner-prep.png,Protected room prepared for popcorn ceiling removal before other finishes,,,1536,1024,2317491,False,,,h-48 w-full object-cover
/tmp/epf-blog-image-html/blog_when-popcorn-ceiling-removal-happens-during-renovation.html,/blog/painted-popcorn-ceiling-after-flat-finish.png,Completed smooth ceiling ready before final wall and trim work,,,1536,1024,2076632,False,,,h-48 w-full object-cover
/tmp/epf-blog-image-html/blog_basement-drywall-repair-milton.html,/logo.png,EPF Pro Services,,,200,56,16050,False,,,h-auto w-36 shrink-0 object-contain sm:w-44 md:w-48
/tmp/epf-blog-image-html/blog_basement-drywall-repair-milton.html,/gallery/drywall-repair/drywall-repair-service00005.webp,basement drywall repair Milton,,,148,320,25001,False,,,mx-auto max-h-[520px] w-full bg-slate-100 object-contain p-4 md:p-6
/tmp/epf-blog-image-html/blog_basement-drywall-repair-milton.html,/gallery/drywall-repair/drywall-repair-service00005.webp,basement drywall repair Milton,,,148,320,25001,False,,,h-48 w-full object-cover
/tmp/epf-blog-image-html/blog_basement-drywall-repair-milton.html,/gallery/drywall-repair/drywall-repair-service00004.webp,Milton basement ceiling drywall patch,,,240,320,35083,False,,,h-48 w-full object-cover
/tmp/epf-blog-image-html/blog_basement-drywall-repair-milton.html,/gallery/drywall-repair/drywall-repair-service00003.webp,smooth drywall finish after Milton basement repair,,,240,320,29333,False,,,h-48 w-full object-cover
/tmp/epf-blog-image-html/blog_basement-drywall-taping-mudding-burlington.html,/logo.png,EPF Pro Services,,,200,56,16050,False,,,h-auto w-36 shrink-0 object-contain sm:w-44 md:w-48
/tmp/epf-blog-image-html/blog_basement-drywall-taping-mudding-burlington.html,/blog/basement-drywall-taping-mudding-burlington-featured.webp,Protected basement walkway beside drywall walls with joint compound and a contained work area,1600,900,1536,1024,53508,False,,,h-auto w-full object-cover
/tmp/epf-blog-image-html/blog_basement-drywall-taping-mudding-burlington.html,/blog/drywall-contractor-basement-renovation-mississauga-featured.png,Illustrative basement with new drywall and several finishing transitions,768,432,1672,941,2011624,False,,,mb-4 aspect-video w-full rounded-lg object-cover
/tmp/epf-blog-image-html/blog_basement-drywall-taping-mudding-burlington.html,/blog/level-5-drywall-finishing-oakville-featured.png,Illustrative drywall surface preparation with protected flooring,768,432,1686,933,1782644,False,,,mb-4 aspect-video w-full rounded-lg object-cover
/tmp/epf-blog-image-html/blog_basement-drywall-taping-mudding-burlington.html,/blog/basement-drywall-taping-mudding-burlington-featured.webp,Protected basement walkway beside drywall walls with joint compound and a contained work area,,,1536,1024,53508,False,,,h-48 w-full object-cover
/tmp/epf-blog-image-html/blog_basement-drywall-taping-mudding-burlington.html,/blog/drywall-contractor-basement-renovation-mississauga-featured.png,"Illustrative basement with taped ceiling seams, a stair opening, and a long bulkhead",,,1672,941,2011624,False,,,h-48 w-full object-cover
/tmp/epf-blog-image-html/blog_basement-drywall-taping-mudding-burlington.html,/blog/level-5-drywall-finishing-oakville-featured.png,"Illustrative room with broad compound coats, protected flooring, and a drywall sanding tool",,,1686,933,1782644,False,,,h-48 w-full object-cover
